month,broker,ts_code,name
202101,中信建投,000001.SZ,平安银行
202101,中信建投,000002.SZ,万科A
202101,中信建投,000157.SZ,中联重科
202101,中信建投,000550.SZ,江铃汽车
202101,中信建投,000568.SZ,泸州老窖
202101,中信建投,002402.SZ,和而泰
202101,中信建投,002607.SZ,中公教育
202101,中信建投,002643.SZ,万润股份
202101,中信建投,002739.SZ,万达电影
202101,中信建投,300059.SZ,东方财富
202101,中信建投,300138.SZ,晨光生物
202101,中信建投,300299.SZ,富春股份
202101,中信建投,300750.SZ,宁德时代
202101,中信建投,300896.SZ,爱美客
202101,中信建投,600399.SH,ST抚钢
202101,中信建投,600416.SH,*ST湘电
202101,中信建投,600699.SH,均胜电子
202101,中信建投,601318.SH,中国平安
202101,中信建投,601636.SH,旗滨集团
202101,中信建投,601919.SH,中远海控
202101,中信建投,603313.SH,梦百合
202101,中信建投,603979.SH,金诚信
202101,中信建投,688111.SH,金山办公
202101,中国银河,000547.SZ,航天发展
202101,中国银河,000998.SZ,隆平高科
202101,中国银河,002126.SZ,银轮股份
202101,中国银河,300014.SZ,亿纬锂能
202101,中国银河,300122.SZ,智飞生物
202101,中国银河,601100.SH,恒立液压
202101,中国银河,601601.SH,中国太保
202101,中国银河,601899.SH,紫金矿业
202101,中国银河,603128.SH,华贸物流
202101,中国银河,603899.SH,晨光文具
202101,光大证券,000001.SZ,平安银行
202101,光大证券,000059.SZ,华锦股份
202101,光大证券,000547.SZ,航天发展
202101,光大证券,002466.SZ,天齐锂业
202101,光大证券,600161.SH,天坛生物
202101,光大证券,601888.SH,中国中免
202101,光大证券,603218.SH,日月股份
202101,华安证券,002304.SZ,洋河股份
202101,华安证券,002460.SZ,赣锋锂业
202101,华安证券,300699.SZ,光威复材
202101,华安证券,300760.SZ,迈瑞医疗
202101,华安证券,600176.SH,中国巨石
202101,华安证券,600309.SH,万华化学
202101,华安证券,601012.SH,隆基股份
202101,华安证券,601100.SH,恒立液压
202101,华安证券,603290.SH,斯达半导
202101,华安证券,603993.SH,洛阳钼业
202101,国信证券,000333.SZ,美的集团
202101,国信证券,000568.SZ,泸州老窖
202101,国信证券,000661.SZ,长春高新
202101,国信证券,000998.SZ,隆平高科
202101,国信证券,300413.SZ,芒果超媒
202101,国信证券,300628.SZ,亿联网络
202101,国信证券,600176.SH,中国巨石
202101,国信证券,601318.SH,中国平安
202101,国信证券,601899.SH,紫金矿业
202101,国元证券,002624.SZ,完美世界
202101,国元证券,002677.SZ,浙江美大
202101,国元证券,002833.SZ,弘亚数控
202101,国元证券,300502.SZ,新易盛
202101,国元证券,600763.SH,通策医疗
202101,国元证券,603906.SH,龙蟠科技
202101,国元证券,688023.SH,安恒信息
202101,国元证券,688396.SH,华润微
202101,国联证券,000100.SZ,TCL科技
202101,国联证券,000157.SZ,中联重科
202101,国联证券,002624.SZ,完美世界
202101,国联证券,300567.SZ,精测电子
202101,国联证券,600079.SH,人福医药
202101,国联证券,600496.SH,精工钢构
202101,国联证券,601688.SH,华泰证券
202101,国联证券,603313.SH,梦百合
202101,国联证券,603599.SH,广信股份
202101,国联证券,688129.SH,东来技术
202101,天风证券,000002.SZ,万科A
202101,天风证券,000063.SZ,中兴通讯
202101,天风证券,000568.SZ,泸州老窖
202101,天风证券,000625.SZ,长安汽车
202101,天风证券,000967.SZ,盈峰环境
202101,天风证券,000983.SZ,山西焦煤
202101,天风证券,000998.SZ,隆平高科
202101,天风证券,002191.SZ,劲嘉股份
202101,天风证券,002511.SZ,中顺洁柔
202101,天风证券,002555.SZ,三七互娱
202101,天风证券,002643.SZ,万润股份
202101,天风证券,002705.SZ,新宝股份
202101,天风证券,002745.SZ,木林森
202101,天风证券,002798.SZ,帝欧家居
202101,天风证券,002847.SZ,盐津铺子
202101,天风证券,300014.SZ,亿纬锂能
202101,天风证券,300122.SZ,智飞生物
202101,天风证券,300308.SZ,中际旭创
202101,天风证券,300413.SZ,芒果超媒
202101,天风证券,300450.SZ,先导智能
202101,天风证券,300454.SZ,深信服
202101,天风证券,300577.SZ,开润股份
202101,天风证券,300618.SZ,寒锐钴业
202101,天风证券,300638.SZ,广和通
202101,天风证券,300696.SZ,爱乐达
202101,天风证券,300725.SZ,药石科技
202101,天风证券,600031.SH,三一重工
202101,天风证券,600323.SH,瀚蓝环境
202101,天风证券,600436.SH,片仔癀
202101,天风证券,600600.SH,青岛啤酒
202101,天风证券,601012.SH,隆基股份
202101,天风证券,601166.SH,兴业银行
202101,天风证券,601601.SH,中国太保
202101,天风证券,601919.SH,中远海控
202101,天风证券,603113.SH,金能科技
202101,天风证券,603535.SH,嘉诚国际
202101,天风证券,603589.SH,口子窖
202101,太平洋证券,000063.SZ,中兴通讯
202101,太平洋证券,002747.SZ,埃斯顿
202101,太平洋证券,002756.SZ,永兴材料
202101,太平洋证券,300433.SZ,蓝思科技
202101,太平洋证券,300767.SZ,震安科技
202101,太平洋证券,600176.SH,中国巨石
202101,太平洋证券,600588.SH,用友网络
202101,太平洋证券,600809.SH,山西汾酒
202101,太平洋证券,601318.SH,中国平安
202101,太平洋证券,601908.SH,京运通
202101,川财证券,002013.SZ,中航机电
202101,川财证券,002272.SZ,川润股份
202101,川财证券,300438.SZ,鹏辉能源
202101,川财证券,300769.SZ,德方纳米
202101,川财证券,600038.SH,中直股份
202101,川财证券,600378.SH,昊华科技
202101,川财证券,600426.SH,华鲁恒升
202101,川财证券,600519.SH,贵州茅台
202101,川财证券,600887.SH,伊利股份
202101,川财证券,603131.SH,上海沪工
202101,开源证券,002064.SZ,华峰氨纶
202101,开源证券,002572.SZ,索菲亚
202101,开源证券,300035.SZ,中科电气
202101,开源证券,300677.SZ,英科医疗
202101,开源证券,600183.SH,生益科技
202101,开源证券,600346.SH,恒力石化
202101,开源证券,600426.SH,华鲁恒升
202101,开源证券,600985.SH,淮北矿业
202101,开源证券,600989.SH,宝丰能源
202101,开源证券,601601.SH,中国太保
202101,新时代证券,000661.SZ,长春高新
202101,新时代证券,002027.SZ,分众传媒
202101,新时代证券,002206.SZ,海利得
202101,新时代证券,002601.SZ,龙蟒佰利
202101,新时代证券,002607.SZ,中公教育
202101,新时代证券,300073.SZ,当升科技
202101,新时代证券,300568.SZ,星源材质
202101,新时代证券,600519.SH,贵州茅台
202101,新时代证券,600900.SH,长江电力
202101,新时代证券,601336.SH,新华保险
202101,新时代证券,603833.SH,欧派家居
202101,粤开证券,002008.SZ,大族激光
202101,粤开证券,002410.SZ,广联达
202101,粤开证券,002415.SZ,海康威视
202101,粤开证券,002475.SZ,立讯精密
202101,粤开证券,300015.SZ,爱尔眼科
202101,粤开证券,300059.SZ,东方财富
202101,粤开证券,300122.SZ,智飞生物
202101,粤开证券,300760.SZ,迈瑞医疗
202101,粤开证券,600887.SH,伊利股份
202101,粤开证券,601100.SH,恒立液压
202101,西南证券,000661.SZ,长春高新
202101,西南证券,000858.SZ,五粮液
202101,西南证券,002080.SZ,中材科技
202101,西南证券,300413.SZ,芒果超媒
202101,西南证券,600036.SH,招商银行
202101,西南证券,600598.SH,北大荒
202101,西南证券,601899.SH,紫金矿业
202101,西南证券,603019.SH,中科曙光
202101,西南证券,603259.SH,药明康德
202101,西南证券,603501.SH,韦尔股份
202101,西部证券,002739.SZ,万达电影
202101,西部证券,002850.SZ,科达利
202101,西部证券,002928.SZ,华夏航空
202101,西部证券,300014.SZ,亿纬锂能
202101,西部证券,300059.SZ,东方财富
202101,西部证券,600456.SH,宝钛股份
202101,西部证券,601168.SH,西部矿业
202101,西部证券,601633.SH,长城汽车
202101,西部证券,601995.SH,中金公司
202101,西部证券,603993.SH,洛阳钼业
202101,长城证券,000858.SZ,五粮液
202101,长城证券,002064.SZ,华峰氨纶
202101,长城证券,002182.SZ,云海金属
202101,长城证券,002294.SZ,信立泰
202101,长城证券,600009.SH,上海机场
202101,长城证券,601601.SH,中国太保
202101,长城证券,603218.SH,日月股份
202101,长城证券,603313.SH,梦百合
202101,长城证券,603596.SH,伯特利
202102,中信建投,000333.SZ,美的集团
202102,中信建投,000550.SZ,江铃汽车
202102,中信建投,000967.SZ,盈峰环境
202102,中信建投,002092.SZ,中泰化学
202102,中信建投,002138.SZ,顺络电子
202102,中信建投,002304.SZ,洋河股份
202102,中信建投,002444.SZ,巨星科技
202102,中信建投,002968.SZ,新大正
202102,中信建投,300059.SZ,东方财富
202102,中信建投,300750.SZ,宁德时代
202102,中信建投,300792.SZ,壹网壹创
202102,中信建投,600201.SH,生物股份
202102,中信建投,600399.SH,ST抚钢
202102,中信建投,600416.SH,*ST湘电
202102,中信建投,600699.SH,均胜电子
202102,中信建投,601577.SH,长沙银行
202102,中信建投,601636.SH,旗滨集团
202102,中信建投,601919.SH,中远海控
202102,中信建投,603533.SH,掌阅科技
202102,中信建投,603799.SH,华友钴业
202102,中信建投,603801.SH,志邦家居
202102,中信建投,603890.SH,春秋电子
202102,中国银河,000786.SZ,北新建材
202102,中国银河,002460.SZ,赣锋锂业
202102,中国银河,002648.SZ,卫星石化
202102,中国银河,300122.SZ,智飞生物
202102,中国银河,601100.SH,恒立液压
202102,中国银河,603128.SH,华贸物流
202102,中国银河,603712.SH,七一二
202102,中国银河,603806.SH,福斯特
202102,中国银河,603899.SH,晨光文具
202102,中泰证券,002008.SZ,大族激光
202102,中泰证券,002572.SZ,索菲亚
202102,中泰证券,300192.SZ,科德教育
202102,中泰证券,300327.SZ,中颖电子
202102,中泰证券,300896.SZ,爱美客
202102,中泰证券,600176.SH,中国巨石
202102,中泰证券,601166.SH,兴业银行
202102,中泰证券,603236.SH,移远通信
202102,中泰证券,603533.SH,掌阅科技
202102,中泰证券,603558.SH,健盛集团
202102,兴业证券,000786.SZ,北新建材
202102,兴业证券,002013.SZ,中航机电
202102,兴业证券,300408.SZ,三环集团
202102,兴业证券,300750.SZ,宁德时代
202102,兴业证券,300760.SZ,迈瑞医疗
202102,兴业证券,600309.SH,万华化学
202102,兴业证券,600660.SH,福耀玻璃
202102,兴业证券,601166.SH,兴业银行
202102,兴业证券,601888.SH,中国中免
202102,兴业证券,603517.SH,绝味食品
202102,华安证券,002230.SZ,科大讯飞
202102,华安证券,002236.SZ,大华股份
202102,华安证券,002271.SZ,东方雨虹
202102,华安证券,300285.SZ,国瓷材料
202102,华安证券,300760.SZ,迈瑞医疗
202102,华安证券,600036.SH,招商银行
202102,华安证券,600309.SH,万华化学
202102,华安证券,601012.SH,隆基股份
202102,华安证券,601100.SH,恒立液压
202102,华安证券,603290.SH,斯达半导
202102,华金证券,000568.SZ,泸州老窖
202102,华金证券,002139.SZ,拓邦股份
202102,华金证券,002311.SZ,海大集团
202102,华金证券,300347.SZ,泰格医药
202102,华金证券,601012.SH,隆基股份
202102,华金证券,601633.SH,长城汽车
202102,华金证券,601899.SH,紫金矿业
202102,华金证券,603113.SH,金能科技
202102,华金证券,603699.SH,纽威股份
202102,华金证券,688536.SH,思瑞浦
202102,国信证券,000333.SZ,美的集团
202102,国信证券,002025.SZ,航天电器
202102,国信证券,003022.SZ,联泓新科
202102,国信证券,300059.SZ,东方财富
202102,国信证券,600031.SH,三一重工
202102,国信证券,600176.SH,中国巨石
202102,国信证券,601888.SH,中国中免
202102,国信证券,601899.SH,紫金矿业
202102,国信证券,603899.SH,晨光文具
202102,国信证券,688116.SH,天奈科技
202102,国元证券,002677.SZ,浙江美大
202102,国元证券,300014.SZ,亿纬锂能
202102,国元证券,300502.SZ,新易盛
202102,国元证券,300613.SZ,富瀚微
202102,国元证券,603259.SH,药明康德
202102,国元证券,603338.SH,浙江鼎力
202102,国元证券,603444.SH,吉比特
202102,国元证券,603605.SH,珀莱雅
202102,国元证券,688561.SH,奇安信-U
202102,天风证券,000998.SZ,隆平高科
202102,天风证券,002191.SZ,劲嘉股份
202102,天风证券,002600.SZ,领益智造
202102,天风证券,002739.SZ,万达电影
202102,天风证券,002821.SZ,凯莱英
202102,天风证券,300308.SZ,中际旭创
202102,天风证券,600570.SH,恒生电子
202102,天风证券,600859.SH,王府井
202102,天风证券,603378.SH,亚士创能
202102,天风证券,603801.SH,志邦家居
202102,太平洋证券,002648.SZ,卫星石化
202102,太平洋证券,300587.SZ,天铁股份
202102,太平洋证券,300806.SZ,斯迪克
202102,太平洋证券,300888.SZ,稳健医疗
202102,太平洋证券,600031.SH,三一重工
202102,太平洋证券,600036.SH,招商银行
202102,太平洋证券,600176.SH,中国巨石
202102,太平洋证券,600588.SH,用友网络
202102,太平洋证券,601318.SH,中国平安
202102,太平洋证券,603236.SH,移远通信
202102,安信证券,000568.SZ,泸州老窖
202102,安信证券,002138.SZ,顺络电子
202102,安信证券,002216.SZ,三全食品
202102,安信证券,002402.SZ,和而泰
202102,安信证券,002677.SZ,浙江美大
202102,安信证券,300316.SZ,晶盛机电
202102,安信证券,600309.SH,万华化学
202102,安信证券,600754.SH,锦江酒店
202102,安信证券,603799.SH,华友钴业
202102,安信证券,688139.SH,海尔生物
202102,川财证券,002013.SZ,中航机电
202102,川财证券,002258.SZ,利尔化学
202102,川财证券,002272.SZ,川润股份
202102,川财证券,002624.SZ,完美世界
202102,川财证券,300750.SZ,宁德时代
202102,川财证券,600519.SH,贵州茅台
202102,川财证券,600887.SH,伊利股份
202102,川财证券,601318.SH,中国平安
202102,川财证券,601808.SH,中海油服
202102,川财证券,603131.SH,上海沪工
202102,开源证券,000858.SZ,五粮液
202102,开源证券,002605.SZ,姚记科技
202102,开源证券,002803.SZ,吉宏股份
202102,开源证券,002847.SZ,盐津铺子
202102,开源证券,300035.SZ,中科电气
202102,开源证券,300059.SZ,东方财富
202102,开源证券,300750.SZ,宁德时代
202102,开源证券,600309.SH,万华化学
202102,开源证券,600882.SH,妙可蓝多
202102,开源证券,600985.SH,淮北矿业
202102,开源证券,601601.SH,中国太保
202102,开源证券,603113.SH,金能科技
202102,开源证券,603187.SH,海容冷链
202102,开源证券,603505.SH,金石资源
202102,开源证券,603566.SH,普莱柯
202102,开源证券,603833.SH,欧派家居
202102,开源证券,688169.SH,石头科技
202102,浙商证券,000001.SZ,平安银行
202102,浙商证券,000858.SZ,五粮液
202102,浙商证券,002064.SZ,华峰化学
202102,浙商证券,300124.SZ,汇川技术
202102,浙商证券,300474.SZ,景嘉微
202102,浙商证券,300725.SZ,药石科技
202102,浙商证券,600004.SH,白云机场
202102,浙商证券,600111.SH,北方稀土
202102,浙商证券,601166.SH,兴业银行
202102,浙商证券,603185.SH,上机数控
202102,粤开证券,000157.SZ,中联重科
202102,粤开证券,002064.SZ,华峰化学
202102,粤开证券,002258.SZ,利尔化学
202102,粤开证券,002439.SZ,启明星辰
202102,粤开证券,600433.SH,冠豪高新
202102,粤开证券,600908.SH,无锡银行
202102,粤开证券,600970.SH,中材国际
202102,粤开证券,601611.SH,中国核建
202102,粤开证券,601888.SH,中国中免
202102,粤开证券,605136.SH,丽人丽妆
202102,西部证券,002230.SZ,科大讯飞
202102,西部证券,002460.SZ,赣锋锂业
202102,西部证券,002739.SZ,万达电影
202102,西部证券,002850.SZ,科达利
202102,西部证券,300014.SZ,亿纬锂能
202102,西部证券,300059.SZ,东方财富
202102,西部证券,300413.SZ,芒果超媒
202102,西部证券,601633.SH,长城汽车
202102,西部证券,603993.SH,洛阳钼业
202102,西部证券,688608.SH,恒玄科技
202102,长江证券,002714.SZ,牧原股份
202102,长江证券,002867.SZ,周大生
202102,长江证券,002928.SZ,华夏航空
202102,长江证券,300750.SZ,宁德时代
202102,长江证券,600690.SH,海尔智家
202102,长江证券,600845.SH,宝信软件
202102,长江证券,600966.SH,博汇纸业
202102,长江证券,600989.SH,宝丰能源
202102,长江证券,601166.SH,兴业银行
202102,长江证券,603799.SH,华友钴业
202103,东兴证券,000002.SZ,万科A
202103,东兴证券,000858.SZ,五粮液
202103,东兴证券,002225.SZ,濮耐股份
202103,东兴证券,002601.SZ,龙蟒佰利
202103,东兴证券,300122.SZ,智飞生物
202103,东兴证券,600201.SH,生物股份
202103,东兴证券,600323.SH,瀚蓝环境
202103,东兴证券,601899.SH,紫金矿业
202103,东兴证券,603444.SH,吉比特
202103,东吴证券,002027.SZ,分众传媒
202103,东吴证券,600010.SH,包钢股份
202103,东吴证券,600031.SH,三一重工
202103,东吴证券,600050.SH,中国联通
202103,东吴证券,600323.SH,瀚蓝环境
202103,东吴证券,601318.SH,中国平安
202103,东吴证券,601939.SH,建设银行
202103,东吴证券,603456.SH,九洲药业
202103,东吴证券,603599.SH,广信股份
202103,中信建投,000550.SZ,江铃汽车
202103,中信建投,000830.SZ,鲁西化工
202103,中信建投,002138.SZ,顺络电子
202103,中信建投,002221.SZ,东华能源
202103,中信建投,002299.SZ,圣农发展
202103,中信建投,002304.SZ,洋河股份
202103,中信建投,002402.SZ,和而泰
202103,中信建投,002612.SZ,朗姿股份
202103,中信建投,003032.SZ,传智教育
202103,中信建投,600048.SH,保利地产
202103,中信建投,600295.SH,鄂尔多斯
202103,中信建投,600399.SH,ST抚钢
202103,中信建投,600416.SH,*ST湘电
202103,中信建投,600817.SH,ST宏盛
202103,中信建投,601128.SH,常熟银行
202103,中信建投,601601.SH,中国太保
202103,中信建投,601636.SH,旗滨集团
202103,中信建投,601717.SH,郑煤机
202103,中信建投,601888.SH,中国中免
202103,中信建投,601908.SH,京运通
202103,中信建投,601919.SH,中远海控
202103,中信建投,603520.SH,司太立
202103,中信建投,603533.SH,掌阅科技
202103,中信建投,603890.SH,春秋电子
202103,中原证券,000998.SZ,隆平高科
202103,中原证券,600010.SH,包钢股份
202103,中原证券,600048.SH,保利地产
202103,中原证券,600703.SH,三安光电
202103,中原证券,600707.SH,彩虹股份
202103,中原证券,601607.SH,上海医药
202103,中原证券,601939.SH,建设银行
202103,中原证券,603136.SH,天目湖
202103,中原证券,603686.SH,龙马环卫
202103,中原证券,603993.SH,洛阳钼业
202103,中国银河,002648.SZ,卫星石化
202103,中国银河,600048.SH,保利地产
202103,中国银河,600519.SH,贵州茅台
202103,中国银河,600570.SH,恒生电子
202103,中国银河,601100.SH,恒立液压
202103,中国银河,601318.SH,中国平安
202103,中国银河,601636.SH,旗滨集团
202103,中国银河,601899.SH,紫金矿业
202103,中国银河,603267.SH,鸿远电子
202103,中国银河,603885.SH,吉祥航空
202103,中泰证券,000002.SZ,万科A
202103,中泰证券,000157.SZ,中联重科
202103,中泰证券,002254.SZ,泰和新材
202103,中泰证券,002925.SZ,盈趣科技
202103,中泰证券,003022.SZ,联泓新科
202103,中泰证券,003032.SZ,传智教育
202103,中泰证券,300383.SZ,光环新网
202103,中泰证券,600010.SH,包钢股份
202103,中泰证券,600519.SH,贵州茅台
202103,中银证券,000651.SZ,格力电器
202103,中银证券,002376.SZ,新北洋
202103,中银证券,300567.SZ,精测电子
202103,中银证券,600309.SH,万华化学
202103,中银证券,600741.SH,华域汽车
202103,中银证券,600801.SH,华新水泥
202103,中银证券,601012.SH,隆基股份
202103,中银证券,601166.SH,兴业银行
202103,中银证券,601601.SH,中国太保
202103,中银证券,603043.SH,广州酒家
202103,兴业证券,002179.SZ,中航光电
202103,兴业证券,300408.SZ,三环集团
202103,兴业证券,600309.SH,万华化学
202103,兴业证券,600383.SH,金地集团
202103,兴业证券,600690.SH,海尔智家
202103,兴业证券,600754.SH,锦江酒店
202103,兴业证券,601012.SH,隆基股份
202103,兴业证券,601166.SH,兴业银行
202103,兴业证券,603259.SH,药明康德
202103,兴业证券,603799.SH,华友钴业
202103,华安证券,002027.SZ,分众传媒
202103,华安证券,002230.SZ,科大讯飞
202103,华安证券,300124.SZ,汇川技术
202103,华安证券,300699.SZ,光威复材
202103,华安证券,300760.SZ,迈瑞医疗
202103,华安证券,600036.SH,招商银行
202103,华安证券,600048.SH,保利地产
202103,华安证券,600309.SH,万华化学
202103,华安证券,603290.SH,斯达半导
202103,华安证券,603899.SH,晨光文具
202103,华金证券,000050.SZ,深天马A
202103,华金证券,000951.SZ,中国重汽
202103,华金证券,002027.SZ,分众传媒
202103,华金证券,002139.SZ,拓邦股份
202103,华金证券,002311.SZ,海大集团
202103,华金证券,600031.SH,三一重工
202103,华金证券,600219.SH,南山铝业
202103,华金证券,600395.SH,盘江股份
202103,华金证券,601012.SH,隆基股份
202103,华金证券,601601.SH,中国太保
202103,国信证券,000333.SZ,美的集团
202103,国信证券,300012.SZ,华测检测
202103,国信证券,600048.SH,保利地产
202103,国信证券,600258.SH,首旅酒店
202103,国信证券,600309.SH,万华化学
202103,国信证券,600315.SH,上海家化
202103,国信证券,600519.SH,贵州茅台
202103,国信证券,601318.SH,中国平安
202103,国信证券,601636.SH,旗滨集团
202103,国元证券,002555.SZ,三七互娱
202103,国元证券,300308.SZ,中际旭创
202103,国元证券,300316.SZ,晶盛机电
202103,国元证券,300613.SZ,富瀚微
202103,国元证券,300685.SZ,艾德生物
202103,国元证券,600588.SH,用友网络
202103,国元证券,603444.SH,吉比特
202103,国海证券,000725.SZ,京东方A
202103,国海证券,002709.SZ,天赐材料
202103,国海证券,003022.SZ,联泓新科
202103,国海证券,300725.SZ,药石科技
202103,国海证券,600258.SH,首旅酒店
202103,国海证券,600309.SH,万华化学
202103,国海证券,600316.SH,洪都航空
202103,国海证券,600563.SH,法拉电子
202103,国海证券,603103.SH,横店影视
202103,国海证券,688003.SH,天准科技
202103,国盛证券,000002.SZ,万科A
202103,国盛证券,000703.SZ,恒逸石化
202103,国盛证券,000858.SZ,五粮液
202103,国盛证券,002049.SZ,紫光国微
202103,国盛证券,002081.SZ,金螳螂
202103,国盛证券,002142.SZ,宁波银行
202103,国盛证券,002415.SZ,海康威视
202103,国盛证券,600031.SH,三一重工
202103,国盛证券,600409.SH,三友化工
202103,国盛证券,600933.SH,爱柯迪
202103,国盛证券,600970.SH,中材国际
202103,国盛证券,601012.SH,隆基股份
202103,国盛证券,601601.SH,中国太保
202103,国盛证券,603113.SH,金能科技
202103,国联证券,000598.SZ,兴蓉环境
202103,国联证券,000800.SZ,一汽解放
202103,国联证券,002531.SZ,天顺风能
202103,国联证券,300610.SZ,晨化股份
202103,国联证券,600153.SH,建发股份
202103,国联证券,600496.SH,精工钢构
202103,国联证券,601965.SH,中国汽研
202103,国联证券,688007.SH,光峰科技
202103,国联证券,688129.SH,东来技术
202103,国金证券,000002.SZ,万科A
202103,国金证券,000786.SZ,北新建材
202103,国金证券,002989.SZ,中天精装
202103,国金证券,600295.SH,鄂尔多斯
202103,国金证券,600586.SH,金晶科技
202103,国金证券,601012.SH,隆基股份
202103,国金证券,601233.SH,桐昆股份
202103,国金证券,603599.SH,广信股份
202103,国金证券,603733.SH,仙鹤股份
202103,天风证券,000063.SZ,中兴通讯
202103,天风证券,000066.SZ,中国长城
202103,天风证券,000568.SZ,泸州老窖
202103,天风证券,000807.SZ,云铝股份
202103,天风证券,002139.SZ,拓邦股份
202103,天风证券,002191.SZ,劲嘉股份
202103,天风证券,002493.SZ,荣盛石化
202103,天风证券,002541.SZ,鸿路钢构
202103,天风证券,002600.SZ,领益智造
202103,天风证券,002727.SZ,一心堂
202103,天风证券,300454.SZ,深信服
202103,天风证券,300750.SZ,宁德时代
202103,天风证券,600201.SH,生物股份
202103,天风证券,600323.SH,瀚蓝环境
202103,天风证券,600600.SH,青岛啤酒
202103,天风证券,600760.SH,中航沈飞
202103,天风证券,600859.SH,王府井
202103,天风证券,601100.SH,恒立液压
202103,天风证券,601208.SH,东材科技
202103,天风证券,601225.SH,陕西煤业
202103,天风证券,601636.SH,旗滨集团
202103,天风证券,601658.SH,邮储银行
202103,天风证券,603018.SH,华设集团
202103,天风证券,603035.SH,常熟汽饰
202103,天风证券,603129.SH,春风动力
202103,天风证券,603317.SH,天味食品
202103,天风证券,603378.SH,亚士创能
202103,天风证券,603568.SH,伟明环保
202103,天风证券,603730.SH,岱美股份
202103,太平洋证券,002123.SZ,梦网科技
202103,太平洋证券,002648.SZ,卫星石化
202103,太平洋证券,300433.SZ,蓝思科技
202103,太平洋证券,300587.SZ,天铁股份
202103,太平洋证券,600997.SH,开滦股份
202103,太平洋证券,601318.SH,中国平安
202103,太平洋证券,601636.SH,旗滨集团
202103,太平洋证券,601658.SH,邮储银行
202103,太平洋证券,603156.SH,养元饮品
202103,安信证券,000338.SZ,潍柴动力
202103,安信证券,000967.SZ,盈峰环境
202103,安信证券,002025.SZ,航天电器
202103,安信证券,600570.SH,恒生电子
202103,安信证券,601012.SH,隆基股份
202103,安信证券,601166.SH,兴业银行
202103,安信证券,601888.SH,中国中免
202103,安信证券,601898.SH,中煤能源
202103,安信证券,603260.SH,合盛硅业
202103,安信证券,605111.SH,新洁能
202103,山西证券,000338.SZ,潍柴动力
202103,山西证券,000983.SZ,山西焦煤
202103,山西证券,001979.SZ,招商蛇口
202103,山西证券,002352.SZ,顺丰控股
202103,山西证券,002555.SZ,三七互娱
202103,山西证券,300450.SZ,先导智能
202103,山西证券,600567.SH,山鹰国际
202103,山西证券,601318.SH,中国平安
202103,山西证券,601838.SH,成都银行
202103,山西证券,603214.SH,爱婴室
202103,川财证券,002013.SZ,中航机电
202103,川财证券,002240.SZ,盛新锂能
202103,川财证券,002245.SZ,蔚蓝锂芯
202103,川财证券,002272.SZ,川润股份
202103,川财证券,300432.SZ,富临精工
202103,川财证券,600028.SH,中国石化
202103,川财证券,600519.SH,贵州茅台
202103,川财证券,600968.SH,海油发展
202103,川财证券,601899.SH,紫金矿业
202103,川财证券,603131.SH,上海沪工
202103,平安证券,000002.SZ,万科A
202103,平安证券,000338.SZ,潍柴动力
202103,平安证券,002352.SZ,顺丰控股
202103,平安证券,002487.SZ,大金重工
202103,平安证券,300699.SZ,光威复材
202103,平安证券,600031.SH,三一重工
202103,平安证券,600519.SH,贵州茅台
202103,平安证券,600810.SH,神马股份
202103,平安证券,601166.SH,兴业银行
202103,平安证券,601601.SH,中国太保
202103,开源证券,002714.SZ,牧原股份
202103,开源证券,002847.SZ,盐津铺子
202103,开源证券,002960.SZ,青鸟消防
202103,开源证券,600048.SH,保利地产
202103,开源证券,600309.SH,万华化学
202103,开源证券,600409.SH,三友化工
202103,开源证券,601233.SH,桐昆股份
202103,开源证券,601601.SH,中国太保
202103,开源证券,603113.SH,金能科技
202103,开源证券,603187.SH,海容冷链
202103,新时代证券,002078.SZ,太阳纸业
202103,新时代证券,002206.SZ,海利得
202103,新时代证券,002601.SZ,龙蟒佰利
202103,新时代证券,002747.SZ,埃斯顿
202103,新时代证券,300623.SZ,捷捷微电
202103,新时代证券,300750.SZ,宁德时代
202103,新时代证券,600519.SH,贵州茅台
202103,新时代证券,601336.SH,新华保险
202103,新时代证券,603533.SH,掌阅科技
202103,方正证券,002027.SZ,分众传媒
202103,方正证券,002142.SZ,宁波银行
202103,方正证券,300568.SZ,星源材质
202103,方正证券,600309.SH,万华化学
202103,方正证券,600585.SH,海螺水泥
202103,方正证券,600745.SH,闻泰科技
202103,方正证券,601318.SH,中国平安
202103,方正证券,603267.SH,鸿远电子
202103,方正证券,603885.SH,吉祥航空
202103,浙商证券,000488.SZ,晨鸣纸业
202103,浙商证券,000932.SZ,华菱钢铁
202103,浙商证券,300124.SZ,汇川技术
202103,浙商证券,300474.SZ,景嘉微
202103,浙商证券,600029.SH,南方航空
202103,浙商证券,600350.SH,山东高速
202103,浙商证券,600460.SH,士兰微
202103,浙商证券,600893.SH,航发动力
202103,浙商证券,601166.SH,兴业银行
202103,浙商证券,601233.SH,桐昆股份
202103,粤开证券,002081.SZ,金螳螂
202103,粤开证券,002139.SZ,拓邦股份
202103,粤开证券,002158.SZ,汉钟精机
202103,粤开证券,300122.SZ,智飞生物
202103,粤开证券,600703.SH,三安光电
202103,粤开证券,600760.SH,中航沈飞
202103,粤开证券,601318.SH,中国平安
202103,粤开证券,601636.SH,旗滨集团
202103,粤开证券,603686.SH,龙马环卫
202103,粤开证券,603737.SH,三棵树
202103,西南证券,000001.SZ,平安银行
202103,西南证券,000651.SZ,格力电器
202103,西南证券,002352.SZ,顺丰控股
202103,西南证券,002749.SZ,国光股份
202103,西南证券,300119.SZ,瑞普生物
202103,西南证券,300413.SZ,芒果超媒
202103,西南证券,300502.SZ,新易盛
202103,西南证券,300601.SZ,康泰生物
202103,西南证券,603986.SH,兆易创新
202103,西南证券,688122.SH,西部超导
202103,西部证券,002402.SZ,和而泰
202103,西部证券,002460.SZ,赣锋锂业
202103,西部证券,002928.SZ,华夏航空
202103,西部证券,300059.SZ,东方财富
202103,西部证券,600754.SH,锦江酒店
202103,西部证券,601058.SH,赛轮轮胎
202103,西部证券,601899.SH,紫金矿业
202103,西部证券,601963.SH,重庆银行
202103,西部证券,603993.SH,洛阳钼业
202103,西部证券,688408.SH,中信博
202104,东兴证券,300122.SZ,智飞生物
202104,东兴证券,300196.SZ,长海股份
202104,东兴证券,600323.SH,瀚蓝环境
202104,东兴证券,600900.SH,长江电力
202104,东兴证券,601238.SH,广汽集团
202104,东兴证券,601658.SH,邮储银行
202104,东兴证券,601899.SH,紫金矿业
202104,东兴证券,603060.SH,国检集团
202104,东兴证券,688526.SH,科前生物
202104,东吴证券,002960.SZ,青鸟消防
202104,东吴证券,300379.SZ,东方通
202104,东吴证券,300750.SZ,宁德时代
202104,东吴证券,300751.SZ,迈为股份
202104,东吴证券,600031.SH,三一重工
202104,东吴证券,600050.SH,中国联通
202104,东吴证券,600309.SH,万华化学
202104,东吴证券,600323.SH,瀚蓝环境
202104,东吴证券,601995.SH,中金公司
202104,中信建投,000550.SZ,江铃汽车
202104,中信建投,000830.SZ,鲁西化工
202104,中信建投,001914.SZ,招商积余
202104,中信建投,002078.SZ,太阳纸业
202104,中信建投,002230.SZ,科大讯飞
202104,中信建投,002415.SZ,海康威视
202104,中信建投,002444.SZ,巨星科技
202104,中信建投,002612.SZ,朗姿股份
202104,中信建投,003032.SZ,传智教育
202104,中信建投,300347.SZ,泰格医药
202104,中信建投,300413.SZ,芒果超媒
202104,中信建投,600176.SH,中国巨石
202104,中信建投,600258.SH,首旅酒店
202104,中信建投,600295.SH,鄂尔多斯
202104,中信建投,600399.SH,ST抚钢
202104,中信建投,600416.SH,湘电股份
202104,中信建投,600483.SH,福能股份
202104,中信建投,601658.SH,邮储银行
202104,中信建投,601677.SH,明泰铝业
202104,中信建投,601908.SH,京运通
202104,中信建投,601919.SH,中远海控
202104,中信建投,601995.SH,中金公司
202104,中信建投,688665.SH,四方光电
202104,中信建投,688696.SH,极米科技
202104,中原证券,000026.SZ,飞亚达
202104,中原证券,000528.SZ,柳工
202104,中原证券,000717.SZ,韶钢松山
202104,中原证券,000910.SZ,大亚圣象
202104,中原证券,300627.SZ,华测导航
202104,中原证券,600023.SH,浙能电力
202104,中原证券,600392.SH,盛和资源
202104,中原证券,600863.SH,内蒙华电
202104,中原证券,601636.SH,旗滨集团
202104,中原证券,601939.SH,建设银行
202104,中国银河,000708.SZ,中信特钢
202104,中国银河,002648.SZ,卫星石化
202104,中国银河,300073.SZ,当升科技
202104,中国银河,300316.SZ,晶盛机电
202104,中国银河,300363.SZ,博腾股份
202104,中国银河,600176.SH,中国巨石
202104,中国银河,600323.SH,瀚蓝环境
202104,中国银河,600519.SH,贵州茅台
202104,中国银河,601899.SH,紫金矿业
202104,中国银河,603565.SH,中谷物流
202104,中银证券,000157.SZ,中联重科
202104,中银证券,002126.SZ,银轮股份
202104,中银证券,002250.SZ,联化科技
202104,中银证券,300036.SZ,超图软件
202104,中银证券,300750.SZ,宁德时代
202104,中银证券,600519.SH,贵州茅台
202104,中银证券,600801.SH,华新水泥
202104,中银证券,601577.SH,长沙银行
202104,中银证券,601888.SH,中国中免
202104,光大证券,000932.SZ,华菱钢铁
202104,光大证券,002353.SZ,杰瑞股份
202104,光大证券,300363.SZ,博腾股份
202104,光大证券,600176.SH,中国巨石
202104,光大证券,600309.SH,万华化学
202104,光大证券,600612.SH,老凤祥
202104,光大证券,601100.SH,恒立液压
202104,光大证券,601111.SH,中国国航
202104,光大证券,603300.SH,华铁应急
202104,光大证券,603816.SH,顾家家居
202104,兴业证券,002049.SZ,紫光国微
202104,兴业证券,300408.SZ,三环集团
202104,兴业证券,600426.SH,华鲁恒升
202104,兴业证券,600660.SH,福耀玻璃
202104,兴业证券,600690.SH,海尔智家
202104,兴业证券,600754.SH,锦江酒店
202104,兴业证券,601088.SH,中国神华
202104,兴业证券,601166.SH,兴业银行
202104,兴业证券,603259.SH,药明康德
202104,兴业证券,603369.SH,今世缘
202104,华安证券,000933.SZ,神火股份
202104,华安证券,002230.SZ,科大讯飞
202104,华安证券,002271.SZ,东方雨虹
202104,华安证券,600036.SH,招商银行
202104,华安证券,600309.SH,万华化学
202104,华安证券,600499.SH,科达制造
202104,华安证券,603337.SH,杰克股份
202104,华安证券,603816.SH,顾家家居
202104,华安证券,688396.SH,华润微
202104,华金证券,000807.SZ,云铝股份
202104,华金证券,002311.SZ,海大集团
202104,华金证券,002484.SZ,江海股份
202104,华金证券,002563.SZ,森马服饰
202104,华金证券,300190.SZ,维尔利
202104,华金证券,300638.SZ,广和通
202104,华金证券,600031.SH,三一重工
202104,华金证券,600323.SH,瀚蓝环境
202104,华金证券,600887.SH,伊利股份
202104,华金证券,688598.SH,金博股份
202104,国信证券,002714.SZ,牧原股份
202104,国信证券,002756.SZ,永兴材料
202104,国信证券,300144.SZ,宋城演艺
202104,国信证券,300628.SZ,亿联网络
202104,国信证券,600176.SH,中国巨石
202104,国信证券,601128.SH,常熟银行
202104,国信证券,601186.SH,中国铁建
202104,国信证券,601318.SH,中国平安
202104,国信证券,688208.SH,道通科技
202104,国元证券,300638.SZ,广和通
202104,国元证券,300685.SZ,艾德生物
202104,国元证券,601100.SH,恒立液压
202104,国元证券,603906.SH,龙蟠科技
202104,国元证券,688111.SH,金山办公
202104,国元证券,688396.SH,华润微
202104,国盛证券,000596.SZ,古井贡酒
202104,国盛证券,000703.SZ,恒逸石化
202104,国盛证券,000733.SZ,振华科技
202104,国盛证券,002142.SZ,宁波银行
202104,国盛证券,002212.SZ,天融信
202104,国盛证券,002415.SZ,海康威视
202104,国盛证券,002497.SZ,雅化集团
202104,国盛证券,600323.SH,瀚蓝环境
202104,国盛证券,600409.SH,三友化工
202104,国盛证券,603338.SH,浙江鼎力
202104,国联证券,000100.SZ,TCL科技
202104,国联证券,000636.SZ,风华高科
202104,国联证券,000800.SZ,一汽解放
202104,国联证券,002245.SZ,蔚蓝锂芯
202104,国联证券,002291.SZ,星期六
202104,国联证券,300610.SZ,晨化股份
202104,国联证券,600079.SH,人福医药
202104,国联证券,600496.SH,精工钢构
202104,国联证券,601965.SH,中国汽研
202104,国联证券,603599.SH,广信股份
202104,国金证券,000002.SZ,万科A
202104,国金证券,000807.SZ,云铝股份
202104,国金证券,000825.SZ,太钢不锈
202104,国金证券,002989.SZ,中天精装
202104,国金证券,300132.SZ,青松股份
202104,国金证券,600586.SH,金晶科技
202104,国金证券,600801.SH,华新水泥
202104,国金证券,601233.SH,桐昆股份
202104,国金证券,603733.SH,仙鹤股份
202104,天风证券,000516.SZ,国际医学
202104,天风证券,002493.SZ,荣盛石化
202104,天风证券,002511.SZ,中顺洁柔
202104,天风证券,002968.SZ,新大正
202104,天风证券,300454.SZ,深信服
202104,天风证券,600674.SH,川投能源
202104,天风证券,600702.SH,ST舍得
202104,天风证券,603378.SH,亚士创能
202104,天风证券,688667.SH,菱电电控
202104,太平洋证券,000661.SZ,长春高新
202104,太平洋证券,000858.SZ,五粮液
202104,太平洋证券,300767.SZ,震安科技
202104,太平洋证券,300957.SZ,贝泰妮
202104,太平洋证券,600522.SH,中天科技
202104,太平洋证券,600745.SH,闻泰科技
202104,太平洋证券,600765.SH,中航重机
202104,太平洋证券,600782.SH,新钢股份
202104,太平洋证券,601636.SH,旗滨集团
202104,太平洋证券,688083.SH,中望软件
202104,安信证券,000651.SZ,格力电器
202104,安信证券,002867.SZ,周大生
202104,安信证券,300379.SZ,东方通
202104,安信证券,300548.SZ,博创科技
202104,安信证券,600188.SH,兖州煤业
202104,安信证券,600502.SH,安徽建工
202104,安信证券,600817.SH,ST宏盛
202104,安信证券,601398.SH,工商银行
202104,安信证券,601898.SH,中煤能源
202104,安信证券,603833.SH,欧派家居
202104,山西证券,000338.SZ,潍柴动力
202104,山西证券,000651.SZ,格力电器
202104,山西证券,002643.SZ,万润股份
202104,山西证券,300059.SZ,东方财富
202104,山西证券,300122.SZ,智飞生物
202104,山西证券,601012.SH,隆基股份
202104,山西证券,601100.SH,恒立液压
202104,山西证券,601138.SH,工业富联
202104,山西证券,601838.SH,成都银行
202104,山西证券,601888.SH,中国中免
202104,川财证券,000858.SZ,五粮液
202104,川财证券,002013.SZ,中航机电
202104,川财证券,002245.SZ,蔚蓝锂芯
202104,川财证券,300144.SZ,宋城演艺
202104,川财证券,600519.SH,贵州茅台
202104,川财证券,600968.SH,海油发展
202104,川财证券,601808.SH,中海油服
202104,川财证券,603131.SH,上海沪工
202104,川财证券,688005.SH,容百科技
202104,川财证券,688063.SH,派能科技
202104,平安证券,002158.SZ,汉钟精机
202104,平安证券,002487.SZ,大金重工
202104,平安证券,300705.SZ,九典制药
202104,平安证券,300751.SZ,迈为股份
202104,平安证券,600031.SH,三一重工
202104,平安证券,600115.SH,东方航空
202104,平安证券,600519.SH,贵州茅台
202104,平安证券,600741.SH,华域汽车
202104,平安证券,601166.SH,兴业银行
202104,平安证券,601985.SH,中国核电
202104,开源证券,002221.SZ,东华能源
202104,开源证券,002714.SZ,牧原股份
202104,开源证券,002847.SZ,盐津铺子
202104,开源证券,300316.SZ,晶盛机电
202104,开源证券,300568.SZ,星源材质
202104,开源证券,300806.SZ,斯迪克
202104,开源证券,601088.SH,中国神华
202104,开源证券,603187.SH,海容冷链
202104,开源证券,603516.SH,淳中科技
202104,开源证券,688208.SH,道通科技
202104,新时代证券,002027.SZ,分众传媒
202104,新时代证券,002078.SZ,太阳纸业
202104,新时代证券,002206.SZ,海利得
202104,新时代证券,002250.SZ,联化科技
202104,新时代证券,002555.SZ,三七互娱
202104,新时代证券,002747.SZ,埃斯顿
202104,新时代证券,300144.SZ,宋城演艺
202104,新时代证券,300750.SZ,宁德时代
202104,新时代证券,600519.SH,贵州茅台
202104,新时代证券,600563.SH,法拉电子
202104,新时代证券,601888.SH,中国中免
202104,方正证券,000725.SZ,京东方A
202104,方正证券,000739.SZ,普洛药业
202104,方正证券,300012.SZ,华测检测
202104,方正证券,600309.SH,万华化学
202104,方正证券,600970.SH,中材国际
202104,方正证券,601398.SH,工商银行
202104,方正证券,603885.SH,吉祥航空
202104,方正证券,603906.SH,龙蟠科技
202104,方正证券,688169.SH,石头科技
202104,浙商证券,000001.SZ,平安银行
202104,浙商证券,000425.SZ,徐工机械
202104,浙商证券,000932.SZ,华菱钢铁
202104,浙商证券,001965.SZ,招商公路
202104,浙商证券,002315.SZ,焦点科技
202104,浙商证券,300454.SZ,深信服
202104,浙商证券,300474.SZ,景嘉微
202104,浙商证券,600009.SH,上海机场
202104,浙商证券,603198.SH,迎驾贡酒
202104,浙商证券,603259.SH,药明康德
202104,粤开证券,000550.SZ,江铃汽车
202104,粤开证券,000568.SZ,泸州老窖
202104,粤开证券,002050.SZ,三花智控
202104,粤开证券,300558.SZ,贝达药业
202104,粤开证券,600900.SH,长江电力
202104,粤开证券,601012.SH,隆基股份
202104,粤开证券,601117.SH,中国化学
202104,粤开证券,601128.SH,常熟银行
202104,粤开证券,601555.SH,东吴证券
202104,粤开证券,603686.SH,龙马环卫
202104,西南证券,000001.SZ,平安银行
202104,西南证券,002043.SZ,兔宝宝
202104,西南证券,002080.SZ,中材科技
202104,西南证券,002245.SZ,蔚蓝锂芯
202104,西南证券,300502.SZ,新易盛
202104,西南证券,300601.SZ,康泰生物
202104,西南证券,603208.SH,江山欧派
202104,西南证券,603986.SH,兆易创新
202104,西南证券,688111.SH,金山办公
202104,西南证券,688122.SH,西部超导
202105,东兴证券,002304.SZ,洋河股份
202105,东兴证券,003816.SZ,中国广核
202105,东兴证券,300122.SZ,智飞生物
202105,东兴证券,300196.SZ,长海股份
202105,东兴证券,601238.SH,广汽集团
202105,东兴证券,601899.SH,紫金矿业
202105,东兴证券,603659.SH,璞泰来
202105,东兴证券,688396.SH,华润微
202105,东吴证券,002960.SZ,青鸟消防
202105,东吴证券,300122.SZ,智飞生物
202105,东吴证券,300124.SZ,汇川技术
202105,东吴证券,300750.SZ,宁德时代
202105,东吴证券,300751.SZ,迈为股份
202105,东吴证券,600036.SH,招商银行
202105,东吴证券,600588.SH,用友网络
202105,东吴证券,600817.SH,宏盛科技
202105,东吴证券,603259.SH,药明康德
202105,东吴证券,688006.SH,杭可科技
202105,中信建投,000001.SZ,平安银行
202105,中信建投,000301.SZ,东方盛虹
202105,中信建投,000425.SZ,徐工机械
202105,中信建投,000568.SZ,泸州老窖
202105,中信建投,000625.SZ,长安汽车
202105,中信建投,001914.SZ,招商积余
202105,中信建投,002138.SZ,顺络电子
202105,中信建投,002402.SZ,和而泰
202105,中信建投,002612.SZ,朗姿股份
202105,中信建投,002643.SZ,万润股份
202105,中信建投,002821.SZ,凯莱英
202105,中信建投,002918.SZ,蒙娜丽莎
202105,中信建投,300014.SZ,亿纬锂能
202105,中信建投,300059.SZ,东方财富
202105,中信建投,300413.SZ,芒果超媒
202105,中信建投,300623.SZ,捷捷微电
202105,中信建投,300979.SZ,华利集团
202105,中信建投,600258.SH,首旅酒店
202105,中信建投,600295.SH,鄂尔多斯
202105,中信建投,600399.SH,抚顺特钢
202105,中信建投,600483.SH,福能股份
202105,中信建投,601899.SH,紫金矿业
202105,中信建投,601919.SH,中远海控
202105,中信建投,688122.SH,西部超导
202105,中原证券,002345.SZ,潮宏基
202105,中原证券,002430.SZ,杭氧股份
202105,中原证券,002738.SZ,中矿资源
202105,中原证券,300769.SZ,德方纳米
202105,中原证券,600089.SH,特变电工
202105,中原证券,600185.SH,格力地产
202105,中原证券,600332.SH,白云山
202105,中原证券,600919.SH,江苏银行
202105,中原证券,601233.SH,桐昆股份
202105,中原证券,603678.SH,火炬电子
202105,中国银河,000425.SZ,徐工机械
202105,中国银河,000568.SZ,泸州老窖
202105,中国银河,000983.SZ,山西焦煤
202105,中国银河,002511.SZ,中顺洁柔
202105,中国银河,002648.SZ,卫星石化
202105,中国银河,600019.SH,宝钢股份
202105,中国银河,600036.SH,招商银行
202105,中国银河,600276.SH,恒瑞医药
202105,中国银河,601899.SH,紫金矿业
202105,中国银河,603565.SH,中谷物流
202105,中泰证券,002110.SZ,三钢闽光
202105,中泰证券,002120.SZ,韵达股份
202105,中泰证券,002624.SZ,完美世界
202105,中泰证券,003022.SZ,联泓新科
202105,中泰证券,300122.SZ,智飞生物
202105,中泰证券,300762.SZ,上海瀚讯
202105,中泰证券,600398.SH,海澜之家
202105,中泰证券,600426.SH,华鲁恒升
202105,中泰证券,600919.SH,江苏银行
202105,中泰证券,601155.SH,新城控股
202105,中银证券,000651.SZ,格力电器
202105,中银证券,000739.SZ,普洛药业
202105,中银证券,002126.SZ,银轮股份
202105,中银证券,300014.SZ,亿纬锂能
202105,中银证券,600801.SH,华新水泥
202105,中银证券,600919.SH,江苏银行
202105,中银证券,601233.SH,桐昆股份
202105,中银证券,601888.SH,中国中免
202105,中银证券,603043.SH,广州酒家
202105,中银证券,688012.SH,中微公司
202105,中银证券,688095.SH,福昕软件
202105,光大证券,000001.SZ,平安银行
202105,光大证券,000932.SZ,华菱钢铁
202105,光大证券,002648.SZ,卫星石化
202105,光大证券,002821.SZ,凯莱英
202105,光大证券,300782.SZ,卓胜微
202105,光大证券,600309.SH,万华化学
202105,光大证券,600612.SH,老凤祥
202105,光大证券,601111.SH,中国国航
202105,光大证券,601899.SH,紫金矿业
202105,光大证券,603300.SH,华铁应急
202105,兴业证券,000858.SZ,五粮液
202105,兴业证券,002049.SZ,紫光国微
202105,兴业证券,300408.SZ,三环集团
202105,兴业证券,600219.SH,南山铝业
202105,兴业证券,600754.SH,锦江酒店
202105,兴业证券,601689.SH,拓普集团
202105,兴业证券,603259.SH,药明康德
202105,兴业证券,603806.SH,福斯特
202105,兴业证券,688111.SH,金山办公
202105,兴业证券,688696.SH,极米科技
202105,华安证券,002714.SZ,牧原股份
202105,华安证券,300285.SZ,国瓷材料
202105,华安证券,300496.SZ,中科创达
202105,华安证券,300638.SZ,广和通
202105,华安证券,600309.SH,万华化学
202105,华安证券,600338.SH,西藏珠峰
202105,华安证券,600499.SH,科达制造
202105,华安证券,603259.SH,药明康德
202105,华安证券,603290.SH,斯达半导
202105,华金证券,000807.SZ,云铝股份
202105,华金证券,002311.SZ,海大集团
202105,华金证券,300122.SZ,智飞生物
202105,华金证券,300638.SZ,广和通
202105,华金证券,300661.SZ,圣邦股份
202105,华金证券,600031.SH,三一重工
202105,华金证券,600323.SH,瀚蓝环境
202105,华金证券,601012.SH,隆基股份
202105,华金证券,601966.SH,玲珑轮胎
202105,华金证券,688598.SH,金博股份
202105,国信证券,002142.SZ,宁波银行
202105,国信证券,002158.SZ,汉钟精机
202105,国信证券,002709.SZ,天赐材料
202105,国信证券,002756.SZ,永兴材料
202105,国信证券,003022.SZ,联泓新科
202105,国信证券,300782.SZ,卓胜微
202105,国信证券,601628.SH,中国人寿
202105,国信证券,601888.SH,中国中免
202105,国信证券,603605.SH,珀莱雅
202105,国元证券,300122.SZ,智飞生物
202105,国元证券,300316.SZ,晶盛机电
202105,国元证券,300638.SZ,广和通
202105,国元证券,603444.SH,吉比特
202105,国元证券,688208.SH,道通科技
202105,国元证券,688396.SH,华润微
202105,国盛证券,000301.SZ,东方盛虹
202105,国盛证券,000983.SZ,山西焦煤
202105,国盛证券,002142.SZ,宁波银行
202105,国盛证券,002415.SZ,海康威视
202105,国盛证券,002497.SZ,雅化集团
202105,国盛证券,300274.SZ,阳光电源
202105,国盛证券,300413.SZ,芒果超媒
202105,国盛证券,600323.SH,瀚蓝环境
202105,国盛证券,600570.SH,恒生电子
202105,国盛证券,603915.SH,国茂股份
202105,国联证券,000800.SZ,一汽解放
202105,国联证券,002245.SZ,蔚蓝锂芯
202105,国联证券,300610.SZ,晨化股份
202105,国联证券,600079.SH,人福医药
202105,国联证券,600161.SH,天坛生物
202105,国联证券,600258.SH,首旅酒店
202105,国联证券,601965.SH,中国汽研
202105,国联证券,603599.SH,广信股份
202105,国联证券,605111.SH,新洁能
202105,天风证券,000516.SZ,国际医学
202105,天风证券,000725.SZ,京东方A
202105,天风证券,000807.SZ,云铝股份
202105,天风证券,002493.SZ,荣盛石化
202105,天风证券,002511.SZ,中顺洁柔
202105,天风证券,300450.SZ,先导智能
202105,天风证券,300825.SZ,阿尔特
202105,天风证券,600409.SH,三友化工
202105,天风证券,600702.SH,ST舍得
202105,天风证券,601225.SH,陕西煤业
202105,太平洋证券,002119.SZ,康强电子
202105,太平洋证券,002472.SZ,双环传动
202105,太平洋证券,002756.SZ,永兴材料
202105,太平洋证券,300395.SZ,菲利华
202105,太平洋证券,300487.SZ,蓝晓科技
202105,太平洋证券,300767.SZ,震安科技
202105,太平洋证券,300979.SZ,华利集团
202105,太平洋证券,688007.SH,光峰科技
202105,太平洋证券,688526.SH,科前生物
202105,安信证券,002230.SZ,科大讯飞
202105,安信证券,300628.SZ,亿联网络
202105,安信证券,300642.SZ,透景生命
202105,安信证券,600036.SH,招商银行
202105,安信证券,600754.SH,锦江酒店
202105,安信证券,600882.SH,妙可蓝多
202105,安信证券,601699.SH,潞安环能
202105,安信证券,603279.SH,景津环保
202105,安信证券,603290.SH,斯达半导
202105,安信证券,688396.SH,华润微
202105,山西证券,002677.SZ,浙江美大
202105,山西证券,002867.SZ,周大生
202105,山西证券,300009.SZ,安科生物
202105,山西证券,300783.SZ,三只松鼠
202105,山西证券,600138.SH,中青旅
202105,山西证券,600233.SH,圆通速递
202105,山西证券,601012.SH,隆基股份
202105,山西证券,603008.SH,喜临门
202105,山西证券,603444.SH,吉比特
202105,山西证券,603638.SH,艾迪精密
202105,川财证券,000568.SZ,泸州老窖
202105,川财证券,002013.SZ,中航机电
202105,川财证券,002245.SZ,蔚蓝锂芯
202105,川财证券,300144.SZ,宋城演艺
202105,川财证券,300769.SZ,德方纳米
202105,川财证券,600136.SH,当代文体
202105,川财证券,600426.SH,华鲁恒升
202105,川财证券,600519.SH,贵州茅台
202105,川财证券,600968.SH,海油发展
202105,川财证券,601633.SH,长城汽车
202105,平安证券,000807.SZ,云铝股份
202105,平安证券,002049.SZ,紫光国微
202105,平安证券,002648.SZ,卫星石化
202105,平安证券,300207.SZ,欣旺达
202105,平安证券,300705.SZ,九典制药
202105,平安证券,300751.SZ,迈为股份
202105,平安证券,600036.SH,招商银行
202105,平安证券,600438.SH,通威股份
202105,平安证券,600519.SH,贵州茅台
202105,平安证券,600884.SH,杉杉股份
202105,开源证券,000933.SZ,神火股份
202105,开源证券,000983.SZ,山西焦煤
202105,开源证券,300059.SZ,东方财富
202105,开源证券,300223.SZ,北京君正
202105,开源证券,300316.SZ,晶盛机电
202105,开源证券,300568.SZ,星源材质
202105,开源证券,300806.SZ,斯迪克
202105,开源证券,600486.SH,扬农化工
202105,开源证券,603187.SH,海容冷链
202105,开源证券,688208.SH,道通科技
202105,德邦证券,002409.SZ,雅克科技
202105,德邦证券,002810.SZ,山东赫达
202105,德邦证券,003006.SZ,百亚股份
202105,德邦证券,300285.SZ,国瓷材料
202105,德邦证券,300747.SZ,锐科激光
202105,德邦证券,300894.SZ,火星人
202105,德邦证券,603517.SH,绝味食品
202105,德邦证券,603916.SH,苏博特
202105,德邦证券,688299.SH,长阳科技
202105,德邦证券,688696.SH,极米科技
202105,新时代证券,002206.SZ,海利得
202105,新时代证券,002230.SZ,科大讯飞
202105,新时代证券,002250.SZ,联化科技
202105,新时代证券,002747.SZ,埃斯顿
202105,新时代证券,300413.SZ,芒果超媒
202105,新时代证券,300623.SZ,捷捷微电
202105,新时代证券,600563.SH,法拉电子
202105,新时代证券,600600.SH,青岛啤酒
202105,新时代证券,601336.SH,新华保险
202105,新时代证券,603833.SH,欧派家居
202105,浙商证券,000001.SZ,平安银行
202105,浙商证券,000425.SZ,徐工机械
202105,浙商证券,000825.SZ,太钢不锈
202105,浙商证券,002315.SZ,焦点科技
202105,浙商证券,002821.SZ,凯莱英
202105,浙商证券,002832.SZ,比音勒芬
202105,浙商证券,002915.SZ,中欣氟材
202105,浙商证券,002987.SZ,京北方
202105,浙商证券,600967.SH,内蒙一机
202105,浙商证券,688037.SH,芯源微
202105,粤开证券,002460.SZ,赣锋锂业
202105,粤开证券,002541.SZ,鸿路钢构
202105,粤开证券,002756.SZ,永兴材料
202105,粤开证券,300122.SZ,智飞生物
202105,粤开证券,300760.SZ,迈瑞医疗
202105,粤开证券,600409.SH,三友化工
202105,粤开证券,601012.SH,隆基股份
202105,粤开证券,601636.SH,旗滨集团
202105,粤开证券,601888.SH,中国中免
202105,粤开证券,603517.SH,绝味食品
202105,西南证券,000001.SZ,平安银行
202105,西南证券,000538.SZ,云南白药
202105,西南证券,000651.SZ,格力电器
202105,西南证券,002043.SZ,兔宝宝
202105,西南证券,002245.SZ,蔚蓝锂芯
202105,西南证券,300601.SZ,康泰生物
202105,西南证券,603208.SH,江山欧派
202105,西南证券,603259.SH,药明康德
202105,西南证券,688111.SH,金山办公
202105,西南证券,688122.SH,西部超导
202105,西部证券,002415.SZ,海康威视
202105,西部证券,002444.SZ,巨星科技
202105,西部证券,300014.SZ,亿纬锂能
202105,西部证券,300059.SZ,东方财富
202105,西部证券,300122.SZ,智飞生物
202105,西部证券,600600.SH,青岛啤酒
202105,西部证券,600754.SH,锦江酒店
202105,西部证券,601888.SH,中国中免
202105,西部证券,601966.SH,玲珑轮胎
202105,西部证券,603259.SH,药明康德
202105,长城证券,000858.SZ,五粮液
202105,长城证券,300059.SZ,东方财富
202105,长城证券,300896.SZ,爱美客
202105,长城证券,600096.SH,云天化
202105,长城证券,600801.SH,华新水泥
202105,长城证券,600809.SH,山西汾酒
202105,长城证券,600812.SH,华北制药
202105,长城证券,601012.SH,隆基股份
202105,长城证券,601038.SH,一拖股份
202105,长城证券,603885.SH,吉祥航空
202106,东兴证券,000066.SZ,中国长城
202106,东兴证券,000708.SZ,中信特钢
202106,东兴证券,002304.SZ,洋河股份
202106,东兴证券,003816.SZ,中国广核
202106,东兴证券,300196.SZ,长海股份
202106,东兴证券,300568.SZ,星源材质
202106,东兴证券,300653.SZ,正海生物
202106,东兴证券,300979.SZ,华利集团
202106,东兴证券,601899.SH,紫金矿业
202106,东兴证券,688636.SH,智明达
202106,东吴证券,000001.SZ,平安银行
202106,东吴证券,002027.SZ,分众传媒
202106,东吴证券,002511.SZ,中顺洁柔
202106,东吴证券,300059.SZ,东方财富
202106,东吴证券,300671.SZ,富满电子
202106,东吴证券,600196.SH,复星医药
202106,东吴证券,600600.SH,青岛啤酒
202106,东吴证券,601633.SH,长城汽车
202106,东吴证券,688005.SH,容百科技
202106,东吴证券,688006.SH,杭可科技
202106,中信建投,000301.SZ,东方盛虹
202106,中信建投,000625.SZ,长安汽车
202106,中信建投,000718.SZ,苏宁环球
202106,中信建投,000858.SZ,五粮液
202106,中信建投,000977.SZ,浪潮信息
202106,中信建投,002129.SZ,中环股份
202106,中信建投,002402.SZ,和而泰
202106,中信建投,002624.SZ,完美世界
202106,中信建投,003021.SZ,兆威机电
202106,中信建投,300059.SZ,东方财富
202106,中信建投,300953.SZ,震裕科技
202106,中信建投,300979.SZ,华利集团
202106,中信建投,600141.SH,兴发集团
202106,中信建投,600258.SH,首旅酒店
202106,中信建投,600577.SH,精达股份
202106,中信建投,600817.SH,宏盛科技
202106,中信建投,601166.SH,兴业银行
202106,中信建投,601636.SH,旗滨集团
202106,中信建投,601919.SH,中远海控
202106,中信建投,603979.SH,金诚信
202106,中信建投,688122.SH,西部超导
202106,中原证券,000883.SZ,湖北能源
202106,中原证券,002304.SZ,洋河股份
202106,中原证券,002906.SZ,华阳集团
202106,中原证券,300073.SZ,当升科技
202106,中原证券,300101.SZ,振芯科技
202106,中原证券,300623.SZ,捷捷微电
202106,中原证券,300724.SZ,捷佳伟创
202106,中原证券,600036.SH,招商银行
202106,中原证券,688201.SH,信安世纪
202106,中原证券,688388.SH,嘉元科技
202106,中国银河,000568.SZ,泸州老窖
202106,中国银河,000983.SZ,山西焦煤
202106,中国银河,002460.SZ,赣锋锂业
202106,中国银河,002648.SZ,卫星石化
202106,中国银河,300033.SZ,同花顺
202106,中国银河,300124.SZ,汇川技术
202106,中国银河,600036.SH,招商银行
202106,中国银河,600276.SH,恒瑞医药
202106,中国银河,603501.SH,韦尔股份
202106,中国银河,603565.SH,中谷物流
202106,中银证券,002459.SZ,晶澳科技
202106,中银证券,300059.SZ,东方财富
202106,中银证券,300244.SZ,迪安诊断
202106,中银证券,300699.SZ,光威复材
202106,中银证券,600699.SH,均胜电子
202106,中银证券,600801.SH,华新水泥
202106,中银证券,600919.SH,江苏银行
202106,中银证券,603043.SH,广州酒家
202106,中银证券,688012.SH,中微公司
202106,中银证券,688095.SH,福昕软件
202106,光大证券,000059.SZ,华锦股份
202106,光大证券,000858.SZ,五粮液
202106,光大证券,002036.SZ,联创电子
202106,光大证券,002179.SZ,中航光电
202106,光大证券,300294.SZ,博雅生物
202106,光大证券,300782.SZ,卓胜微
202106,光大证券,300953.SZ,震裕科技
202106,光大证券,600030.SH,中信证券
202106,光大证券,600176.SH,中国巨石
202106,光大证券,603300.SH,华铁应急
202106,兴业证券,000858.SZ,五粮液
202106,兴业证券,002049.SZ,紫光国微
202106,兴业证券,002352.SZ,顺丰控股
202106,兴业证券,002371.SZ,北方华创
202106,兴业证券,300502.SZ,新易盛
202106,兴业证券,300750.SZ,宁德时代
202106,兴业证券,600219.SH,南山铝业
202106,兴业证券,601689.SH,拓普集团
202106,兴业证券,603259.SH,药明康德
202106,兴业证券,688696.SH,极米科技
202106,华安证券,002372.SZ,伟星新材
202106,华安证券,300769.SZ,德方纳米
202106,华安证券,600048.SH,保利地产
202106,华安证券,600309.SH,万华化学
202106,华安证券,603290.SH,斯达半导
202106,华安证券,603583.SH,捷昌驱动
202106,华安证券,603816.SH,顾家家居
202106,华安证券,688083.SH,中望软件
202106,华安证券,688396.SH,华润微
202106,华金证券,002311.SZ,海大集团
202106,华金证券,300316.SZ,晶盛机电
202106,华金证券,300661.SZ,圣邦股份
202106,华金证券,300747.SZ,锐科激光
202106,华金证券,600323.SH,瀚蓝环境
202106,华金证券,600570.SH,恒生电子
202106,华金证券,601966.SH,玲珑轮胎
202106,华金证券,603259.SH,药明康德
202106,华金证券,603369.SH,今世缘
202106,华金证券,688598.SH,金博股份
202106,国信证券,300059.SZ,东方财富
202106,国信证券,300627.SZ,华测导航
202106,国信证券,600141.SH,兴发集团
202106,国信证券,600176.SH,中国巨石
202106,国信证券,600845.SH,宝信软件
202106,国信证券,601799.SH,星宇股份
202106,国信证券,601838.SH,成都银行
202106,国信证券,603885.SH,吉祥航空
202106,国元证券,002410.SZ,广联达
202106,国元证券,300035.SZ,中科电气
202106,国元证券,300470.SZ,中密控股
202106,国元证券,603613.SH,国联股份
202106,国元证券,603986.SH,兆易创新
202106,国元证券,688363.SH,华熙生物
202106,国盛证券,000301.SZ,东方盛虹
202106,国盛证券,002142.SZ,宁波银行
202106,国盛证券,002291.SZ,星期六
202106,国盛证券,002304.SZ,洋河股份
202106,国盛证券,002415.SZ,海康威视
202106,国盛证券,300274.SZ,阳光电源
202106,国盛证券,600219.SH,南山铝业
202106,国盛证券,600399.SH,抚顺特钢
202106,国盛证券,600570.SH,恒生电子
202106,国盛证券,688188.SH,柏楚电子
202106,国金证券,000786.SZ,北新建材
202106,国金证券,002304.SZ,洋河股份
202106,国金证券,002821.SZ,凯莱英
202106,国金证券,603155.SH,新亚强
202106,国金证券,603313.SH,梦百合
202106,国金证券,603605.SH,珀莱雅
202106,国金证券,605111.SH,新洁能
202106,国金证券,688200.SH,华峰测控
202106,天风证券,000516.SZ,国际医学
202106,天风证券,000776.SZ,广发证券
202106,天风证券,002191.SZ,劲嘉股份
202106,天风证券,002409.SZ,雅克科技
202106,天风证券,300624.SZ,万兴科技
202106,天风证券,600409.SH,三友化工
202106,天风证券,600859.SH,王府井
202106,天风证券,601633.SH,长城汽车
202106,天风证券,603378.SH,亚士创能
202106,天风证券,688002.SH,睿创微纳
202106,太平洋证券,000063.SZ,中兴通讯
202106,太平洋证券,000507.SZ,珠海港
202106,太平洋证券,002119.SZ,康强电子
202106,太平洋证券,002472.SZ,双环传动
202106,太平洋证券,002970.SZ,锐明技术
202106,太平洋证券,300073.SZ,当升科技
202106,太平洋证券,300767.SZ,震安科技
202106,太平洋证券,300816.SZ,艾可蓝
202106,太平洋证券,603517.SH,绝味食品
202106,太平洋证券,688007.SH,光峰科技
202106,安信证券,000063.SZ,中兴通讯
202106,安信证券,002430.SZ,杭氧股份
202106,安信证券,002475.SZ,立讯精密
202106,安信证券,002594.SZ,比亚迪
202106,安信证券,002677.SZ,浙江美大
202106,安信证券,600570.SH,恒生电子
202106,安信证券,601012.SH,隆基股份
202106,安信证券,601808.SH,中海油服
202106,安信证券,603129.SH,春风动力
202106,安信证券,688012.SH,中微公司
202106,山西证券,000063.SZ,中兴通讯
202106,山西证券,000858.SZ,五粮液
202106,山西证券,002572.SZ,索菲亚
202106,山西证券,002677.SZ,浙江美大
202106,山西证券,002812.SZ,恩捷股份
202106,山西证券,300059.SZ,东方财富
202106,山西证券,300122.SZ,智飞生物
202106,山西证券,300274.SZ,阳光电源
202106,山西证券,603444.SH,吉比特
202106,山西证券,603605.SH,珀莱雅
202106,山西证券,603638.SH,艾迪精密
202106,川财证券,000568.SZ,泸州老窖
202106,川财证券,002013.SZ,中航机电
202106,川财证券,002245.SZ,蔚蓝锂芯
202106,川财证券,002312.SZ,川发龙蟒
202106,川财证券,002651.SZ,利君股份
202106,川财证券,300432.SZ,富临精工
202106,川财证券,600136.SH,当代文体
202106,川财证券,600519.SH,贵州茅台
202106,川财证券,601808.SH,中海油服
202106,川财证券,605499.SH,东鹏饮料
202106,平安证券,002049.SZ,紫光国微
202106,平安证券,002230.SZ,科大讯飞
202106,平安证券,002371.SZ,北方华创
202106,平安证券,300059.SZ,东方财富
202106,平安证券,300073.SZ,当升科技
202106,平安证券,300207.SZ,欣旺达
202106,平安证券,600036.SH,招商银行
202106,平安证券,600519.SH,贵州茅台
202106,平安证券,600763.SH,通策医疗
202106,平安证券,688598.SH,金博股份
202106,开源证券,000983.SZ,山西焦煤
202106,开源证券,002064.SZ,华峰化学
202106,开源证券,300059.SZ,东方财富
202106,开源证券,300223.SZ,北京君正
202106,开源证券,300316.SZ,晶盛机电
202106,开源证券,300568.SZ,星源材质
202106,开源证券,601233.SH,桐昆股份
202106,开源证券,603187.SH,海容冷链
202106,开源证券,603225.SH,新凤鸣
202106,开源证券,688626.SH,翔宇医疗
202106,德邦证券,002353.SZ,杰瑞股份
202106,德邦证券,300285.SZ,国瓷材料
202106,德邦证券,601966.SH,玲珑轮胎
202106,德邦证券,603517.SH,绝味食品
202106,德邦证券,688005.SH,容百科技
202106,新时代证券,000858.SZ,五粮液
202106,新时代证券,002036.SZ,联创电子
202106,新时代证券,002206.SZ,海利得
202106,新时代证券,002511.SZ,中顺洁柔
202106,新时代证券,002555.SZ,三七互娱
202106,新时代证券,002594.SZ,比亚迪
202106,新时代证券,300059.SZ,东方财富
202106,新时代证券,300413.SZ,芒果超媒
202106,新时代证券,300655.SZ,晶瑞股份
202106,新时代证券,601336.SH,新华保险
202106,浙商证券,000063.SZ,中兴通讯
202106,浙商证券,000959.SZ,首钢股份
202106,浙商证券,002832.SZ,比音勒芬
202106,浙商证券,300035.SZ,中科电气
202106,浙商证券,300474.SZ,景嘉微
202106,浙商证券,600893.SH,航发动力
202106,浙商证券,601009.SH,南京银行
202106,浙商证券,603185.SH,上机数控
202106,浙商证券,603259.SH,药明康德
202106,浙商证券,688036.SH,传音控股
202106,粤开证券,000066.SZ,中国长城
202106,粤开证券,000568.SZ,泸州老窖
202106,粤开证券,002459.SZ,晶澳科技
202106,粤开证券,002511.SZ,中顺洁柔
202106,粤开证券,300782.SZ,卓胜微
202106,粤开证券,600030.SH,中信证券
202106,粤开证券,600893.SH,航发动力
202106,粤开证券,603486.SH,科沃斯
202106,粤开证券,688006.SH,杭可科技
202106,粤开证券,688363.SH,华熙生物
202106,西南证券,000001.SZ,平安银行
202106,西南证券,000063.SZ,中兴通讯
202106,西南证券,000568.SZ,泸州老窖
202106,西南证券,000651.SZ,格力电器
202106,西南证券,002245.SZ,蔚蓝锂芯
202106,西南证券,002475.SZ,立讯精密
202106,西南证券,300413.SZ,芒果超媒
202106,西南证券,300601.SZ,康泰生物
202106,西南证券,688111.SH,金山办公
202106,西南证券,688122.SH,西部超导
202106,长城证券,000063.SZ,中兴通讯
202106,长城证券,000858.SZ,五粮液
202106,长城证券,002139.SZ,拓邦股份
202106,长城证券,002626.SZ,金达威
202106,长城证券,300059.SZ,东方财富
202106,长城证券,600096.SH,云天化
202106,长城证券,600809.SH,山西汾酒
202106,长城证券,603596.SH,伯特利
202106,长城证券,603885.SH,吉祥航空
202106,长城证券,605068.SH,明新旭腾
202107,东兴证券,003816.SZ,中国广核
202107,东兴证券,300196.SZ,长海股份
202107,东兴证券,300274.SZ,阳光电源
202107,东兴证券,300740.SZ,水羊股份
202107,东兴证券,603076.SH,乐惠国际
202107,东兴证券,603816.SH,顾家家居
202107,东兴证券,603979.SH,金诚信
202107,东兴证券,688636.SH,智明达
202107,东吴证券,000001.SZ,平安银行
202107,东吴证券,000858.SZ,五粮液
202107,东吴证券,002223.SZ,鱼跃医疗
202107,东吴证券,300379.SZ,东方通
202107,东吴证券,300671.SZ,富满电子
202107,东吴证券,600116.SH,三峡水利
202107,东吴证券,601100.SH,恒立液压
202107,东吴证券,601633.SH,长城汽车
202107,东吴证券,603899.SH,晨光文具
202107,东吴证券,688005.SH,容百科技
202107,中信建投,000718.SZ,苏宁环球
202107,中信建投,000830.SZ,鲁西化工
202107,中信建投,000858.SZ,五粮液
202107,中信建投,002241.SZ,歌尔股份
202107,中信建投,002353.SZ,杰瑞股份
202107,中信建投,002414.SZ,高德红外
202107,中信建投,002555.SZ,三七互娱
202107,中信建投,002824.SZ,和胜股份
202107,中信建投,300059.SZ,东方财富
202107,中信建投,300144.SZ,宋城演艺
202107,中信建投,300347.SZ,泰格医药
202107,中信建投,300953.SZ,震裕科技
202107,中信建投,300982.SZ,苏文电能
202107,中信建投,600577.SH,精达股份
202107,中信建投,601009.SH,南京银行
202107,中信建投,601636.SH,旗滨集团
202107,中信建投,601677.SH,明泰铝业
202107,中信建投,601919.SH,中远海控
202107,中信建投,603236.SH,移远通信
202107,中信建投,603833.SH,欧派家居
202107,中信建投,688696.SH,极米科技
202107,中信建投,688700.SH,东威科技
202107,中原证券,002091.SZ,江苏国泰
202107,中原证券,002129.SZ,中环股份
202107,中原证券,002739.SZ,万达电影
202107,中原证券,300082.SZ,奥克股份
202107,中原证券,300623.SZ,捷捷微电
202107,中原证券,600549.SH,厦门钨业
202107,中原证券,600749.SH,西藏旅游
202107,中原证券,688088.SH,虹软科技
202107,中原证券,688268.SH,华特气体
202107,中原证券,688390.SH,固德威
202107,中国银河,000568.SZ,泸州老窖
202107,中国银河,002010.SZ,传化智联
202107,中国银河,002241.SZ,歌尔股份
202107,中国银河,002648.SZ,卫星石化
202107,中国银河,300059.SZ,东方财富
202107,中国银河,300124.SZ,汇川技术
202107,中国银河,300957.SZ,贝泰妮
202107,中国银河,600699.SH,均胜电子
202107,中国银河,600763.SH,通策医疗
202107,中国银河,603355.SH,莱克电气
202107,中银证券,002493.SZ,荣盛石化
202107,中银证券,300363.SZ,博腾股份
202107,中银证券,300750.SZ,宁德时代
202107,中银证券,300751.SZ,迈为股份
202107,中银证券,300783.SZ,三只松鼠
202107,中银证券,600104.SH,上汽集团
202107,中银证券,600588.SH,用友网络
202107,中银证券,600919.SH,江苏银行
202107,中银证券,603587.SH,地素时尚
202107,中银证券,603986.SH,兆易创新
202107,光大证券,002179.SZ,中航光电
202107,光大证券,002271.SZ,东方雨虹
202107,光大证券,002407.SZ,多氟多
202107,光大证券,002466.SZ,天齐锂业
202107,光大证券,300294.SZ,博雅生物
202107,光大证券,300655.SZ,晶瑞股份
202107,光大证券,300750.SZ,宁德时代
202107,光大证券,603218.SH,日月股份
202107,光大证券,603300.SH,华铁应急
202107,光大证券,603986.SH,兆易创新
202107,兴业证券,000568.SZ,泸州老窖
202107,兴业证券,002049.SZ,紫光国微
202107,兴业证券,003021.SZ,兆威机电
202107,兴业证券,300408.SZ,三环集团
202107,兴业证券,300750.SZ,宁德时代
202107,兴业证券,601012.SH,隆基股份
202107,兴业证券,601689.SH,拓普集团
202107,兴业证券,601888.SH,中国中免
202107,兴业证券,603259.SH,药明康德
202107,兴业证券,603885.SH,吉祥航空
202107,华安证券,002624.SZ,完美世界
202107,华安证券,300760.SZ,迈瑞医疗
202107,华安证券,300769.SZ,德方纳米
202107,华安证券,600036.SH,招商银行
202107,华安证券,600048.SH,保利地产
202107,华安证券,600309.SH,万华化学
202107,华安证券,603290.SH,斯达半导
202107,华安证券,603583.SH,捷昌驱动
202107,华安证券,603816.SH,顾家家居
202107,华安证券,688777.SH,中控技术
202107,华金证券,002567.SZ,唐人神
202107,华金证券,300316.SZ,晶盛机电
202107,华金证券,300747.SZ,锐科激光
202107,华金证券,300748.SZ,金力永磁
202107,华金证券,600031.SH,三一重工
202107,华金证券,600398.SH,海澜之家
202107,华金证券,603456.SH,九洲药业
202107,华金证券,603697.SH,有友食品
202107,华金证券,603806.SH,福斯特
202107,华金证券,688598.SH,金博股份
202107,国信证券,000063.SZ,中兴通讯
202107,国信证券,002230.SZ,科大讯飞
202107,国信证券,002274.SZ,华昌化工
202107,国信证券,300059.SZ,东方财富
202107,国信证券,600104.SH,上汽集团
202107,国信证券,600176.SH,中国巨石
202107,国信证券,600600.SH,青岛啤酒
202107,国信证券,605080.SH,浙江自然
202107,国信证券,688036.SH,传音控股
202107,国信证券,688301.SH,奕瑞科技
202107,国元证券,002925.SZ,盈趣科技
202107,国元证券,300059.SZ,东方财富
202107,国元证券,300382.SZ,斯莱克
202107,国元证券,300894.SZ,火星人
202107,国元证券,603605.SH,珀莱雅
202107,国元证券,688508.SH,芯朋微
202107,国盛证券,002049.SZ,紫光国微
202107,国盛证券,002129.SZ,中环股份
202107,国盛证券,002142.SZ,宁波银行
202107,国盛证券,002304.SZ,洋河股份
202107,国盛证券,002415.SZ,海康威视
202107,国盛证券,002648.SZ,卫星石化
202107,国盛证券,300982.SZ,苏文电能
202107,国盛证券,600570.SH,恒生电子
202107,国盛证券,600985.SH,淮北矿业
202107,国盛证券,601677.SH,明泰铝业
202107,国盛证券,605098.SH,行动教育
202107,国盛证券,688301.SH,奕瑞科技
202107,国金证券,002466.SZ,天齐锂业
202107,国金证券,002928.SZ,华夏航空
202107,国金证券,300896.SZ,爱美客
202107,国金证券,600025.SH,华能水电
202107,国金证券,600438.SH,通威股份
202107,国金证券,600584.SH,长电科技
202107,国金证券,601208.SH,东材科技
202107,国金证券,601799.SH,星宇股份
202107,国金证券,603733.SH,仙鹤股份
202107,国金证券,603986.SH,兆易创新
202107,天风证券,000063.SZ,中兴通讯
202107,天风证券,002191.SZ,劲嘉股份
202107,天风证券,002223.SZ,鱼跃医疗
202107,天风证券,002614.SZ,奥佳华
202107,天风证券,300454.SZ,深信服
202107,天风证券,300792.SZ,壹网壹创
202107,天风证券,600702.SH,舍得酒业
202107,天风证券,601233.SH,桐昆股份
202107,天风证券,603799.SH,华友钴业
202107,天风证券,688085.SH,三友医疗
202107,太平洋证券,002119.SZ,康强电子
202107,太平洋证券,002651.SZ,利君股份
202107,太平洋证券,002957.SZ,科瑞技术
202107,太平洋证券,300543.SZ,朗科智能
202107,太平洋证券,300767.SZ,震安科技
202107,太平洋证券,601238.SH,广汽集团
202107,太平洋证券,603027.SH,千禾味业
202107,太平洋证券,603658.SH,安图生物
202107,太平洋证券,603906.SH,龙蟠科技
202107,太平洋证券,688568.SH,中科星图
202107,安信证券,000001.SZ,平安银行
202107,安信证券,000301.SZ,东方盛虹
202107,安信证券,002241.SZ,歌尔股份
202107,安信证券,002466.SZ,天齐锂业
202107,安信证券,600809.SH,山西汾酒
202107,安信证券,600845.SH,宝信软件
202107,安信证券,603290.SH,斯达半导
202107,安信证券,688029.SH,南微医学
202107,安信证券,688208.SH,道通科技
202107,安信证券,688390.SH,固德威
202107,山西证券,000063.SZ,中兴通讯
202107,山西证券,002145.SZ,中核钛白
202107,山西证券,002511.SZ,中顺洁柔
202107,山西证券,002555.SZ,三七互娱
202107,山西证券,002747.SZ,埃斯顿
202107,山西证券,002867.SZ,周大生
202107,山西证券,300073.SZ,当升科技
202107,山西证券,300122.SZ,智飞生物
202107,山西证券,300144.SZ,宋城演艺
202107,山西证券,600809.SH,山西汾酒
202107,川财证券,000568.SZ,泸州老窖
202107,川财证券,002013.SZ,中航机电
202107,川财证券,002651.SZ,利君股份
202107,川财证券,300260.SZ,新莱应材
202107,川财证券,300432.SZ,富临精工
202107,川财证券,600011.SH,华能国际
202107,川财证券,600136.SH,当代文体
202107,川财证券,600426.SH,华鲁恒升
202107,川财证券,600519.SH,贵州茅台
202107,川财证券,600968.SH,海油发展
202107,平安证券,002371.SZ,北方华创
202107,平安证券,300059.SZ,东方财富
202107,平安证券,300705.SZ,九典制药
202107,平安证券,300750.SZ,宁德时代
202107,平安证券,600438.SH,通威股份
202107,平安证券,600763.SH,通策医疗
202107,平安证券,601633.SH,长城汽车
202107,平安证券,603290.SH,斯达半导
202107,平安证券,603799.SH,华友钴业
202107,平安证券,688598.SH,金博股份
202107,开源证券,000983.SZ,山西焦煤
202107,开源证券,002064.SZ,华峰化学
202107,开源证券,002847.SZ,盐津铺子
202107,开源证券,300316.SZ,晶盛机电
202107,开源证券,300568.SZ,星源材质
202107,开源证券,300806.SZ,斯迪克
202107,开源证券,600958.SH,东方证券
202107,开源证券,601233.SH,桐昆股份
202107,开源证券,603187.SH,海容冷链
202107,德邦证券,002353.SZ,杰瑞股份
202107,德邦证券,002624.SZ,完美世界
202107,德邦证券,300888.SZ,稳健医疗
202107,德邦证券,300894.SZ,火星人
202107,德邦证券,601888.SH,中国中免
202107,德邦证券,603517.SH,绝味食品
202107,德邦证券,688005.SH,容百科技
202107,德邦证券,688299.SH,长阳科技
202107,浙商证券,002258.SZ,利尔化学
202107,浙商证券,003016.SZ,欣贺股份
202107,浙商证券,300258.SZ,精锻科技
202107,浙商证券,300474.SZ,景嘉微
202107,浙商证券,601009.SH,南京银行
202107,浙商证券,601111.SH,中国国航
202107,浙商证券,603259.SH,药明康德
202107,浙商证券,603396.SH,金辰股份
202107,浙商证券,603816.SH,顾家家居
202107,浙商证券,688611.SH,杭州柯林
202107,粤开证券,002747.SZ,埃斯顿
202107,粤开证券,300015.SZ,爱尔眼科
202107,粤开证券,300223.SZ,北京君正
202107,粤开证券,300316.SZ,晶盛机电
202107,粤开证券,600600.SH,青岛啤酒
202107,粤开证券,601012.SH,隆基股份
202107,粤开证券,603185.SH,上机数控
202107,粤开证券,603678.SH,火炬电子
202107,粤开证券,603806.SH,福斯特
202107,粤开证券,688363.SH,华熙生物
202107,西南证券,002241.SZ,歌尔股份
202107,西南证券,002245.SZ,蔚蓝锂芯
202107,西南证券,002475.SZ,立讯精密
202107,西南证券,300122.SZ,智飞生物
202107,西南证券,300871.SZ,回盛生物
202107,西南证券,600438.SH,通威股份
202107,西南证券,603010.SH,万盛股份
202107,西南证券,603108.SH,润达医疗
202107,西南证券,688111.SH,金山办公
202107,西南证券,688122.SH,西部超导
202107,长城证券,000858.SZ,五粮液
202107,长城证券,002139.SZ,拓邦股份
202107,长城证券,002434.SZ,万里扬
202107,长城证券,002908.SZ,德生科技
202107,长城证券,300059.SZ,东方财富
202107,长城证券,300737.SZ,科顺股份
202107,长城证券,600063.SH,皖维高新
202107,长城证券,600329.SH,中新药业
202107,长城证券,601038.SH,一拖股份
202107,长城证券,688598.SH,金博股份
202108,东兴证券,000066.SZ,中国长城
202108,东兴证券,000858.SZ,五粮液
202108,东兴证券,002706.SZ,良信股份
202108,东兴证券,003816.SZ,中国广核
202108,东兴证券,300196.SZ,长海股份
202108,东兴证券,300487.SZ,蓝晓科技
202108,东兴证券,600641.SH,万业企业
202108,东兴证券,603076.SH,乐惠国际
202108,东兴证券,603979.SH,金诚信
202108,东兴证券,688233.SH,神工股份
202108,东吴证券,000063.SZ,中兴通讯
202108,东吴证券,300274.SZ,阳光电源
202108,东吴证券,300750.SZ,宁德时代
202108,东吴证券,300751.SZ,迈为股份
202108,东吴证券,600161.SH,天坛生物
202108,东吴证券,600588.SH,用友网络
202108,东吴证券,601117.SH,中国化学
202108,东吴证券,603259.SH,药明康德
202108,东吴证券,688087.SH,英科再生
202108,东吴证券,688686.SH,奥普特
202108,中信建投,002444.SZ,巨星科技
202108,中信建投,002459.SZ,晶澳科技
202108,中信建投,300059.SZ,东方财富
202108,中信建投,300413.SZ,芒果超媒
202108,中信建投,300737.SZ,科顺股份
202108,中信建投,300953.SZ,震裕科技
202108,中信建投,300973.SZ,立高食品
202108,中信建投,300979.SZ,华利集团
202108,中信建投,600409.SH,三友化工
202108,中信建投,600483.SH,福能股份
202108,中信建投,600588.SH,用友网络
202108,中信建投,600641.SH,万业企业
202108,中信建投,600699.SH,均胜电子
202108,中信建投,600919.SH,江苏银行
202108,中信建投,601233.SH,桐昆股份
202108,中信建投,601677.SH,明泰铝业
202108,中信建投,601888.SH,中国中免
202108,中信建投,601919.SH,中远海控
202108,中信建投,603236.SH,移远通信
202108,中信建投,603259.SH,药明康德
202108,中信建投,603816.SH,顾家家居
202108,中信建投,688981.SH,中芯国际
202108,中原证券,002041.SZ,登海种业
202108,中原证券,002466.SZ,天齐锂业
202108,中原证券,003022.SZ,联泓新科
202108,中原证券,300082.SZ,奥克股份
202108,中原证券,300502.SZ,新易盛
202108,中原证券,300724.SZ,捷佳伟创
202108,中原证券,600019.SH,宝钢股份
202108,中原证券,603305.SH,旭升股份
202108,中原证券,688063.SH,派能科技
202108,中原证券,688981.SH,中芯国际
202108,中国银河,000976.SZ,华铁股份
202108,中国银河,002092.SZ,中泰化学
202108,中国银河,300015.SZ,爱尔眼科
202108,中国银河,300059.SZ,东方财富
202108,中国银河,300957.SZ,贝泰妮
202108,中国银河,600019.SH,宝钢股份
202108,中国银河,600809.SH,山西汾酒
202108,中国银河,601633.SH,长城汽车
202108,中国银河,603355.SH,莱克电气
202108,中国银河,603501.SH,韦尔股份
202108,中银证券,000001.SZ,平安银行
202108,中银证券,002409.SZ,雅克科技
202108,中银证券,002832.SZ,比音勒芬
202108,中银证券,300059.SZ,东方财富
202108,中银证券,300750.SZ,宁德时代
202108,中银证券,600588.SH,用友网络
202108,中银证券,600641.SH,万业企业
202108,中银证券,600801.SH,华新水泥
202108,中银证券,601689.SH,拓普集团
202108,中银证券,603127.SH,昭衍新药
202108,中银证券,603986.SH,兆易创新
202108,光大证券,002281.SZ,光迅科技
202108,光大证券,002371.SZ,北方华创
202108,光大证券,002466.SZ,天齐锂业
202108,光大证券,300294.SZ,博雅生物
202108,光大证券,300655.SZ,晶瑞股份
202108,光大证券,600004.SH,白云机场
202108,光大证券,600346.SH,恒力石化
202108,光大证券,600438.SH,通威股份
202108,光大证券,600507.SH,方大特钢
202108,光大证券,603300.SH,华铁应急
202108,兴业证券,002049.SZ,紫光国微
202108,兴业证券,002371.SZ,北方华创
202108,兴业证券,002410.SZ,广联达
202108,兴业证券,003021.SZ,兆威机电
202108,兴业证券,300750.SZ,宁德时代
202108,兴业证券,600309.SH,万华化学
202108,兴业证券,600660.SH,福耀玻璃
202108,兴业证券,600888.SH,新疆众和
202108,兴业证券,601877.SH,正泰电器
202108,兴业证券,603259.SH,药明康德
202108,华安证券,000933.SZ,神火股份
202108,华安证券,300762.SZ,上海瀚讯
202108,华安证券,600036.SH,招商银行
202108,华安证券,600499.SH,科达制造
202108,华安证券,600588.SH,用友网络
202108,华安证券,601117.SH,中国化学
202108,华安证券,603986.SH,兆易创新
202108,华安证券,688396.SH,华润微
202108,华安证券,688777.SH,中控技术
202108,华金证券,300232.SZ,洲明科技
202108,华金证券,300316.SZ,晶盛机电
202108,华金证券,300661.SZ,圣邦股份
202108,华金证券,300747.SZ,锐科激光
202108,华金证券,300759.SZ,康龙化成
202108,华金证券,600958.SH,东方证券
202108,华金证券,601633.SH,长城汽车
202108,华金证券,603806.SH,福斯特
202108,华金证券,688122.SH,西部超导
202108,华金证券,688598.SH,金博股份
202108,国信证券,000301.SZ,东方盛虹
202108,国信证券,002724.SZ,海洋王
202108,国信证券,300059.SZ,东方财富
202108,国信证券,300738.SZ,奥飞数据
202108,国信证券,600660.SH,福耀玻璃
202108,国信证券,603979.SH,金诚信
202108,国信证券,688122.SH,西部超导
202108,国信证券,688128.SH,中国电研
202108,国元证券,002415.SZ,海康威视
202108,国元证券,300316.SZ,晶盛机电
202108,国元证券,300613.SZ,富瀚微
202108,国元证券,300894.SZ,火星人
202108,国元证券,603444.SH,吉比特
202108,国元证券,603906.SH,龙蟠科技
202108,国元证券,605377.SH,华旺科技
202108,国泰君安,000932.SZ,华菱钢铁
202108,国泰君安,002460.SZ,赣锋锂业
202108,国泰君安,300059.SZ,东方财富
202108,国泰君安,300568.SZ,星源材质
202108,国泰君安,300896.SZ,爱美客
202108,国泰君安,601636.SH,旗滨集团
202108,国泰君安,603005.SH,晶方科技
202108,国泰君安,603068.SH,博通集成
202108,国泰君安,603690.SH,至纯科技
202108,国泰君安,688303.SH,大全能源
202108,国盛证券,002049.SZ,紫光国微
202108,国盛证券,002142.SZ,宁波银行
202108,国盛证券,002415.SZ,海康威视
202108,国盛证券,002648.SZ,卫星石化
202108,国盛证券,002832.SZ,比音勒芬
202108,国盛证券,002881.SZ,美格智能
202108,国盛证券,300648.SZ,星云股份
202108,国盛证券,300982.SZ,苏文电能
202108,国盛证券,600348.SH,华阳股份
202108,国盛证券,600399.SH,抚顺特钢
202108,国盛证券,600588.SH,用友网络
202108,国盛证券,600779.SH,水井坊
202108,国盛证券,601658.SH,邮储银行
202108,国盛证券,601677.SH,明泰铝业
202108,国盛证券,603915.SH,国茂股份
202108,国金证券,000063.SZ,中兴通讯
202108,国金证券,002007.SZ,华兰生物
202108,国金证券,002466.SZ,天齐锂业
202108,国金证券,300223.SZ,北京君正
202108,国金证券,300957.SZ,贝泰妮
202108,国金证券,600346.SH,恒力石化
202108,国金证券,600438.SH,通威股份
202108,国金证券,600900.SH,长江电力
202108,国金证券,603733.SH,仙鹤股份
202108,国金证券,688036.SH,传音控股
202108,天风证券,000063.SZ,中兴通讯
202108,天风证券,000902.SZ,新洋丰
202108,天风证券,002179.SZ,中航光电
202108,天风证券,002821.SZ,凯莱英
202108,天风证券,002845.SZ,同兴达
202108,天风证券,300454.SZ,深信服
202108,天风证券,601233.SH,桐昆股份
202108,天风证券,601633.SH,长城汽车
202108,天风证券,601865.SH,福莱特
202108,天风证券,601899.SH,紫金矿业
202108,太平洋证券,002119.SZ,康强电子
202108,太平洋证券,002466.SZ,天齐锂业
202108,太平洋证券,002645.SZ,华宏科技
202108,太平洋证券,300223.SZ,北京君正
202108,太平洋证券,300543.SZ,朗科智能
202108,太平洋证券,300587.SZ,天铁股份
202108,太平洋证券,300724.SZ,捷佳伟创
202108,太平洋证券,600111.SH,北方稀土
202108,太平洋证券,600782.SH,新钢股份
202108,太平洋证券,603906.SH,龙蟠科技
202108,安信证券,002123.SZ,梦网科技
202108,安信证券,002466.SZ,天齐锂业
202108,安信证券,002594.SZ,比亚迪
202108,安信证券,300548.SZ,博创科技
202108,安信证券,300751.SZ,迈为股份
202108,安信证券,601699.SH,潞安环能
202108,安信证券,603690.SH,至纯科技
202108,安信证券,688139.SH,海尔生物
202108,安信证券,688363.SH,华熙生物
202108,安信证券,688586.SH,江航装备
202108,川财证券,002013.SZ,中航机电
202108,川财证券,002312.SZ,川发龙蟒
202108,川财证券,002651.SZ,利君股份
202108,川财证券,300260.SZ,新莱应材
202108,川财证券,300791.SZ,仙乐健康
202108,川财证券,600136.SH,当代文体
202108,川财证券,600674.SH,川投能源
202108,川财证券,600968.SH,海油发展
202108,川财证券,601636.SH,旗滨集团
202108,川财证券,603809.SH,豪能股份
202108,平安证券,300014.SZ,亿纬锂能
202108,平安证券,300073.SZ,当升科技
202108,平安证券,601615.SH,明阳智能
202108,平安证券,601633.SH,长城汽车
202108,平安证券,603290.SH,斯达半导
202108,平安证券,603799.SH,华友钴业
202108,平安证券,603893.SH,瑞芯微
202108,平安证券,688383.SH,新益昌
202108,平安证券,688598.SH,金博股份
202108,平安证券,688981.SH,中芯国际
202108,开源证券,000983.SZ,山西焦煤
202108,开源证券,300316.SZ,晶盛机电
202108,开源证券,300450.SZ,先导智能
202108,开源证券,300806.SZ,斯迪克
202108,开源证券,600958.SH,东方证券
202108,开源证券,601233.SH,桐昆股份
202108,开源证券,601678.SH,滨化股份
202108,开源证券,603225.SH,新凤鸣
202108,德邦证券,002179.SZ,中航光电
202108,德邦证券,002353.SZ,杰瑞股份
202108,德邦证券,003006.SZ,百亚股份
202108,德邦证券,300726.SZ,宏达电子
202108,德邦证券,300896.SZ,爱美客
202108,德邦证券,601636.SH,旗滨集团
202108,德邦证券,605499.SH,东鹏饮料
202108,德邦证券,688005.SH,容百科技
202108,德邦证券,688299.SH,长阳科技
202108,方正证券,000547.SZ,航天发展
202108,方正证券,300628.SZ,亿联网络
202108,方正证券,300887.SZ,谱尼测试
202108,方正证券,600309.SH,万华化学
202108,方正证券,600519.SH,贵州茅台
202108,方正证券,603906.SH,龙蟠科技
202108,方正证券,688029.SH,南微医学
202108,方正证券,688111.SH,金山办公
202108,方正证券,688378.SH,奥来德
202108,方正证券,688981.SH,中芯国际
202108,浙商证券,000768.SZ,中航西飞
202108,浙商证券,000938.SZ,紫光股份
202108,浙商证券,002120.SZ,韵达股份
202108,浙商证券,002821.SZ,凯莱英
202108,浙商证券,300258.SZ,精锻科技
202108,浙商证券,601166.SH,兴业银行
202108,浙商证券,603185.SH,上机数控
202108,浙商证券,603986.SH,兆易创新
202108,浙商证券,605338.SH,巴比食品
202108,浙商证券,688611.SH,杭州柯林
202108,粤开证券,002371.SZ,北方华创
202108,粤开证券,002459.SZ,晶澳科技
202108,粤开证券,002821.SZ,凯莱英
202108,粤开证券,300274.SZ,阳光电源
202108,粤开证券,300750.SZ,宁德时代
202108,粤开证券,600111.SH,北方稀土
202108,粤开证券,600703.SH,三安光电
202108,粤开证券,601633.SH,长城汽车
202108,粤开证券,603279.SH,景津环保
202108,粤开证券,688188.SH,柏楚电子
202108,长城证券,000063.SZ,中兴通讯
202108,长城证券,000630.SZ,铜陵有色
202108,长城证券,002396.SZ,星网锐捷
202108,长城证券,002438.SZ,江苏神通
202108,长城证券,002674.SZ,兴业科技
202108,长城证券,300059.SZ,东方财富
202108,长城证券,600329.SH,中新药业
202108,长城证券,600426.SH,华鲁恒升
202108,长城证券,603218.SH,日月股份
202108,长城证券,603896.SH,寿仙谷
202109,东兴证券,002129.SZ,中环股份
202109,东兴证券,002180.SZ,纳思达
202109,东兴证券,300196.SZ,长海股份
202109,东兴证券,300487.SZ,蓝晓科技
202109,东兴证券,600258.SH,首旅酒店
202109,东兴证券,600641.SH,万业企业
202109,东兴证券,601238.SH,广汽集团
202109,东兴证券,603076.SH,乐惠国际
202109,东兴证券,603979.SH,金诚信
202109,东吴证券,300037.SZ,新宙邦
202109,东吴证券,300059.SZ,东方财富
202109,东吴证券,300474.SZ,景嘉微
202109,东吴证券,600426.SH,华鲁恒升
202109,东吴证券,601128.SH,常熟银行
202109,东吴证券,603259.SH,药明康德
202109,东吴证券,688006.SH,杭可科技
202109,东吴证券,688087.SH,英科再生
202109,东吴证券,688186.SH,广大特材
202109,东吴证券,688686.SH,奥普特
202109,中信建投,000001.SZ,平安银行
202109,中信建投,002078.SZ,太阳纸业
202109,中信建投,002129.SZ,中环股份
202109,中信建投,002318.SZ,久立特材
202109,中信建投,002438.SZ,江苏神通
202109,中信建投,002475.SZ,立讯精密
202109,中信建投,002594.SZ,比亚迪
202109,中信建投,002821.SZ,凯莱英
202109,中信建投,300059.SZ,东方财富
202109,中信建投,300119.SZ,瑞普生物
202109,中信建投,300496.SZ,中科创达
202109,中信建投,300894.SZ,火星人
202109,中信建投,300973.SZ,立高食品
202109,中信建投,300979.SZ,华利集团
202109,中信建投,600116.SH,三峡水利
202109,中信建投,600416.SH,湘电股份
202109,中信建投,600641.SH,万业企业
202109,中信建投,601388.SH,怡球资源
202109,中信建投,601618.SH,中国中冶
202109,中信建投,601888.SH,中国中免
202109,中信建投,601919.SH,中远海控
202109,中信建投,603217.SH,元利科技
202109,中信建投,603236.SH,移远通信
202109,中信建投,605268.SH,王力安防
202109,中信建投,688268.SH,华特气体
202109,中信建投,688516.SH,奥特维
202109,中原证券,000893.SZ,亚钾国际
202109,中原证券,002008.SZ,大族激光
202109,中原证券,300083.SZ,创世纪
202109,中原证券,300731.SZ,科创新源
202109,中原证券,300820.SZ,英杰电气
202109,中原证券,600160.SH,巨化股份
202109,中原证券,600188.SH,兖州煤业
202109,中原证券,600481.SH,双良节能
202109,中原证券,601168.SH,西部矿业
202109,中原证券,603678.SH,火炬电子
202109,中国银河,000733.SZ,振华科技
202109,中国银河,002092.SZ,中泰化学
202109,中国银河,002460.SZ,赣锋锂业
202109,中国银河,300015.SZ,爱尔眼科
202109,中国银河,600019.SH,宝钢股份
202109,中国银河,600048.SH,保利地产
202109,中国银河,600703.SH,三安光电
202109,中国银河,600809.SH,山西汾酒
202109,中国银河,601633.SH,长城汽车
202109,中国银河,603588.SH,高能环境
202109,中银证券,002409.SZ,雅克科技
202109,中银证券,300142.SZ,沃森生物
202109,中银证券,300274.SZ,阳光电源
202109,中银证券,300577.SZ,开润股份
202109,中银证券,300894.SZ,火星人
202109,中银证券,600519.SH,贵州茅台
202109,中银证券,600741.SH,华域汽车
202109,中银证券,600801.SH,华新水泥
202109,中银证券,688012.SH,中微公司
202109,光大证券,000733.SZ,振华科技
202109,光大证券,000858.SZ,五粮液
202109,光大证券,002895.SZ,川恒股份
202109,光大证券,600029.SH,南方航空
202109,光大证券,600089.SH,特变电工
202109,光大证券,600507.SH,方大特钢
202109,光大证券,600745.SH,闻泰科技
202109,光大证券,601669.SH,中国电建
202109,光大证券,601877.SH,正泰电器
202109,光大证券,601888.SH,中国中免
202109,兴业证券,002013.SZ,中航机电
202109,兴业证券,002371.SZ,北方华创
202109,兴业证券,002812.SZ,恩捷股份
202109,兴业证券,003021.SZ,兆威机电
202109,兴业证券,600426.SH,华鲁恒升
202109,兴业证券,600888.SH,新疆众和
202109,兴业证券,601225.SH,陕西煤业
202109,兴业证券,601636.SH,旗滨集团
202109,兴业证券,603259.SH,药明康德
202109,兴业证券,688680.SH,海优新材
202109,华安证券,002709.SZ,天赐材料
202109,华安证券,300057.SZ,万顺新材
202109,华安证券,600036.SH,招商银行
202109,华安证券,603290.SH,斯达半导
202109,华安证券,603612.SH,索通发展
202109,华安证券,605305.SH,中际联合
202109,华安证券,688065.SH,凯赛生物
202109,华安证券,688536.SH,思瑞浦
202109,华安证券,688686.SH,奥普特
202109,华安证券,688777.SH,中控技术
202109,华金证券,000807.SZ,云铝股份
202109,华金证券,300316.SZ,晶盛机电
202109,华金证券,300470.SZ,中密控股
202109,华金证券,600150.SH,中国船舶
202109,华金证券,600732.SH,爱旭股份
202109,华金证券,600958.SH,东方证券
202109,华金证券,601633.SH,长城汽车
202109,华金证券,603806.SH,福斯特
202109,华金证券,605376.SH,博迁新材
202109,华金证券,688690.SH,纳微科技
202109,国信证券,002724.SZ,海洋王
202109,国信证券,003022.SZ,联泓新科
202109,国信证券,300772.SZ,运达股份
202109,国信证券,600893.SH,航发动力
202109,国信证券,603236.SH,移远通信
202109,国信证券,688208.SH,道通科技
202109,国信证券,688301.SH,奕瑞科技
202109,国元证券,300218.SZ,安利股份
202109,国元证券,300861.SZ,美畅股份
202109,国元证券,600570.SH,恒生电子
202109,国元证券,603986.SH,兆易创新
202109,国元证券,688029.SH,南微医学
202109,国元证券,688551.SH,科威尔
202109,国盛证券,000733.SZ,振华科技
202109,国盛证券,002049.SZ,紫光国微
202109,国盛证券,002142.SZ,宁波银行
202109,国盛证券,002268.SZ,卫士通
202109,国盛证券,002415.SZ,海康威视
202109,国盛证券,002648.SZ,卫星石化
202109,国盛证券,300648.SZ,星云股份
202109,国盛证券,600399.SH,抚顺特钢
202109,国盛证券,600779.SH,水井坊
202109,国盛证券,601001.SH,晋控煤业
202109,国盛证券,601117.SH,中国化学
202109,国盛证券,601677.SH,明泰铝业
202109,国盛证券,688208.SH,道通科技
202109,国金证券,002466.SZ,天齐锂业
202109,国金证券,600586.SH,金晶科技
202109,国金证券,600884.SH,杉杉股份
202109,国金证券,600900.SH,长江电力
202109,国金证券,601012.SH,隆基股份
202109,国金证券,603236.SH,移远通信
202109,国金证券,603667.SH,五洲新春
202109,国金证券,603816.SH,顾家家居
202109,国金证券,688036.SH,传音控股
202109,天风证券,000776.SZ,广发证券
202109,天风证券,000902.SZ,新洋丰
202109,天风证券,000906.SZ,浙商中拓
202109,天风证券,002918.SZ,蒙娜丽莎
202109,天风证券,300007.SZ,汉威科技
202109,天风证券,600338.SH,西藏珠峰
202109,天风证券,600745.SH,闻泰科技
202109,天风证券,600859.SH,王府井
202109,天风证券,601633.SH,长城汽车
202109,天风证券,605123.SH,派克新材
202109,太平洋证券,000629.SZ,攀钢钒钛
202109,太平洋证券,000733.SZ,振华科技
202109,太平洋证券,002049.SZ,紫光国微
202109,太平洋证券,002119.SZ,康强电子
202109,太平洋证券,300587.SZ,天铁股份
202109,太平洋证券,300802.SZ,矩子科技
202109,太平洋证券,600019.SH,宝钢股份
202109,太平洋证券,600111.SH,北方稀土
202109,太平洋证券,603906.SH,龙蟠科技
202109,太平洋证券,689009.SH,九号公司-WD
202109,安信证券,000733.SZ,振华科技
202109,安信证券,002368.SZ,太极股份
202109,安信证券,002466.SZ,天齐锂业
202109,安信证券,600011.SH,华能国际
202109,安信证券,600171.SH,上海贝岭
202109,安信证券,600546.SH,山煤国际
202109,安信证券,600760.SH,中航沈飞
202109,安信证券,603260.SH,合盛硅业
202109,安信证券,603915.SH,国茂股份
202109,安信证券,688131.SH,皓元医药
202109,山西证券,000333.SZ,美的集团
202109,山西证券,002407.SZ,多氟多
202109,山西证券,300073.SZ,当升科技
202109,山西证券,300122.SZ,智飞生物
202109,山西证券,300957.SZ,贝泰妮
202109,山西证券,600258.SH,首旅酒店
202109,山西证券,600958.SH,东方证券
202109,山西证券,601088.SH,中国神华
202109,山西证券,603308.SH,应流股份
202109,山西证券,688303.SH,大全能源
202109,平安证券,000807.SZ,云铝股份
202109,平安证券,002466.SZ,天齐锂业
202109,平安证券,300014.SZ,亿纬锂能
202109,平安证券,300073.SZ,当升科技
202109,平安证券,600160.SH,巨化股份
202109,平安证券,601615.SH,明阳智能
202109,平安证券,601633.SH,长城汽车
202109,平安证券,688128.SH,中国电研
202109,平安证券,688383.SH,新益昌
202109,平安证券,688598.SH,金博股份
202109,开源证券,000776.SZ,广发证券
202109,开源证券,002594.SZ,比亚迪
202109,开源证券,300316.SZ,晶盛机电
202109,开源证券,600188.SH,兖州煤业
202109,开源证券,600958.SH,东方证券
202109,开源证券,601233.SH,桐昆股份
202109,开源证券,603225.SH,新凤鸣
202109,开源证券,603505.SH,金石资源
202109,开源证券,688089.SH,嘉必优
202109,德邦证券,000568.SZ,泸州老窖
202109,德邦证券,002705.SZ,新宝股份
202109,德邦证券,002791.SZ,坚朗五金
202109,德邦证券,300737.SZ,科顺股份
202109,德邦证券,300747.SZ,锐科激光
202109,德邦证券,301031.SZ,中熔电气
202109,德邦证券,600141.SH,兴发集团
202109,德邦证券,600862.SH,中航高科
202109,德邦证券,601888.SH,中国中免
202109,方正证券,000858.SZ,五粮液
202109,方正证券,002120.SZ,韵达股份
202109,方正证券,002555.SZ,三七互娱
202109,方正证券,300474.SZ,景嘉微
202109,方正证券,300529.SZ,健帆生物
202109,方正证券,300782.SZ,卓胜微
202109,方正证券,600027.SH,华电国际
202109,方正证券,600030.SH,中信证券
202109,方正证券,600741.SH,华域汽车
202109,方正证券,601966.SH,玲珑轮胎
202109,浙商证券,000739.SZ,普洛药业
202109,浙商证券,002120.SZ,韵达股份
202109,浙商证券,002508.SZ,老板电器
202109,浙商证券,300454.SZ,深信服
202109,浙商证券,300474.SZ,景嘉微
202109,浙商证券,600004.SH,白云机场
202109,浙商证券,600760.SH,中航沈飞
202109,浙商证券,601166.SH,兴业银行
202109,浙商证券,603185.SH,上机数控
202109,浙商证券,603198.SH,迎驾贡酒
202109,粤开证券,000581.SZ,威孚高科
202109,粤开证券,002008.SZ,大族激光
202109,粤开证券,002045.SZ,国光电器
202109,粤开证券,002051.SZ,中工国际
202109,粤开证券,300861.SZ,美畅股份
202109,粤开证券,600893.SH,航发动力
202109,粤开证券,601668.SH,中国建筑
202109,粤开证券,601898.SH,中煤能源
202109,粤开证券,601985.SH,中国核电
202109,粤开证券,603678.SH,火炬电子
202109,西南证券,300122.SZ,智飞生物
202109,西南证券,300144.SZ,宋城演艺
202109,西南证券,300806.SZ,斯迪克
202109,西南证券,300871.SZ,回盛生物
202109,西南证券,600438.SH,通威股份
202109,西南证券,600703.SH,三安光电
202109,西南证券,600732.SH,爱旭股份
202109,西南证券,600893.SH,航发动力
202109,西南证券,688122.SH,西部超导
202109,西南证券,688319.SH,欧林生物
202109,长城证券,000630.SZ,铜陵有色
202109,长城证券,000858.SZ,五粮液
202109,长城证券,002946.SZ,新乳业
202109,长城证券,300587.SZ,天铁股份
202109,长城证券,600063.SH,皖维高新
202109,长城证券,600426.SH,华鲁恒升
202109,长城证券,603020.SH,爱普股份
202109,长城证券,603663.SH,三祥新材
202109,长城证券,603982.SH,泉峰汽车
202109,长城证券,688598.SH,金博股份
202110,东亚前海证券,000422.SZ,湖北宜化
202110,东亚前海证券,000568.SZ,泸州老窖
202110,东亚前海证券,002371.SZ,北方华创
202110,东亚前海证券,002741.SZ,光华科技
202110,东亚前海证券,300268.SZ,佳沃食品
202110,东亚前海证券,300760.SZ,迈瑞医疗
202110,东亚前海证券,300957.SZ,贝泰妮
202110,东亚前海证券,601658.SH,邮储银行
202110,东亚前海证券,603501.SH,韦尔股份
202110,东亚前海证券,688793.SH,倍轻松
202110,东兴证券,000858.SZ,五粮液
202110,东兴证券,002408.SZ,齐翔腾达
202110,东兴证券,003816.SZ,中国广核
202110,东兴证券,300487.SZ,蓝晓科技
202110,东兴证券,300617.SZ,安靠智电
202110,东兴证券,300994.SZ,久祺股份
202110,东兴证券,601238.SH,广汽集团
202110,东兴证券,688636.SH,智明达
202110,东兴证券,688696.SH,极米科技
202110,东吴证券,002009.SZ,天奇股份
202110,东吴证券,002821.SZ,凯莱英
202110,东吴证券,002850.SZ,科达利
202110,东吴证券,300014.SZ,亿纬锂能
202110,东吴证券,300059.SZ,东方财富
202110,东吴证券,603155.SH,新亚强
202110,东吴证券,603259.SH,药明康德
202110,东吴证券,688006.SH,杭可科技
202110,东吴证券,688686.SH,奥普特
202110,中信建投,000002.SZ,万科A
202110,中信建投,000568.SZ,泸州老窖
202110,中信建投,000830.SZ,鲁西化工
202110,中信建投,000938.SZ,紫光股份
202110,中信建投,002299.SZ,圣农发展
202110,中信建投,002414.SZ,高德红外
202110,中信建投,002555.SZ,三七互娱
202110,中信建投,002594.SZ,比亚迪
202110,中信建投,300033.SZ,同花顺
202110,中信建投,300347.SZ,泰格医药
202110,中信建投,300894.SZ,火星人
202110,中信建投,300979.SZ,华利集团
202110,中信建投,600021.SH,上海电力
202110,中信建投,600295.SH,鄂尔多斯
202110,中信建投,601615.SH,明阳智能
202110,中信建投,601658.SH,邮储银行
202110,中信建投,601677.SH,明泰铝业
202110,中信建投,601888.SH,中国中免
202110,中信建投,601919.SH,中远海控
202110,中信建投,603217.SH,元利科技
202110,中信建投,603822.SH,嘉澳环保
202110,中信建投,605268.SH,王力安防
202110,中原证券,002458.SZ,益生股份
202110,中原证券,002466.SZ,天齐锂业
202110,中原证券,002597.SZ,金禾实业
202110,中原证券,002930.SZ,宏川智慧
202110,中原证券,300049.SZ,福瑞股份
202110,中原证券,300853.SZ,申昊科技
202110,中原证券,600171.SH,上海贝岭
202110,中原证券,600875.SH,东方电气
202110,中原证券,603530.SH,神马电力
202110,中原证券,605499.SH,东鹏饮料
202110,中国银河,002078.SZ,太阳纸业
202110,中国银河,002092.SZ,中泰化学
202110,中国银河,002352.SZ,顺丰控股
202110,中国银河,002460.SZ,赣锋锂业
202110,中国银河,300015.SZ,爱尔眼科
202110,中国银河,300059.SZ,东方财富
202110,中国银河,300750.SZ,宁德时代
202110,中国银河,600519.SH,贵州茅台
202110,中国银河,601088.SH,中国神华
202110,中银证券,000858.SZ,五粮液
202110,中银证券,300274.SZ,阳光电源
202110,中银证券,300496.SZ,中科创达
202110,中银证券,300567.SZ,精测电子
202110,中银证券,300655.SZ,晶瑞电材
202110,中银证券,600660.SH,福耀玻璃
202110,中银证券,600801.SH,华新水泥
202110,中银证券,601888.SH,中国中免
202110,信达证券,002434.SZ,万里扬
202110,信达证券,002988.SZ,豪美新材
202110,信达证券,300994.SZ,久祺股份
202110,信达证券,600188.SH,兖州煤业
202110,信达证券,600519.SH,贵州茅台
202110,信达证券,600884.SH,杉杉股份
202110,信达证券,601058.SH,赛轮轮胎
202110,信达证券,601666.SH,平煤股份
202110,信达证券,601808.SH,中海油服
202110,信达证券,603259.SH,药明康德
202110,光大证券,002088.SZ,鲁阳节能
202110,光大证券,002129.SZ,中环股份
202110,光大证券,002139.SZ,拓邦股份
202110,光大证券,002821.SZ,凯莱英
202110,光大证券,600507.SH,方大特钢
202110,光大证券,601128.SH,常熟银行
202110,光大证券,601857.SH,中国石油
202110,光大证券,603496.SH,恒为科技
202110,光大证券,603816.SH,顾家家居
202110,兴业证券,000977.SZ,浪潮信息
202110,兴业证券,002013.SZ,中航机电
202110,兴业证券,003031.SZ,中瓷电子
202110,兴业证券,600690.SH,海尔智家
202110,兴业证券,600745.SH,闻泰科技
202110,兴业证券,600888.SH,新疆众和
202110,兴业证券,601225.SH,陕西煤业
202110,兴业证券,603259.SH,药明康德
202110,兴业证券,603369.SH,今世缘
202110,兴业证券,603583.SH,捷昌驱动
202110,华安证券,002230.SZ,科大讯飞
202110,华安证券,002236.SZ,大华股份
202110,华安证券,002371.SZ,北方华创
202110,华安证券,002709.SZ,天赐材料
202110,华安证券,300057.SZ,万顺新材
202110,华安证券,300750.SZ,宁德时代
202110,华安证券,600048.SH,保利发展
202110,华安证券,603290.SH,斯达半导
202110,华安证券,688065.SH,凯赛生物
202110,华安证券,688536.SH,思瑞浦
202110,华金证券,002311.SZ,海大集团
202110,华金证券,002867.SZ,周大生
202110,华金证券,300059.SZ,东方财富
202110,华金证券,300470.SZ,中密控股
202110,华金证券,600150.SH,中国船舶
202110,华金证券,600732.SH,爱旭股份
202110,华金证券,600887.SH,伊利股份
202110,华金证券,603351.SH,威尔药业
202110,华金证券,605376.SH,博迁新材
202110,华金证券,688690.SH,纳微科技
202110,国信证券,000333.SZ,美的集团
202110,国信证券,002352.SZ,顺丰控股
202110,国信证券,300059.SZ,东方财富
202110,国信证券,300627.SZ,华测导航
202110,国信证券,600256.SH,广汇能源
202110,国信证券,600519.SH,贵州茅台
202110,国信证券,601888.SH,中国中免
202110,国信证券,603693.SH,江苏新能
202110,国信证券,603899.SH,晨光文具
202110,国元证券,002867.SZ,周大生
202110,国元证券,002925.SZ,盈趣科技
202110,国元证券,300496.SZ,中科创达
202110,国元证券,688200.SH,华峰测控
202110,国元证券,688551.SH,科威尔
202110,国海证券,000739.SZ,普洛药业
202110,国海证券,002555.SZ,三七互娱
202110,国海证券,002714.SZ,牧原股份
202110,国海证券,300035.SZ,中科电气
202110,国海证券,600233.SH,圆通速递
202110,国海证券,600372.SH,中航电子
202110,国海证券,600702.SH,舍得酒业
202110,国海证券,601808.SH,中海油服
202110,国海证券,601966.SH,玲珑轮胎
202110,国海证券,603290.SH,斯达半导
202110,国盛证券,000568.SZ,泸州老窖
202110,国盛证券,002129.SZ,中环股份
202110,国盛证券,002291.SZ,星期六
202110,国盛证券,002648.SZ,卫星石化
202110,国盛证券,300390.SZ,天华超净
202110,国盛证券,300628.SZ,亿联网络
202110,国盛证券,300648.SZ,星云股份
202110,国盛证券,601658.SH,邮储银行
202110,国盛证券,601666.SH,平煤股份
202110,国盛证券,601677.SH,明泰铝业
202110,国盛证券,603558.SH,健盛集团
202110,国盛证券,688023.SH,安恒信息
202110,国盛证券,688301.SH,奕瑞科技
202110,国金证券,002597.SZ,金禾实业
202110,国金证券,300274.SZ,阳光电源
202110,国金证券,300327.SZ,中颖电子
202110,国金证券,300957.SZ,贝泰妮
202110,国金证券,600884.SH,杉杉股份
202110,国金证券,600900.SH,长江电力
202110,国金证券,603010.SH,万盛股份
202110,国金证券,603667.SH,五洲新春
202110,国金证券,688029.SH,南微医学
202110,天风证券,000063.SZ,中兴通讯
202110,天风证券,000906.SZ,浙商中拓
202110,天风证券,001215.SZ,千味央厨
202110,天风证券,300508.SZ,维宏股份
202110,天风证券,600801.SH,华新水泥
202110,天风证券,601225.SH,陕西煤业
202110,天风证券,601567.SH,三星医疗
202110,天风证券,601688.SH,华泰证券
202110,天风证券,603155.SH,新亚强
202110,天风证券,603799.SH,华友钴业
202110,太平洋证券,000629.SZ,攀钢钒钛
202110,太平洋证券,000733.SZ,振华科技
202110,太平洋证券,000792.SZ,盐湖股份
202110,太平洋证券,002100.SZ,天康生物
202110,太平洋证券,002119.SZ,康强电子
202110,太平洋证券,300274.SZ,阳光电源
202110,太平洋证券,300487.SZ,蓝晓科技
202110,太平洋证券,300587.SZ,天铁股份
202110,太平洋证券,600702.SH,舍得酒业
202110,太平洋证券,689009.SH,九号公司-WD
202110,安信证券,000733.SZ,振华科技
202110,安信证券,000776.SZ,广发证券
202110,安信证券,002223.SZ,鱼跃医疗
202110,安信证券,300035.SZ,中科电气
202110,安信证券,300379.SZ,东方通
202110,安信证券,600519.SH,贵州茅台
202110,安信证券,600546.SH,山煤国际
202110,安信证券,600641.SH,万业企业
202110,安信证券,601888.SH,中国中免
202110,安信证券,603915.SH,国茂股份
202110,川财证券,000568.SZ,泸州老窖
202110,川财证券,000875.SZ,吉电股份
202110,川财证券,002013.SZ,中航机电
202110,川财证券,002245.SZ,蔚蓝锂芯
202110,川财证券,002651.SZ,利君股份
202110,川财证券,002931.SZ,锋龙股份
202110,川财证券,600392.SH,盛和资源
202110,川财证券,600438.SH,通威股份
202110,川财证券,600519.SH,贵州茅台
202110,川财证券,601600.SH,中国铝业
202110,平安证券,000568.SZ,泸州老窖
202110,平安证券,002487.SZ,大金重工
202110,平安证券,300059.SZ,东方财富
202110,平安证券,300073.SZ,当升科技
202110,平安证券,300496.SZ,中科创达
202110,平安证券,600519.SH,贵州茅台
202110,平安证券,601615.SH,明阳智能
202110,平安证券,603259.SH,药明康德
202110,平安证券,603520.SH,司太立
202110,平安证券,688598.SH,金博股份
202110,开源证券,000776.SZ,广发证券
202110,开源证券,002624.SZ,完美世界
202110,开源证券,300806.SZ,斯迪克
202110,开源证券,600188.SH,兖州煤业
202110,开源证券,600256.SH,广汇能源
202110,开源证券,600958.SH,东方证券
202110,开源证券,601678.SH,滨化股份
202110,开源证券,688089.SH,嘉必优
202110,开源证券,688556.SH,高测股份
202110,德邦证券,000858.SZ,五粮液
202110,德邦证券,002179.SZ,中航光电
202110,德邦证券,002353.SZ,杰瑞股份
202110,德邦证券,300568.SZ,星源材质
202110,德邦证券,300604.SZ,长川科技
202110,德邦证券,300659.SZ,中孚信息
202110,德邦证券,601888.SH,中国中免
202110,德邦证券,605080.SH,浙江自然
202110,方正证券,000988.SZ,华工科技
202110,方正证券,002371.SZ,北方华创
202110,方正证券,002414.SZ,高德红外
202110,方正证券,002568.SZ,百润股份
202110,方正证券,300454.SZ,深信服
202110,方正证券,300760.SZ,迈瑞医疗
202110,方正证券,600036.SH,招商银行
202110,方正证券,600519.SH,贵州茅台
202110,方正证券,603906.SH,龙蟠科技
202110,方正证券,688312.SH,燕麦科技
202110,浙商证券,000001.SZ,平安银行
202110,浙商证券,000596.SZ,古井贡酒
202110,浙商证券,000768.SZ,中航西飞
202110,浙商证券,002120.SZ,韵达股份
202110,浙商证券,300474.SZ,景嘉微
202110,浙商证券,600004.SH,白云机场
202110,浙商证券,600702.SH,舍得酒业
202110,浙商证券,600882.SH,妙可蓝多
202110,浙商证券,603185.SH,上机数控
202110,浙商证券,603707.SH,健友股份
202110,粤开证券,000568.SZ,泸州老窖
202110,粤开证券,002459.SZ,晶澳科技
202110,粤开证券,002821.SZ,凯莱英
202110,粤开证券,300059.SZ,东方财富
202110,粤开证券,300124.SZ,汇川技术
202110,粤开证券,300319.SZ,麦捷科技
202110,粤开证券,300751.SZ,迈为股份
202110,粤开证券,600256.SH,广汇能源
202110,粤开证券,600436.SH,片仔癀
202110,粤开证券,603345.SH,安井食品
202110,西南证券,000069.SZ,华侨城A
202110,西南证券,002371.SZ,北方华创
202110,西南证券,002714.SZ,牧原股份
202110,西南证券,300413.SZ,芒果超媒
202110,西南证券,300750.SZ,宁德时代
202110,西南证券,301020.SZ,密封科技
202110,西南证券,600732.SH,爱旭股份
202110,西南证券,600893.SH,航发动力
202110,西南证券,688059.SH,华锐精密
202110,西南证券,688319.SH,欧林生物
202110,长城证券,000063.SZ,中兴通讯
202110,长城证券,000858.SZ,五粮液
202110,长城证券,002438.SZ,江苏神通
202110,长城证券,002840.SZ,华统股份
202110,长城证券,300587.SZ,天铁股份
202110,长城证券,600048.SH,保利发展
202110,长城证券,600199.SH,金种子酒
202110,长城证券,601111.SH,中国国航
202110,长城证券,688598.SH,金博股份
202111,东吴证券,002142.SZ,宁波银行
202111,东吴证券,002821.SZ,凯莱英
202111,东吴证券,300316.SZ,晶盛机电
202111,东吴证券,300474.SZ,景嘉微
202111,东吴证券,300682.SZ,朗新科技
202111,东吴证券,300750.SZ,宁德时代
202111,东吴证券,601012.SH,隆基股份
202111,东吴证券,601633.SH,长城汽车
202111,东吴证券,601888.SH,中国中免
202111,中信建投,000822.SZ,山东海化
202111,中信建投,002041.SZ,登海种业
202111,中信建投,002271.SZ,东方雨虹
202111,中信建投,002459.SZ,晶澳科技
202111,中信建投,002555.SZ,三七互娱
202111,中信建投,002831.SZ,裕同科技
202111,中信建投,002897.SZ,意华股份
202111,中信建投,300015.SZ,爱尔眼科
202111,中信建投,300496.SZ,中科创达
202111,中信建投,300699.SZ,光威复材
202111,中信建投,300911.SZ,亿田智能
202111,中信建投,300979.SZ,华利集团
202111,中信建投,600021.SH,上海电力
202111,中信建投,600048.SH,保利发展
202111,中信建投,600519.SH,贵州茅台
202111,中信建投,600577.SH,精达股份
202111,中信建投,601388.SH,怡球资源
202111,中信建投,601658.SH,邮储银行
202111,中信建投,601868.SH,中国能建
202111,中信建投,601888.SH,中国中免
202111,中信建投,601919.SH,中远海控
202111,中信建投,603822.SH,嘉澳环保
202111,中信建投,688033.SH,天宜上佳
202111,中原证券,000009.SZ,中国宝安
202111,中原证券,002091.SZ,江苏国泰
202111,中原证券,002385.SZ,大北农
202111,中原证券,002624.SZ,完美世界
202111,中原证券,300777.SZ,中简科技
202111,中原证券,300856.SZ,科思股份
202111,中原证券,600030.SH,中信证券
202111,中原证券,600862.SH,中航高科
202111,中原证券,600887.SH,伊利股份
202111,中原证券,601865.SH,福莱特
202111,中国银河,000625.SZ,长安汽车
202111,中国银河,002092.SZ,中泰化学
202111,中国银河,002352.SZ,顺丰控股
202111,中国银河,002460.SZ,赣锋锂业
202111,中国银河,300957.SZ,贝泰妮
202111,中国银河,600519.SH,贵州茅台
202111,中国银河,600703.SH,三安光电
202111,中国银河,601012.SH,隆基股份
202111,中国银河,601800.SH,中国交建
202111,中国银河,603712.SH,七一二
202111,华安证券,000001.SZ,平安银行
202111,华安证券,002230.SZ,科大讯飞
202111,华安证券,002299.SZ,圣农发展
202111,华安证券,300957.SZ,贝泰妮
202111,华安证券,600176.SH,中国巨石
202111,华安证券,600887.SH,伊利股份
202111,华安证券,603236.SH,移远通信
202111,华安证券,688065.SH,凯赛生物
202111,华安证券,688388.SH,嘉元科技
202111,华安证券,688536.SH,思瑞浦
202111,华泰证券,000002.SZ,万科A
202111,华泰证券,000568.SZ,泸州老窖
202111,华泰证券,002230.SZ,科大讯飞
202111,华泰证券,002241.SZ,歌尔股份
202111,华泰证券,002624.SZ,完美世界
202111,华泰证券,300982.SZ,苏文电能
202111,华泰证券,600233.SH,圆通速递
202111,华泰证券,600862.SH,中航高科
202111,华泰证券,601009.SH,南京银行
202111,华泰证券,601601.SH,中国太保
202111,华金证券,000963.SZ,华东医药
202111,华金证券,002867.SZ,周大生
202111,华金证券,002920.SZ,德赛西威
202111,华金证券,300059.SZ,东方财富
202111,华金证券,300747.SZ,锐科激光
202111,华金证券,600150.SH,中国船舶
202111,华金证券,600600.SH,青岛啤酒
202111,华金证券,600732.SH,爱旭股份
202111,华金证券,600887.SH,伊利股份
202111,华金证券,603806.SH,福斯特
202111,国泰君安,000858.SZ,五粮液
202111,国泰君安,002241.SZ,歌尔股份
202111,国泰君安,002271.SZ,东方雨虹
202111,国泰君安,300014.SZ,亿纬锂能
202111,国泰君安,600011.SH,华能国际
202111,国泰君安,600030.SH,中信证券
202111,国泰君安,600438.SH,通威股份
202111,国泰君安,600887.SH,伊利股份
202111,国泰君安,601012.SH,隆基股份
202111,国泰君安,603259.SH,药明康德
202111,天风证券,000301.SZ,东方盛虹
202111,天风证券,001215.SZ,千味央厨
202111,天风证券,002142.SZ,宁波银行
202111,天风证券,600011.SH,华能国际
202111,天风证券,600210.SH,紫江企业
202111,天风证券,600258.SH,首旅酒店
202111,天风证券,600487.SH,亨通光电
202111,天风证券,600522.SH,中天科技
202111,天风证券,601567.SH,三星医疗
202111,天风证券,601633.SH,长城汽车
202111,平安证券,002487.SZ,大金重工
202111,平安证券,300059.SZ,东方财富
202111,平安证券,300073.SZ,当升科技
202111,平安证券,600036.SH,招商银行
202111,平安证券,600132.SH,重庆啤酒
202111,平安证券,600519.SH,贵州茅台
202111,平安证券,600660.SH,福耀玻璃
202111,平安证券,600884.SH,杉杉股份
202111,平安证券,601615.SH,明阳智能
202111,平安证券,688598.SH,金博股份
202111,开源证券,000776.SZ,广发证券
202111,开源证券,002539.SZ,云图控股
202111,开源证券,002920.SZ,德赛西威
202111,开源证券,600188.SH,兖州煤业
202111,开源证券,600256.SH,广汇能源
202111,开源证券,600958.SH,东方证券
202111,开源证券,601012.SH,隆基股份
202111,开源证券,603505.SH,金石资源
202111,开源证券,688089.SH,嘉必优
202111,开源证券,688556.SH,高测股份
202111,德邦证券,002049.SZ,紫光国微
202111,德邦证券,002928.SZ,华夏航空
202111,德邦证券,300285.SZ,国瓷材料
202111,德邦证券,300662.SZ,科锐国际
202111,德邦证券,301061.SZ,匠心家居
202111,德邦证券,600132.SH,重庆啤酒
202111,德邦证券,600862.SH,中航高科
202111,德邦证券,688006.SH,杭可科技
202111,德邦证券,688122.SH,西部超导
202112,东亚前海证券,000422.SZ,湖北宜化
202112,东亚前海证券,002311.SZ,海大集团
202112,东亚前海证券,002741.SZ,光华科技
202112,东亚前海证券,300207.SZ,欣旺达
202112,东亚前海证券,300896.SZ,爱美客
202112,东亚前海证券,600519.SH,贵州茅台
202112,东亚前海证券,601658.SH,邮储银行
202112,东亚前海证券,603359.SH,东珠生态
202112,东亚前海证券,688301.SH,奕瑞科技
202112,东亚前海证券,688793.SH,倍轻松
202112,东兴证券,000858.SZ,五粮液
202112,东兴证券,002180.SZ,纳思达
202112,东兴证券,002408.SZ,齐翔腾达
202112,东兴证券,300994.SZ,久祺股份
202112,东兴证券,300996.SZ,普联软件
202112,东兴证券,600933.SH,爱柯迪
202112,东兴证券,601128.SH,常熟银行
202112,东兴证券,603218.SH,日月股份
202112,东兴证券,688208.SH,道通科技
202112,东北证券,000768.SZ,中航西飞
202112,东北证券,000893.SZ,亚钾国际
202112,东北证券,300672.SZ,国科微
202112,东北证券,300896.SZ,爱美客
202112,东北证券,301071.SZ,力量钻石
202112,东北证券,600702.SH,舍得酒业
202112,东北证券,600763.SH,通策医疗
202112,东北证券,603866.SH,桃李面包
202112,东北证券,688288.SH,鸿泉物联
202112,东北证券,835185.BJ,贝特瑞
202112,东吴证券,002028.SZ,思源电气
202112,东吴证券,002821.SZ,凯莱英
202112,东吴证券,002881.SZ,美格智能
202112,东吴证券,300059.SZ,东方财富
202112,东吴证券,300274.SZ,阳光电源
202112,东吴证券,301030.SZ,仕净科技
202112,东吴证券,600519.SH,贵州茅台
202112,东吴证券,603659.SH,璞泰来
202112,东吴证券,688006.SH,杭可科技
202112,东吴证券,688598.SH,金博股份
202112,中原证券,002745.SZ,木林森
202112,中原证券,300451.SZ,创业慧康
202112,中原证券,300496.SZ,中科创达
202112,中原证券,600176.SH,中国巨石
202112,中原证券,600875.SH,东方电气
202112,中原证券,603186.SH,华正新材
202112,中原证券,603212.SH,赛伍技术
202112,中原证券,688122.SH,西部超导
202112,中原证券,688390.SH,固德威
202112,中原证券,688595.SH,芯海科技
202112,中国银河,002352.SZ,顺丰控股
202112,中国银河,002460.SZ,赣锋锂业
202112,中国银河,002791.SZ,坚朗五金
202112,中国银河,300447.SZ,全信股份
202112,中国银河,600036.SH,招商银行
202112,中国银河,600519.SH,贵州茅台
202112,中国银河,600976.SH,健民集团
202112,中国银河,603588.SH,高能环境
202112,中国银河,688088.SH,虹软科技
202112,中泰证券,002142.SZ,宁波银行
202112,中泰证券,002534.SZ,杭锅股份
202112,中泰证券,002897.SZ,意华股份
202112,中泰证券,300451.SZ,创业慧康
202112,中泰证券,300726.SZ,宏达电子
202112,中泰证券,600048.SH,保利发展
202112,中泰证券,600111.SH,北方稀土
202112,中泰证券,601225.SH,陕西煤业
202112,中泰证券,688105.SH,诺唯赞
202112,中银证券,000739.SZ,普洛药业
202112,中银证券,300098.SZ,高新兴
202112,中银证券,300188.SZ,美亚柏科
202112,中银证券,300655.SZ,晶瑞电材
202112,中银证券,600801.SH,华新水泥
202112,中银证券,600809.SH,山西汾酒
202112,中银证券,600958.SH,东方证券
202112,中银证券,601012.SH,隆基股份
202112,中银证券,688082.SH,盛美上海
202112,光大证券,002821.SZ,凯莱英
202112,光大证券,002895.SZ,川恒股份
202112,光大证券,300531.SZ,优博讯
202112,光大证券,300655.SZ,晶瑞电材
202112,光大证券,300725.SZ,药石科技
202112,光大证券,300750.SZ,宁德时代
202112,光大证券,600519.SH,贵州茅台
202112,光大证券,601636.SH,旗滨集团
202112,光大证券,601778.SH,晶科科技
202112,光大证券,688601.SH,力芯微
202112,华安证券,002230.SZ,科大讯飞
202112,华安证券,300750.SZ,宁德时代
202112,华安证券,600036.SH,招商银行
202112,华安证券,600499.SH,科达制造
202112,华安证券,603236.SH,移远通信
202112,华安证券,603290.SH,斯达半导
202112,华安证券,603799.SH,华友钴业
202112,华安证券,603916.SH,苏博特
202112,华安证券,688065.SH,凯赛生物
202112,华安证券,688536.SH,思瑞浦
202112,华西证券,000799.SZ,酒鬼酒
202112,华西证券,000998.SZ,隆平高科
202112,华西证券,002154.SZ,报喜鸟
202112,华西证券,002385.SZ,大北农
202112,华西证券,300799.SZ,左江科技
202112,华西证券,601689.SH,拓普集团
202112,华西证券,603818.SH,曲美家居
202112,华西证券,603908.SH,牧高笛
202112,华西证券,688239.SH,航宇科技
202112,华西证券,688533.SH,上声电子
202112,华金证券,002870.SZ,香山股份
202112,华金证券,300059.SZ,东方财富
202112,华金证券,300724.SZ,捷佳伟创
202112,华金证券,300747.SZ,锐科激光
202112,华金证券,600732.SH,爱旭股份
202112,华金证券,600887.SH,伊利股份
202112,华金证券,603369.SH,今世缘
202112,华金证券,603806.SH,福斯特
202112,华金证券,605376.SH,博迁新材
202112,华金证券,688690.SH,纳微科技
202112,国信证券,002041.SZ,登海种业
202112,国信证券,002142.SZ,宁波银行
202112,国信证券,300394.SZ,天孚通信
202112,国信证券,300496.SZ,中科创达
202112,国信证券,600111.SH,北方稀土
202112,国信证券,600176.SH,中国巨石
202112,国信证券,600519.SH,贵州茅台
202112,国信证券,603596.SH,伯特利
202112,国元证券,000657.SZ,中钨高新
202112,国元证券,002240.SZ,盛新锂能
202112,国元证券,002415.SZ,海康威视
202112,国元证券,603610.SH,麒盛科技
202112,国元证券,605098.SH,行动教育
202112,国盛证券,000568.SZ,泸州老窖
202112,国盛证券,002032.SZ,苏泊尔
202112,国盛证券,002142.SZ,宁波银行
202112,国盛证券,002648.SZ,卫星化学
202112,国盛证券,300014.SZ,亿纬锂能
202112,国盛证券,300390.SZ,天华超净
202112,国盛证券,600416.SH,湘电股份
202112,国盛证券,601658.SH,邮储银行
202112,国盛证券,601677.SH,明泰铝业
202112,国盛证券,603359.SH,东珠生态
202112,国盛证券,603583.SH,捷昌驱动
202112,国联证券,000938.SZ,紫光股份
202112,国联证券,002953.SZ,日丰股份
202112,国联证券,300416.SZ,苏试试验
202112,国联证券,300760.SZ,迈瑞医疗
202112,国联证券,300842.SZ,帝科股份
202112,国联证券,300945.SZ,曼卡龙
202112,国联证券,600887.SH,伊利股份
202112,国联证券,603690.SH,至纯科技
202112,国联证券,605369.SH,拱东医疗
202112,国联证券,688696.SH,极米科技
202112,国金证券,000661.SZ,长春高新
202112,国金证券,002438.SZ,江苏神通
202112,国金证券,002597.SZ,金禾实业
202112,国金证券,600438.SH,通威股份
202112,国金证券,600499.SH,科达制造
202112,国金证券,600884.SH,杉杉股份
202112,国金证券,600887.SH,伊利股份
202112,国金证券,603010.SH,万盛股份
202112,国金证券,603236.SH,移远通信
202112,国金证券,688300.SH,联瑞新材
202112,天风证券,000301.SZ,东方盛虹
202112,天风证券,000935.SZ,四川双马
202112,天风证券,002191.SZ,劲嘉股份
202112,天风证券,002607.SZ,中公教育
202112,天风证券,002734.SZ,利民股份
202112,天风证券,002859.SZ,洁美科技
202112,天风证券,300416.SZ,苏试试验
202112,天风证券,600522.SH,中天科技
202112,天风证券,601567.SH,三星医疗
202112,天风证券,601658.SH,邮储银行
202112,安信证券,002142.SZ,宁波银行
202112,安信证券,002212.SZ,天融信
202112,安信证券,002617.SZ,露笑科技
202112,安信证券,600233.SH,圆通速递
202112,安信证券,600519.SH,贵州茅台
202112,安信证券,600690.SH,海尔智家
202112,安信证券,600702.SH,舍得酒业
202112,安信证券,601985.SH,中国核电
202112,安信证券,603035.SH,常熟汽饰
202112,山西证券,000887.SZ,中鼎股份
202112,山西证券,001979.SZ,招商蛇口
202112,山西证券,002511.SZ,中顺洁柔
202112,山西证券,002709.SZ,天赐材料
202112,山西证券,300073.SZ,当升科技
202112,山西证券,300122.SZ,智飞生物
202112,山西证券,600060.SH,海信视像
202112,山西证券,601012.SH,隆基股份
202112,山西证券,601088.SH,中国神华
202112,山西证券,603277.SH,银都股份
202112,川财证券,000568.SZ,泸州老窖
202112,川财证券,000858.SZ,五粮液
202112,川财证券,002013.SZ,中航机电
202112,川财证券,002272.SZ,川润股份
202112,川财证券,002651.SZ,利君股份
202112,川财证券,002931.SZ,锋龙股份
202112,川财证券,600011.SH,华能国际
202112,川财证券,600392.SH,盛和资源
202112,川财证券,600519.SH,贵州茅台
202112,川财证券,601985.SH,中国核电
202112,平安证券,000568.SZ,泸州老窖
202112,平安证券,002487.SZ,大金重工
202112,平安证券,300059.SZ,东方财富
202112,平安证券,300438.SZ,鹏辉能源
202112,平安证券,600519.SH,贵州茅台
202112,平安证券,600884.SH,杉杉股份
202112,平安证券,601012.SH,隆基股份
202112,平安证券,688006.SH,杭可科技
202112,开源证券,000776.SZ,广发证券
202112,开源证券,000887.SZ,中鼎股份
202112,开源证券,002906.SZ,华阳集团
202112,开源证券,300481.SZ,濮阳惠成
202112,开源证券,600285.SH,羚锐制药
202112,开源证券,600426.SH,华鲁恒升
202112,开源证券,600958.SH,东方证券
202112,开源证券,603816.SH,顾家家居
202112,开源证券,688089.SH,嘉必优
202112,开源证券,688169.SH,石头科技
202112,德邦证券,002049.SZ,紫光国微
202112,德邦证券,002557.SZ,洽洽食品
202112,德邦证券,002727.SZ,一心堂
202112,德邦证券,300454.SZ,深信服
202112,德邦证券,300601.SZ,康泰生物
202112,德邦证券,300604.SZ,长川科技
202112,德邦证券,688006.SH,杭可科技
202112,德邦证券,688122.SH,西部超导
202112,方正证券,000733.SZ,振华科技
202112,方正证券,000988.SZ,华工科技
202112,方正证券,002371.SZ,北方华创
202112,方正证券,300253.SZ,卫宁健康
202112,方正证券,300454.SZ,深信服
202112,方正证券,300633.SZ,开立医疗
202112,方正证券,301030.SZ,仕净科技
202112,方正证券,600036.SH,招商银行
202112,方正证券,688111.SH,金山办公
202112,浙商证券,000001.SZ,平安银行
202112,浙商证券,000768.SZ,中航西飞
202112,浙商证券,000776.SZ,广发证券
202112,浙商证券,000959.SZ,首钢股份
202112,浙商证券,001965.SZ,招商公路
202112,浙商证券,300757.SZ,罗博特科
202112,浙商证券,600519.SH,贵州茅台
202112,浙商证券,600702.SH,舍得酒业
202112,浙商证券,601166.SH,兴业银行
202112,浙商证券,603020.SH,爱普股份
202112,申万宏源,000768.SZ,中航西飞
202112,申万宏源,002236.SZ,大华股份
202112,申万宏源,300450.SZ,先导智能
202112,申万宏源,600030.SH,中信证券
202112,申万宏源,600048.SH,保利发展
202112,申万宏源,600585.SH,海螺水泥
202112,申万宏源,603005.SH,晶方科技
202112,申万宏源,603816.SH,顾家家居
202112,申万宏源,688101.SH,三达膜
202112,粤开证券,000811.SZ,冰轮环境
202112,粤开证券,002635.SZ,安洁科技
202112,粤开证券,300057.SZ,万顺新材
202112,粤开证券,600285.SH,羚锐制药
202112,粤开证券,600702.SH,舍得酒业
202112,粤开证券,603606.SH,东方电缆
202112,粤开证券,603678.SH,火炬电子
202112,粤开证券,688097.SH,博众精工
202112,粤开证券,688188.SH,柏楚电子
202112,粤开证券,688390.SH,固德威
202112,西南证券,000657.SZ,中钨高新
202112,西南证券,002483.SZ,润邦股份
202112,西南证券,600438.SH,通威股份
202112,西南证券,600519.SH,贵州茅台
202112,西南证券,600893.SH,航发动力
202112,西南证券,603198.SH,迎驾贡酒
202112,西南证券,603259.SH,药明康德
202112,西南证券,688319.SH,欧林生物
202112,西南证券,688383.SH,新益昌
202112,西南证券,688560.SH,明冠新材
202112,长城证券,000776.SZ,广发证券
202112,长城证券,000858.SZ,五粮液
202112,长城证券,002438.SZ,江苏神通
202112,长城证券,300196.SZ,长海股份
202112,长城证券,300580.SZ,贝斯特
202112,长城证券,300587.SZ,天铁股份
202112,长城证券,300755.SZ,华致酒行
202112,长城证券,300993.SZ,玉马遮阳
202112,长城证券,600329.SH,中新药业
202112,长城证券,600872.SH,中炬高新
202112,长城证券,603535.SH,嘉诚国际
202112,长江证券,002179.SZ,中航光电
202112,长江证券,002241.SZ,歌尔股份
202112,长江证券,002597.SZ,金禾实业
202112,长江证券,300059.SZ,东方财富
202112,长江证券,300390.SZ,天华超净
202112,长江证券,300750.SZ,宁德时代
202112,长江证券,300887.SZ,谱尼测试
202112,长江证券,600048.SH,保利发展
202112,长江证券,603456.SH,九洲药业
202112,长江证券,603558.SH,健盛集团
202201,上海证券,002705.SZ,新宝股份
202201,上海证券,300088.SZ,长信科技
202201,上海证券,300507.SZ,苏奥传感
202201,上海证券,600383.SH,金地集团
202201,上海证券,600458.SH,时代新材
202201,上海证券,600519.SH,贵州茅台
202201,上海证券,600563.SH,法拉电子
202201,上海证券,600641.SH,万业企业
202201,上海证券,603444.SH,吉比特
202201,上海证券,688556.SH,高测股份
202201,中原证券,000333.SZ,美的集团
202201,中原证券,000792.SZ,盐湖股份
202201,中原证券,002597.SZ,金禾实业
202201,中原证券,002625.SZ,光启技术
202201,中原证券,002777.SZ,久远银海
202201,中原证券,301011.SZ,华立科技
202201,中原证券,601318.SH,中国平安
202201,中原证券,601868.SH,中国能建
202201,中原证券,603233.SH,大参林
202201,中原证券,688555.SH,泽达易盛
202201,信达证券,002011.SZ,盾安环境
202201,信达证券,002434.SZ,万里扬
202201,信达证券,002988.SZ,豪美新材
202201,信达证券,002991.SZ,甘源食品
202201,信达证券,300382.SZ,斯莱克
202201,信达证券,300451.SZ,创业慧康
202201,信达证券,300726.SZ,宏达电子
202201,信达证券,600188.SH,兖矿能源
202201,信达证券,600529.SH,山东药玻
202201,信达证券,601058.SH,赛轮轮胎
202201,光大证券,000333.SZ,美的集团
202201,光大证券,000915.SZ,华特达因
202201,光大证券,002001.SZ,新和成
202201,光大证券,002088.SZ,鲁阳节能
202201,光大证券,002507.SZ,涪陵榨菜
202201,光大证券,300655.SZ,晶瑞电材
202201,光大证券,600519.SH,贵州茅台
202201,光大证券,600587.SH,新华医疗
202201,光大证券,601012.SH,隆基股份
202201,光大证券,688601.SH,力芯微
202201,华金证券,002873.SZ,新天药业
202201,华金证券,300033.SZ,同花顺
202201,华金证券,300724.SZ,捷佳伟创
202201,华金证券,600150.SH,中国船舶
202201,华金证券,600188.SH,兖矿能源
202201,华金证券,600732.SH,爱旭股份
202201,华金证券,600887.SH,伊利股份
202201,华金证券,601633.SH,长城汽车
202201,华金证券,603806.SH,福斯特
202201,华金证券,605376.SH,博迁新材
202201,国信证券,000333.SZ,美的集团
202201,国信证券,000792.SZ,盐湖股份
202201,国信证券,000848.SZ,承德露露
202201,国信证券,002142.SZ,宁波银行
202201,国信证券,002555.SZ,三七互娱
202201,国信证券,002724.SZ,海洋王
202201,国信证券,002840.SZ,华统股份
202201,国信证券,600989.SH,宝丰能源
202201,国信证券,601985.SH,中国核电
202201,国信证券,603713.SH,密尔克卫
202201,国联证券,000938.SZ,紫光股份
202201,国联证券,002041.SZ,登海种业
202201,国联证券,002876.SZ,三利谱
202201,国联证券,002953.SZ,日丰股份
202201,国联证券,300760.SZ,迈瑞医疗
202201,国联证券,600370.SH,三房巷
202201,国联证券,600519.SH,贵州茅台
202201,国联证券,600732.SH,爱旭股份
202201,国联证券,601888.SH,中国中免
202201,国联证券,605369.SH,拱东医疗
202201,安信证券,000776.SZ,广发证券
202201,安信证券,002196.SZ,方正电机
202201,安信证券,002352.SZ,顺丰控股
202201,安信证券,600456.SH,宝钛股份
202201,安信证券,601058.SH,赛轮轮胎
202201,安信证券,601238.SH,广汽集团
202201,安信证券,601888.SH,中国中免
202201,安信证券,601985.SH,中国核电
202201,安信证券,603328.SH,依顿电子
202201,安信证券,605305.SH,中际联合
202201,山西证券,000887.SZ,中鼎股份
202201,山西证券,001979.SZ,招商蛇口
202201,山西证券,002511.SZ,中顺洁柔
202201,山西证券,002709.SZ,天赐材料
202201,山西证券,300073.SZ,当升科技
202201,山西证券,300122.SZ,智飞生物
202201,山西证券,600060.SH,海信视像
202201,山西证券,601012.SH,隆基股份
202201,山西证券,601088.SH,中国神华
202201,山西证券,603277.SH,银都股份
202201,平安证券,000568.SZ,泸州老窖
202201,平安证券,002027.SZ,分众传媒
202201,平安证券,002049.SZ,紫光国微
202201,平安证券,002352.SZ,顺丰控股
202201,平安证券,002475.SZ,立讯精密
202201,平安证券,002487.SZ,大金重工
202201,平安证券,300059.SZ,东方财富
202201,平安证券,300438.SZ,鹏辉能源
202201,平安证券,601012.SH,隆基股份
202201,平安证券,601838.SH,成都银行
202201,开源证券,000776.SZ,广发证券
202201,开源证券,002714.SZ,牧原股份
202201,开源证券,002815.SZ,崇达技术
202201,开源证券,300223.SZ,北京君正
202201,开源证券,300580.SZ,贝斯特
202201,开源证券,600809.SH,山西汾酒
202201,开源证券,600958.SH,东方证券
202201,开源证券,603008.SH,喜临门
202201,开源证券,688169.SH,石头科技
202201,德邦证券,000568.SZ,泸州老窖
202201,德邦证券,002928.SZ,华夏航空
202201,德邦证券,300662.SZ,科锐国际
202201,德邦证券,603818.SH,曲美家居
202201,德邦证券,603987.SH,康德莱
202201,德邦证券,688006.SH,杭可科技
202201,浙商证券,000768.SZ,中航西飞
202201,浙商证券,000921.SZ,海信家电
202201,浙商证券,002120.SZ,韵达股份
202201,浙商证券,300474.SZ,景嘉微
202201,浙商证券,300757.SZ,罗博特科
202201,浙商证券,600809.SH,山西汾酒
202201,浙商证券,601166.SH,兴业银行
202201,浙商证券,603179.SH,新泉股份
202201,浙商证券,603566.SH,普莱柯
202201,浙商证券,605003.SH,众望布艺
202201,粤开证券,000568.SZ,泸州老窖
202201,粤开证券,000738.SZ,航发控制
202201,粤开证券,000963.SZ,华东医药
202201,粤开证券,002271.SZ,东方雨虹
202201,粤开证券,002459.SZ,晶澳科技
202201,粤开证券,002572.SZ,索菲亚
202201,粤开证券,002747.SZ,埃斯顿
202201,粤开证券,600030.SH,中信证券
202201,粤开证券,601233.SH,桐昆股份
202201,粤开证券,603738.SH,泰晶科技
202201,西部证券,000423.SZ,东阿阿胶
202201,西部证券,002508.SZ,老板电器
202201,西部证券,002739.SZ,万达电影
202201,西部证券,002984.SZ,森麒麟
202201,西部证券,300363.SZ,博腾股份
202201,西部证券,300750.SZ,宁德时代
202201,西部证券,600114.SH,东睦股份
202201,西部证券,600702.SH,舍得酒业
202201,西部证券,603208.SH,江山欧派
202201,西部证券,603738.SH,泰晶科技
202201,银河证券,000998.SZ,隆平高科
202201,银河证券,002648.SZ,卫星化学
202201,银河证券,002738.SZ,中矿资源
202201,银河证券,300059.SZ,东方财富
202201,银河证券,600383.SH,金地集团
202201,银河证券,600519.SH,贵州茅台
202201,银河证券,600764.SH,中国海防
202201,银河证券,600976.SH,健民集团
202201,银河证券,601156.SH,东航物流
202201,银河证券,605168.SH,三人行
202202,东亚前海,000422.SZ,湖北宜化
202202,东亚前海,000568.SZ,泸州老窖
202202,东亚前海,000893.SZ,亚钾国际
202202,东亚前海,002311.SZ,海大集团
202202,东亚前海,300207.SZ,欣旺达
202202,东亚前海,601658.SH,邮储银行
202202,东亚前海,601888.SH,中国中免
202202,东亚前海,601899.SH,紫金矿业
202202,东亚前海,603359.SH,东珠生态
202202,东兴证券,002372.SZ,伟星新材
202202,东兴证券,002408.SZ,齐翔腾达
202202,东兴证券,300994.SZ,久祺股份
202202,东兴证券,300996.SZ,普联软件
202202,东兴证券,600519.SH,贵州茅台
202202,东兴证券,600933.SH,爱柯迪
202202,东兴证券,601128.SH,常熟银行
202202,东兴证券,603816.SH,顾家家居
202202,东兴证券,688208.SH,道通科技
202202,东北证券,000333.SZ,美的集团
202202,东北证券,000568.SZ,泸州老窖
202202,东北证券,000923.SZ,河钢资源
202202,东北证券,002371.SZ,北方华创
202202,东北证券,002453.SZ,华软科技
202202,东北证券,300072.SZ,三聚环保
202202,东北证券,300672.SZ,国科微
202202,东北证券,301071.SZ,力量钻石
202202,东北证券,600030.SH,中信证券
202202,东北证券,600036.SH,招商银行
202202,东北证券,600111.SH,北方稀土
202202,东北证券,600389.SH,江山股份
202202,东北证券,600416.SH,湘电股份
202202,东北证券,603236.SH,移远通信
202202,东北证券,603686.SH,福龙马
202202,东北证券,603927.SH,中科软
202202,东北证券,603939.SH,益丰药房
202202,东北证券,605399.SH,晨光新材
202202,东吴证券,000811.SZ,冰轮环境
202202,东吴证券,300750.SZ,宁德时代
202202,东吴证券,300751.SZ,迈为股份
202202,东吴证券,300763.SZ,锦浪科技
202202,东吴证券,600519.SH,贵州茅台
202202,东吴证券,600588.SH,用友网络
202202,东吴证券,600808.SH,马钢股份
202202,东吴证券,601728.SH,中国电信
202202,东吴证券,688556.SH,高测股份
202202,中原证券,000333.SZ,美的集团
202202,中原证券,000792.SZ,盐湖股份
202202,中原证券,002597.SZ,金禾实业
202202,中原证券,002625.SZ,光启技术
202202,中原证券,002777.SZ,久远银海
202202,中原证券,301011.SZ,华立科技
202202,中原证券,601318.SH,中国平安
202202,中原证券,601868.SH,中国能建
202202,中原证券,603233.SH,大参林
202202,中原证券,688555.SH,泽达易盛
202202,中国银河,002371.SZ,北方华创
202202,中国银河,002641.SZ,公元股份
202202,中国银河,002714.SZ,牧原股份
202202,中国银河,300750.SZ,宁德时代
202202,中国银河,600519.SH,贵州茅台
202202,中国银河,600905.SH,三峡能源
202202,中国银河,601156.SH,东航物流
202202,中国银河,601688.SH,华泰证券
202202,中国银河,603019.SH,中科曙光
202202,中国银河,688257.SH,新锐股份
202202,信达证券,002466.SZ,天齐锂业
202202,信达证券,002991.SZ,甘源食品
202202,信达证券,300059.SZ,东方财富
202202,信达证券,300726.SZ,宏达电子
202202,信达证券,300861.SZ,美畅股份
202202,信达证券,600188.SH,兖矿能源
202202,信达证券,600522.SH,中天科技
202202,信达证券,601058.SH,赛轮轮胎
202202,光大证券,000333.SZ,美的集团
202202,光大证券,000915.SZ,华特达因
202202,光大证券,002001.SZ,新和成
202202,光大证券,002088.SZ,鲁阳节能
202202,光大证券,600346.SH,恒力石化
202202,光大证券,600519.SH,贵州茅台
202202,光大证券,600600.SH,青岛啤酒
202202,光大证券,601009.SH,南京银行
202202,光大证券,601800.SH,中国交建
202202,光大证券,601865.SH,福莱特
202202,华泰证券,000568.SZ,泸州老窖
202202,华泰证券,000733.SZ,振华科技
202202,华泰证券,000786.SZ,北新建材
202202,华泰证券,002142.SZ,宁波银行
202202,华泰证券,002241.SZ,歌尔股份
202202,华泰证券,300059.SZ,东方财富
202202,华泰证券,300308.SZ,中际旭创
202202,华泰证券,300750.SZ,宁德时代
202202,华泰证券,601155.SH,新城控股
202202,华泰证券,603668.SH,天马科技
202202,华金证券,002873.SZ,新天药业
202202,华金证券,300033.SZ,同花顺
202202,华金证券,300724.SZ,捷佳伟创
202202,华金证券,600150.SH,中国船舶
202202,华金证券,600188.SH,兖矿能源
202202,华金证券,600732.SH,爱旭股份
202202,华金证券,600887.SH,伊利股份
202202,华金证券,601633.SH,长城汽车
202202,华金证券,603806.SH,福斯特
202202,华金证券,605376.SH,博迁新材
202202,国信证券,000333.SZ,美的集团
202202,国信证券,002245.SZ,蔚蓝锂芯
202202,国信证券,002867.SZ,周大生
202202,国信证券,300394.SZ,天孚通信
202202,国信证券,300841.SZ,康华生物
202202,国信证券,300979.SZ,华利集团
202202,国信证券,601669.SH,中国电建
202202,国信证券,603323.SH,苏农银行
202202,国信证券,603982.SH,泉峰汽车
202202,国联证券,000725.SZ,京东方A
202202,国联证券,000938.SZ,紫光股份
202202,国联证券,002714.SZ,牧原股份
202202,国联证券,002953.SZ,日丰股份
202202,国联证券,300738.SZ,奥飞数据
202202,国联证券,300760.SZ,迈瑞医疗
202202,国联证券,600079.SH,人福医药
202202,国联证券,600519.SH,贵州茅台
202202,国联证券,601865.SH,福莱特
202202,国联证券,601888.SH,中国中免
202202,安信证券,002594.SZ,比亚迪
202202,安信证券,300496.SZ,中科创达
202202,安信证券,600502.SH,安徽建工
202202,安信证券,600522.SH,中天科技
202202,安信证券,600690.SH,海尔智家
202202,安信证券,601166.SH,兴业银行
202202,安信证券,601985.SH,中国核电
202202,安信证券,603279.SH,景津装备
202202,安信证券,603369.SH,今世缘
202202,安信证券,603799.SH,华友钴业
202202,平安证券,002027.SZ,分众传媒
202202,平安证券,002475.SZ,立讯精密
202202,平安证券,002487.SZ,大金重工
202202,平安证券,300438.SZ,鹏辉能源
202202,平安证券,300674.SZ,宇信科技
202202,平安证券,600029.SH,南方航空
202202,平安证券,600030.SH,中信证券
202202,平安证券,601668.SH,中国建筑
202202,平安证券,601838.SH,成都银行
202202,平安证券,603589.SH,口子窖
202202,开源证券,000683.SZ,远兴能源
202202,开源证券,002815.SZ,崇达技术
202202,开源证券,002867.SZ,周大生
202202,开源证券,300223.SZ,北京君正
202202,开源证券,600588.SH,用友网络
202202,开源证券,600989.SH,宝丰能源
202202,开源证券,603019.SH,中科曙光
202202,开源证券,603035.SH,常熟汽饰
202202,开源证券,688089.SH,嘉必优
202202,开源证券,688169.SH,石头科技
202202,民生证券,000933.SZ,神火股份
202202,民生证券,002284.SZ,亚太股份
202202,民生证券,002438.SZ,江苏神通
202202,民生证券,300275.SZ,梅安森
202202,民生证券,300308.SZ,中际旭创
202202,民生证券,601001.SH,晋控煤业
202202,民生证券,601166.SH,兴业银行
202202,民生证券,601985.SH,中国核电
202202,民生证券,603589.SH,口子窖
202202,浙商证券,000778.SZ,新兴铸管
202202,浙商证券,002001.SZ,新和成
202202,浙商证券,002304.SZ,洋河股份
202202,浙商证券,002867.SZ,周大生
202202,浙商证券,300212.SZ,易华录
202202,浙商证券,300666.SZ,江丰电子
202202,浙商证券,600009.SH,上海机场
202202,浙商证券,601166.SH,兴业银行
202202,浙商证券,605128.SH,上海沿浦
202202,浙商证券,688155.SH,先惠技术
202202,西部证券,000596.SZ,古井贡酒
202202,西部证券,000776.SZ,广发证券
202202,西部证券,002129.SZ,中环股份
202202,西部证券,002460.SZ,赣锋锂业
202202,西部证券,002984.SZ,森麒麟
202202,西部证券,300144.SZ,宋城演艺
202202,西部证券,600085.SH,同仁堂
202202,西部证券,600399.SH,抚顺特钢
202202,西部证券,603067.SH,振华股份
202203,东兴证券,000858.SZ,五粮液
202203,东兴证券,002142.SZ,宁波银行
202203,东兴证券,300274.SZ,阳光电源
202203,东兴证券,300662.SZ,科锐国际
202203,东兴证券,300861.SZ,美畅股份
202203,东兴证券,300996.SZ,普联软件
202203,东兴证券,601238.SH,广汽集团
202203,东兴证券,603019.SH,中科曙光
202203,东兴证券,603982.SH,泉峰汽车
202203,东吴证券,000811.SZ,冰轮环境
202203,东吴证券,002572.SZ,索菲亚
202203,东吴证券,300750.SZ,宁德时代
202203,东吴证券,300751.SZ,迈为股份
202203,东吴证券,301096.SZ,百诚医药
202203,东吴证券,600519.SH,贵州茅台
202203,东吴证券,603588.SH,高能环境
202203,东吴证券,688005.SH,容百科技
202203,东吴证券,688037.SH,芯源微
202203,中信建投,000333.SZ,美的集团
202203,中信建投,000537.SZ,广宇发展
202203,中信建投,000999.SZ,华润三九
202203,中信建投,002041.SZ,登海种业
202203,中信建投,002142.SZ,宁波银行
202203,中信建投,002271.SZ,东方雨虹
202203,中信建投,002384.SZ,东山精密
202203,中信建投,002557.SZ,洽洽食品
202203,中信建投,300059.SZ,东方财富
202203,中信建投,300395.SZ,菲利华
202203,中信建投,300496.SZ,中科创达
202203,中信建投,300587.SZ,天铁股份
202203,中信建投,300638.SZ,广和通
202203,中信建投,300820.SZ,英杰电气
202203,中信建投,300867.SZ,圣元环保
202203,中信建投,600011.SH,华能国际
202203,中信建投,600256.SH,广汇能源
202203,中信建投,601868.SH,中国能建
202203,中信建投,601919.SH,中远海控
202203,中信建投,603217.SH,元利科技
202203,中信建投,603444.SH,吉比特
202203,中信建投,603733.SH,仙鹤股份
202203,中信建投,603889.SH,新澳股份
202203,中信建投,603997.SH,继峰股份
202203,中信建投,688005.SH,容百科技
202203,中国银河,000733.SZ,振华科技
202203,中国银河,002241.SZ,歌尔股份
202203,中国银河,002645.SZ,华宏科技
202203,中国银河,002701.SZ,奥瑞金
202203,中国银河,002714.SZ,牧原股份
202203,中国银河,300083.SZ,创世纪
202203,中国银河,600383.SH,金地集团
202203,中国银河,600801.SH,华新水泥
202203,中国银河,601238.SH,广汽集团
202203,中国银河,603019.SH,中科曙光
202203,信达证券,002466.SZ,天齐锂业
202203,信达证券,002991.SZ,甘源食品
202203,信达证券,300655.SZ,晶瑞电材
202203,信达证券,300994.SZ,久祺股份
202203,信达证券,600188.SH,兖矿能源
202203,信达证券,600522.SH,中天科技
202203,信达证券,600884.SH,杉杉股份
202203,信达证券,601058.SH,赛轮轮胎
202203,华安证券,002132.SZ,恒星科技
202203,华安证券,002142.SZ,宁波银行
202203,华安证券,300750.SZ,宁德时代
202203,华安证券,600048.SH,保利发展
202203,华安证券,600223.SH,鲁商发展
202203,华安证券,600499.SH,科达制造
202203,华安证券,600728.SH,佳都科技
202203,华安证券,600887.SH,伊利股份
202203,华安证券,603078.SH,江化微
202203,华安证券,603236.SH,移远通信
202203,太平洋证券,000830.SZ,鲁西化工
202203,太平洋证券,000858.SZ,五粮液
202203,太平洋证券,002100.SZ,天康生物
202203,太平洋证券,002353.SZ,杰瑞股份
202203,太平洋证券,002935.SZ,天奥电子
202203,太平洋证券,003011.SZ,海象新材
202203,太平洋证券,300428.SZ,立中集团
202203,太平洋证券,600223.SH,鲁商发展
202203,太平洋证券,688369.SH,致远互联
202203,太平洋证券,688378.SH,奥来德
202203,安信证券,000858.SZ,五粮液
202203,安信证券,002049.SZ,紫光国微
202203,安信证券,002196.SZ,方正电机
202203,安信证券,002466.SZ,天齐锂业
202203,安信证券,002960.SZ,青鸟消防
202203,安信证券,300499.SZ,高澜股份
202203,安信证券,600641.SH,万业企业
202203,安信证券,601985.SH,中国核电
202203,安信证券,603799.SH,华友钴业
202203,安信证券,688777.SH,中控技术
202203,平安证券,002487.SZ,大金重工
202203,平安证券,300438.SZ,鹏辉能源
202203,平安证券,300751.SZ,迈为股份
202203,平安证券,600110.SH,诺德股份
202203,平安证券,600395.SH,盘江股份
202203,平安证券,600422.SH,昆药集团
202203,平安证券,601808.SH,中海油服
202203,平安证券,601838.SH,成都银行
202203,平安证券,603290.SH,斯达半导
202203,平安证券,603589.SH,口子窖
202203,开源证券,002128.SZ,电投能源
202203,开源证券,002867.SZ,周大生
202203,开源证券,002920.SZ,德赛西威
202203,开源证券,300568.SZ,星源材质
202203,开源证券,600383.SH,金地集团
202203,开源证券,601677.SH,明泰铝业
202203,开源证券,603019.SH,中科曙光
202203,开源证券,605098.SH,行动教育
202203,开源证券,688066.SH,航天宏图
202203,开源证券,688089.SH,嘉必优
202203,粤开证券,000537.SZ,广宇发展
202203,粤开证券,000661.SZ,长春高新
202203,粤开证券,002013.SZ,中航机电
202203,粤开证券,002241.SZ,歌尔股份
202203,粤开证券,002821.SZ,凯莱英
202203,粤开证券,600096.SH,云天化
202203,粤开证券,600690.SH,海尔智家
202203,粤开证券,601238.SH,广汽集团
202203,粤开证券,688188.SH,柏楚电子
202203,粤开证券,688599.SH,天合光能
202203,西部证券,000810.SZ,创维数字
202203,西部证券,000887.SZ,中鼎股份
202203,西部证券,002129.SZ,中环股份
202203,西部证券,002318.SZ,久立特材
202203,西部证券,002508.SZ,老板电器
202203,西部证券,002984.SZ,森麒麟
202203,西部证券,600085.SH,同仁堂
202203,西部证券,603067.SH,振华股份
202203,西部证券,688008.SH,澜起科技
202203,西部证券,688677.SH,海泰新光
202204,中国银河,000733.SZ,振华科技
202204,中国银河,001914.SZ,招商积余
202204,中国银河,002714.SZ,牧原股份
202204,中国银河,300666.SZ,江丰电子
202204,中国银河,600519.SH,贵州茅台
202204,中国银河,600941.SH,中国移动
202204,中国银河,601128.SH,常熟银行
202204,中国银河,601225.SH,陕西煤业
202204,中国银河,603259.SH,药明康德
202204,中国银河,688033.SH,天宜上佳
202204,信达证券,002245.SZ,蔚蓝锂芯
202204,信达证券,002466.SZ,天齐锂业
202204,信达证券,002991.SZ,甘源食品
202204,信达证券,600188.SH,兖矿能源
202204,信达证券,600522.SH,中天科技
202204,信达证券,600884.SH,杉杉股份
202204,信达证券,601058.SH,赛轮轮胎
202204,信达证券,603985.SH,恒润股份
202204,光大证券,002088.SZ,鲁阳节能
202204,光大证券,002304.SZ,洋河股份
202204,光大证券,002507.SZ,涪陵榨菜
202204,光大证券,003029.SZ,吉大正元
202204,光大证券,300596.SZ,利安隆
202204,光大证券,300636.SZ,同和药业
202204,光大证券,601012.SH,隆基股份
202204,光大证券,601369.SH,陕鼓动力
202204,光大证券,601658.SH,邮储银行
202204,光大证券,603300.SH,华铁应急
202204,华安证券,002142.SZ,宁波银行
202204,华安证券,300122.SZ,智飞生物
202204,华安证券,300750.SZ,宁德时代
202204,华安证券,600223.SH,鲁商发展
202204,华安证券,600988.SH,赤峰黄金
202204,华安证券,603236.SH,移远通信
202204,华安证券,605007.SH,五洲特纸
202204,华安证券,688065.SH,凯赛生物
202204,华安证券,688122.SH,西部超导
202204,国信证券,001914.SZ,招商积余
202204,国信证券,002507.SZ,涪陵榨菜
202204,国信证券,002840.SZ,华统股份
202204,国信证券,300661.SZ,圣邦股份
202204,国信证券,601838.SH,成都银行
202204,国信证券,601985.SH,中国核电
202204,国信证券,603236.SH,移远通信
202204,国信证券,603596.SH,伯特利
202204,国信证券,603938.SH,三孚股份
202204,国信证券,688696.SH,极米科技
202204,国联证券,000725.SZ,京东方A
202204,国联证券,002714.SZ,牧原股份
202204,国联证券,300122.SZ,智飞生物
202204,国联证券,300738.SZ,奥飞数据
202204,国联证券,300760.SZ,迈瑞医疗
202204,国联证券,600096.SH,云天化
202204,国联证券,600519.SH,贵州茅台
202204,国联证券,600887.SH,伊利股份
202204,国联证券,600975.SH,新五丰
202204,国联证券,688390.SH,固德威
202204,安信证券,000858.SZ,五粮液
202204,安信证券,000933.SZ,神火股份
202204,安信证券,002049.SZ,紫光国微
202204,安信证券,600233.SH,圆通速递
202204,安信证券,600803.SH,新奥股份
202204,安信证券,601658.SH,邮储银行
202204,安信证券,601985.SH,中国核电
202204,安信证券,603279.SH,景津装备
202204,安信证券,603799.SH,华友钴业
202204,安信证券,603816.SH,顾家家居
202204,平安证券,002142.SZ,宁波银行
202204,平安证券,300438.SZ,鹏辉能源
202204,平安证券,300751.SZ,迈为股份
202204,平安证券,300861.SZ,美畅股份
202204,平安证券,600395.SH,盘江股份
202204,平安证券,600763.SH,通策医疗
202204,平安证券,601155.SH,新城控股
202204,平安证券,601668.SH,中国建筑
202204,平安证券,603290.SH,斯达半导
202204,平安证券,603439.SH,贵州三力
202204,开源证券,000683.SZ,远兴能源
202204,开源证券,002920.SZ,德赛西威
202204,开源证券,300035.SZ,中科电气
202204,开源证券,300059.SZ,东方财富
202204,开源证券,300568.SZ,星源材质
202204,开源证券,600383.SH,金地集团
202204,开源证券,603444.SH,吉比特
202204,开源证券,603896.SH,寿仙谷
202204,开源证券,688066.SH,航天宏图
202204,开源证券,688169.SH,石头科技
202204,德邦证券,002557.SZ,洽洽食品
202204,德邦证券,002960.SZ,青鸟消防
202204,德邦证券,300122.SZ,智飞生物
202204,德邦证券,300454.SZ,深信服
202204,德邦证券,300896.SZ,爱美客
202204,德邦证券,601985.SH,中国核电
202204,德邦证券,603899.SH,晨光股份
202204,德邦证券,688037.SH,芯源微
202204,德邦证券,688122.SH,西部超导
202204,德邦证券,688516.SH,奥特维
202204,民生证券,002405.SZ,四维图新
202204,民生证券,002567.SZ,唐人神
202204,民生证券,300502.SZ,新易盛
202204,民生证券,301073.SZ,君亭酒店
202204,民生证券,600546.SH,山煤国际
202204,民生证券,600582.SH,天地科技
202204,民生证券,601001.SH,晋控煤业
202204,民生证券,601009.SH,南京银行
202204,民生证券,688330.SH,宏力达
202204,浙商证券,000519.SZ,中兵红箭
202204,浙商证券,000768.SZ,中航西飞
202204,浙商证券,000778.SZ,新兴铸管
202204,浙商证券,002129.SZ,中环股份
202204,浙商证券,002385.SZ,大北农
202204,浙商证券,300666.SZ,江丰电子
202204,浙商证券,600009.SH,上海机场
202204,浙商证券,600975.SH,新五丰
202204,浙商证券,601009.SH,南京银行
202204,浙商证券,601111.SH,中国国航
202204,粤开证券,000776.SZ,广发证券
202204,粤开证券,002157.SZ,正邦科技
202204,粤开证券,002271.SZ,东方雨虹
202204,粤开证券,002460.SZ,赣锋锂业
202204,粤开证券,600036.SH,招商银行
202204,粤开证券,600372.SH,中航电子
202204,粤开证券,600426.SH,华鲁恒升
202204,粤开证券,600438.SH,通威股份
202204,粤开证券,600702.SH,舍得酒业
202204,粤开证券,600763.SH,通策医疗
202204,西部证券,000810.SZ,创维数字
202204,西部证券,300363.SZ,博腾股份
202204,西部证券,300413.SZ,芒果超媒
202204,西部证券,600258.SH,首旅酒店
202204,西部证券,600763.SH,通策医疗
202204,西部证券,601012.SH,隆基股份
202204,西部证券,601966.SH,玲珑轮胎
202204,西部证券,603027.SH,千禾味业
202204,西部证券,603290.SH,斯达半导
202204,西部证券,603297.SH,永新光学
202205,东亚前海证券,000799.SZ,酒鬼酒
202205,东亚前海证券,000893.SZ,亚钾国际
202205,东亚前海证券,300059.SZ,东方财富
202205,东亚前海证券,300268.SZ,佳沃食品
202205,东亚前海证券,301073.SZ,君亭酒店
202205,东亚前海证券,600618.SH,氯碱化工
202205,东亚前海证券,600988.SH,赤峰黄金
202205,东亚前海证券,601888.SH,中国中免
202205,东亚前海证券,603359.SH,东珠生态
202205,东兴证券,000858.SZ,五粮液
202205,东兴证券,003012.SZ,东鹏控股
202205,东兴证券,601128.SH,常熟银行
202205,东兴证券,603019.SH,中科曙光
202205,东兴证券,605080.SH,浙江自然
202205,中信建投证券,000568.SZ,泸州老窖
202205,中信建投证券,002271.SZ,东方雨虹
202205,中信建投证券,002594.SZ,比亚迪
202205,中信建投证券,002812.SZ,恩捷股份
202205,中信建投证券,002916.SZ,深南电路
202205,中信建投证券,300059.SZ,东方财富
202205,中信建投证券,300496.SZ,中科创达
202205,中信建投证券,300673.SZ,佩蒂股份
202205,中信建投证券,300911.SZ,亿田智能
202205,中信建投证券,300979.SZ,华利集团
202205,中信建投证券,301101.SZ,明月镜片
202205,中信建投证券,301177.SZ,迪阿股份
202205,中信建投证券,600153.SH,建发股份
202205,中信建投证券,600256.SH,广汇能源
202205,中信建投证券,600483.SH,福能股份
202205,中信建投证券,600522.SH,中天科技
202205,中信建投证券,601838.SH,成都银行
202205,中信建投证券,601919.SH,中远海控
202205,中信建投证券,601958.SH,金钼股份
202205,中信建投证券,603236.SH,移远通信
202205,中信建投证券,603259.SH,药明康德
202205,中信建投证券,603599.SH,广信股份
202205,中信建投证券,603855.SH,华荣股份
202205,中信建投证券,688122.SH,西部超导
202205,中信建投证券,688559.SH,海目星
202205,信达证券,002309.SZ,中利集团
202205,信达证券,002959.SZ,小熊电器
202205,信达证券,300416.SZ,苏试试验
202205,信达证券,300853.SZ,申昊科技
202205,信达证券,600188.SH,兖矿能源
202205,信达证券,600519.SH,贵州茅台
202205,信达证券,600938.SH,中国海油
202205,信达证券,601058.SH,赛轮轮胎
202205,信达证券,601666.SH,平煤股份
202205,兴业证券,002352.SZ,顺丰控股
202205,兴业证券,300015.SZ,爱尔眼科
202205,兴业证券,300408.SZ,三环集团
202205,兴业证券,600399.SH,抚顺特钢
202205,兴业证券,600522.SH,中天科技
202205,兴业证券,600600.SH,青岛啤酒
202205,兴业证券,600926.SH,杭州银行
202205,兴业证券,601012.SH,隆基股份
202205,兴业证券,601390.SH,中国中铁
202205,兴业证券,688696.SH,极米科技
202205,华安证券,002460.SZ,赣锋锂业
202205,华安证券,300054.SZ,鼎龙股份
202205,华安证券,300059.SZ,东方财富
202205,华安证券,300285.SZ,国瓷材料
202205,华安证券,300682.SZ,朗新科技
202205,华安证券,300911.SZ,亿田智能
202205,华安证券,300957.SZ,贝泰妮
202205,华安证券,600499.SH,科达制造
202205,华安证券,603236.SH,移远通信
202205,华安证券,605007.SH,五洲特纸
202205,国信证券,001914.SZ,招商积余
202205,国信证券,002840.SZ,华统股份
202205,国信证券,300015.SZ,爱尔眼科
202205,国信证券,300911.SZ,亿田智能
202205,国信证券,600011.SH,华能国际
202205,国信证券,601128.SH,常熟银行
202205,国信证券,601888.SH,中国中免
202205,国信证券,603369.SH,今世缘
202205,国信证券,688777.SH,中控技术
202205,国泰君安证券,000552.SZ,靖远煤电
202205,国泰君安证券,002271.SZ,东方雨虹
202205,国泰君安证券,002714.SZ,牧原股份
202205,国泰君安证券,300861.SZ,美畅股份
202205,国泰君安证券,600507.SH,方大特钢
202205,国泰君安证券,600729.SH,重庆百货
202205,国泰君安证券,601390.SH,中国中铁
202205,国泰君安证券,601838.SH,成都银行
202205,国泰君安证券,603198.SH,迎驾贡酒
202205,国联证券,002078.SZ,太阳纸业
202205,国联证券,300122.SZ,智飞生物
202205,国联证券,300416.SZ,苏试试验
202205,国联证券,300801.SZ,泰和科技
202205,国联证券,600519.SH,贵州茅台
202205,国联证券,600887.SH,伊利股份
202205,国联证券,601728.SH,中国电信
202205,国联证券,601985.SH,中国核电
202205,国联证券,603444.SH,吉比特
202205,国联证券,605111.SH,新洁能
202205,天风证券,000333.SZ,美的集团
202205,天风证券,001205.SZ,盛航股份
202205,天风证券,300015.SZ,爱尔眼科
202205,天风证券,300628.SZ,亿联网络
202205,天风证券,600383.SH,金地集团
202205,天风证券,600690.SH,海尔智家
202205,天风证券,600938.SH,中国海油
202205,天风证券,600941.SH,中国移动
202205,天风证券,601238.SH,广汽集团
202205,天风证券,688201.SH,信安世纪
202205,平安证券,000568.SZ,泸州老窖
202205,平安证券,002142.SZ,宁波银行
202205,平安证券,002920.SZ,德赛西威
202205,平安证券,300015.SZ,爱尔眼科
202205,平安证券,300035.SZ,中科电气
202205,平安证券,300751.SZ,迈为股份
202205,平安证券,600048.SH,保利发展
202205,平安证券,600519.SH,贵州茅台
202205,平安证券,601668.SH,中国建筑
202205,平安证券,688383.SH,新益昌
202205,开源证券,000983.SZ,山西焦煤
202205,开源证券,002714.SZ,牧原股份
202205,开源证券,002920.SZ,德赛西威
202205,开源证券,300059.SZ,东方财富
202205,开源证券,300413.SZ,芒果超媒
202205,开源证券,600519.SH,贵州茅台
202205,开源证券,688063.SH,派能科技
202205,开源证券,688169.SH,石头科技
202205,开源证券,688550.SH,瑞联新材
202205,德邦证券,000568.SZ,泸州老窖
202205,德邦证券,002920.SZ,德赛西威
202205,德邦证券,300122.SZ,智飞生物
202205,德邦证券,300662.SZ,科锐国际
202205,德邦证券,300737.SZ,科顺股份
202205,德邦证券,300776.SZ,帝尔激光
202205,德邦证券,601985.SH,中国核电
202205,德邦证券,603899.SH,晨光股份
202205,德邦证券,688037.SH,芯源微
202205,德邦证券,688122.SH,西部超导
202205,民生证券,002410.SZ,广联达
202205,民生证券,600711.SH,盛屯矿业
202205,民生证券,600862.SH,中航高科
202205,民生证券,600885.SH,宏发股份
202205,民生证券,600905.SH,三峡能源
202205,民生证券,600926.SH,杭州银行
202205,民生证券,601225.SH,陕西煤业
202205,民生证券,603259.SH,药明康德
202205,民生证券,688187.SH,时代电气
202205,民生证券,688363.SH,华熙生物
202205,浙商证券,000001.SZ,平安银行
202205,浙商证券,000519.SZ,中兵红箭
202205,浙商证券,002304.SZ,洋河股份
202205,浙商证券,002507.SZ,涪陵榨菜
202205,浙商证券,300666.SZ,江丰电子
202205,浙商证券,600004.SH,白云机场
202205,浙商证券,600048.SH,保利发展
202205,浙商证券,600754.SH,锦江酒店
202205,浙商证券,601166.SH,兴业银行
202205,浙商证券,601186.SH,中国铁建
202205,海通证券,000002.SZ,万科A
202205,海通证券,002311.SZ,海大集团
202205,海通证券,300750.SZ,宁德时代
202205,海通证券,601288.SH,农业银行
202205,海通证券,601398.SH,工商银行
202205,海通证券,601888.SH,中国中免
202205,海通证券,601933.SH,永辉超市
202205,海通证券,603558.SH,健盛集团
202205,申万宏源证券,000895.SZ,双汇发展
202205,申万宏源证券,002920.SZ,德赛西威
202205,申万宏源证券,600153.SH,建发股份
202205,申万宏源证券,600256.SH,广汇能源
202205,申万宏源证券,600795.SH,国电电力
202205,申万宏源证券,601668.SH,中国建筑
202205,申万宏源证券,601872.SH,招商轮船
202205,申万宏源证券,688122.SH,西部超导
202205,申万宏源证券,688556.SH,高测股份
202205,西部证券,000063.SZ,中兴通讯
202205,西部证券,300413.SZ,芒果超媒
202205,西部证券,300751.SZ,迈为股份
202205,西部证券,600600.SH,青岛啤酒
202205,西部证券,601966.SH,玲珑轮胎
202205,西部证券,603027.SH,千禾味业
202205,西部证券,603043.SH,广州酒家
202205,西部证券,603290.SH,斯达半导
202205,西部证券,603456.SH,九洲药业
202205,西部证券,688169.SH,石头科技
202205,财通证券,002833.SZ,弘亚数控
202205,财通证券,300233.SZ,金城医药
202205,财通证券,300896.SZ,爱美客
202205,财通证券,300957.SZ,贝泰妮
202205,财通证券,301071.SZ,力量钻石
202205,财通证券,600522.SH,中天科技
202205,财通证券,601689.SH,拓普集团
202205,财通证券,601888.SH,中国中免
202205,财通证券,688363.SH,华熙生物
202205,银河股份,000977.SZ,浪潮信息
202205,银河股份,002271.SZ,东方雨虹
202205,银河股份,002594.SZ,比亚迪
202205,银河股份,002714.SZ,牧原股份
202205,银河股份,300059.SZ,东方财富
202205,银河股份,300447.SZ,全信股份
202205,银河股份,301099.SZ,雅创电子
202205,银河股份,600519.SH,贵州茅台
202205,银河股份,601390.SH,中国中铁
202205,银河股份,603259.SH,药明康德
202206,东亚前海证券,000893.SZ,亚钾国际
202206,东亚前海证券,002481.SZ,双塔食品
202206,东亚前海证券,300059.SZ,东方财富
202206,东亚前海证券,300268.SZ,佳沃食品
202206,东亚前海证券,301073.SZ,君亭酒店
202206,东亚前海证券,600486.SH,扬农化工
202206,东亚前海证券,600745.SH,闻泰科技
202206,东亚前海证券,600988.SH,赤峰黄金
202206,东亚前海证券,601888.SH,中国中免
202206,东亚前海证券,603198.SH,迎驾贡酒
202206,东亚前海证券,603359.SH,东珠生态
202206,东北证券,000792.SZ,盐湖股份
202206,东北证券,002140.SZ,东华科技
202206,东北证券,002453.SZ,华软科技
202206,东北证券,002705.SZ,新宝股份
202206,东北证券,002735.SZ,王子新材
202206,东北证券,300059.SZ,东方财富
202206,东北证券,300130.SZ,新国都
202206,东北证券,300627.SZ,华测导航
202206,东北证券,301071.SZ,力量钻石
202206,东北证券,600048.SH,保利发展
202206,东北证券,600389.SH,江山股份
202206,东北证券,600559.SH,老白干酒
202206,东北证券,601825.SH,沪农商行
202206,东北证券,603197.SH,保隆科技
202206,东北证券,603799.SH,华友钴业
202206,东北证券,603939.SH,益丰药房
202206,东北证券,688052.SH,纳芯微
202206,东北证券,688190.SH,云路股份
202206,中信建投证券,000568.SZ,泸州老窖
202206,中信建投证券,000625.SZ,长安汽车
202206,中信建投证券,002032.SZ,苏泊尔
202206,中信建投证券,002179.SZ,中航光电
202206,中信建投证券,002314.SZ,南山控股
202206,中信建投证券,002756.SZ,永兴材料
202206,中信建投证券,002895.SZ,川恒股份
202206,中信建投证券,300059.SZ,东方财富
202206,中信建投证券,300413.SZ,芒果超媒
202206,中信建投证券,300496.SZ,中科创达
202206,中信建投证券,300628.SZ,亿联网络
202206,中信建投证券,300761.SZ,立华股份
202206,中信建投证券,301055.SZ,张小泉
202206,中信建投证券,600027.SH,华电国际
202206,中信建投证券,600256.SH,广汇能源
202206,中信建投证券,601012.SH,隆基绿能
202206,中信建投证券,601669.SH,中国电建
202206,中信建投证券,601838.SH,成都银行
202206,中信建投证券,601919.SH,中远海控
202206,中信建投证券,603112.SH,华翔股份
202206,中信建投证券,603799.SH,华友钴业
202206,中信建投证券,603822.SH,嘉澳环保
202206,中信建投证券,603916.SH,苏博特
202206,中信建投证券,605108.SH,同庆楼
202206,中信建投证券,688187.SH,时代电气
202206,中信建投证券,688559.SH,海目星
202206,信达证券,000703.SZ,恒逸石化
202206,信达证券,002959.SZ,小熊电器
202206,信达证券,300416.SZ,苏试试验
202206,信达证券,300428.SZ,立中集团
202206,信达证券,600188.SH,兖矿能源
202206,信达证券,600938.SH,中国海油
202206,信达证券,601058.SH,赛轮轮胎
202206,信达证券,601666.SH,平煤股份
202206,信达证券,603985.SH,恒润股份
202206,光大证券,000651.SZ,格力电器
202206,光大证券,300263.SZ,隆华科技
202206,光大证券,600552.SH,凯盛科技
202206,光大证券,600587.SH,新华医疗
202206,光大证券,600600.SH,青岛啤酒
202206,光大证券,600660.SH,福耀玻璃
202206,光大证券,600941.SH,中国移动
202206,光大证券,603300.SH,华铁应急
202206,光大证券,603517.SH,绝味食品
202206,光大证券,688123.SH,聚辰股份
202206,兴业证券,002371.SZ,北方华创
202206,兴业证券,002897.SZ,意华股份
202206,兴业证券,300015.SZ,爱尔眼科
202206,兴业证券,300447.SZ,全信股份
202206,兴业证券,300496.SZ,中科创达
202206,兴业证券,600233.SH,圆通速递
202206,兴业证券,600600.SH,青岛啤酒
202206,兴业证券,601012.SH,隆基绿能
202206,兴业证券,688200.SH,华峰测控
202206,兴业证券,688363.SH,华熙生物
202206,华安证券,000786.SZ,北新建材
202206,华安证券,300054.SZ,鼎龙股份
202206,华安证券,300285.SZ,国瓷材料
202206,华安证券,300682.SZ,朗新科技
202206,华安证券,300911.SZ,亿田智能
202206,华安证券,600887.SH,伊利股份
202206,华安证券,600988.SH,赤峰黄金
202206,华安证券,603833.SH,欧派家居
202206,华安证券,688065.SH,凯赛生物
202206,华安证券,688636.SH,智明达
202206,华鑫证券,000887.SZ,中鼎股份
202206,华鑫证券,002222.SZ,福晶科技
202206,华鑫证券,002518.SZ,科士达
202206,华鑫证券,002960.SZ,青鸟消防
202206,华鑫证券,300014.SZ,亿纬锂能
202206,华鑫证券,600111.SH,北方稀土
202206,华鑫证券,600702.SH,舍得酒业
202206,华鑫证券,600986.SH,浙文互联
202206,华鑫证券,601899.SH,紫金矿业
202206,华鑫证券,603986.SH,兆易创新
202206,国信证券,002594.SZ,比亚迪
202206,国信证券,002724.SZ,海洋王
202206,国信证券,300012.SZ,华测检测
202206,国信证券,300709.SZ,精研科技
202206,国信证券,300803.SZ,指南针
202206,国信证券,600995.SH,文山电力
202206,国信证券,601899.SH,紫金矿业
202206,国信证券,603236.SH,移远通信
202206,国信证券,603713.SH,密尔克卫
202206,国信证券,603938.SH,三孚股份
202206,国盛证券,002142.SZ,宁波银行
202206,国盛证券,002244.SZ,滨江集团
202206,国盛证券,002648.SZ,卫星化学
202206,国盛证券,002895.SZ,川恒股份
202206,国盛证券,300767.SZ,震安科技
202206,国盛证券,301129.SZ,瑞纳智能
202206,国盛证券,600195.SH,中牧股份
202206,国盛证券,600416.SH,湘电股份
202206,国盛证券,600519.SH,贵州茅台
202206,国盛证券,603212.SH,赛伍技术
202206,国盛证券,603799.SH,华友钴业
202206,国盛证券,603816.SH,顾家家居
202206,国盛证券,603993.SH,洛阳钼业
202206,太平洋证券,002959.SZ,小熊电器
202206,太平洋证券,300260.SZ,新莱应材
202206,太平洋证券,300395.SZ,菲利华
202206,太平洋证券,300428.SZ,立中集团
202206,太平洋证券,300751.SZ,迈为股份
202206,太平洋证券,600702.SH,舍得酒业
202206,太平洋证券,601633.SH,长城汽车
202206,太平洋证券,601888.SH,中国中免
202206,太平洋证券,603128.SH,华贸物流
202206,太平洋证券,603916.SH,苏博特
202206,山西证券,000983.SZ,山西焦煤
202206,山西证券,002025.SZ,航天电器
202206,山西证券,002299.SZ,圣农发展
202206,山西证券,002311.SZ,海大集团
202206,山西证券,002594.SZ,比亚迪
202206,山西证券,002867.SZ,周大生
202206,山西证券,300803.SZ,指南针
202206,山西证券,600519.SH,贵州茅台
202206,山西证券,600941.SH,中国移动
202206,山西证券,601012.SH,隆基绿能
202206,平安证券,002487.SZ,大金重工
202206,平安证券,002920.SZ,德赛西威
202206,平安证券,300705.SZ,九典制药
202206,平安证券,300751.SZ,迈为股份
202206,平安证券,600519.SH,贵州茅台
202206,平安证券,601088.SH,中国神华
202206,平安证券,601633.SH,长城汽车
202206,平安证券,601669.SH,中国电建
202206,平安证券,605358.SH,立昂微
202206,平安证券,688187.SH,时代电气
202206,开源证券,000776.SZ,广发证券
202206,开源证券,002782.SZ,可立克
202206,开源证券,002920.SZ,德赛西威
202206,开源证券,300413.SZ,芒果超媒
202206,开源证券,300496.SZ,中科创达
202206,开源证券,300866.SZ,安克创新
202206,开源证券,600519.SH,贵州茅台
202206,开源证券,603505.SH,金石资源
202206,开源证券,605117.SH,德业股份
202206,开源证券,688063.SH,派能科技
202206,德邦证券,000729.SZ,燕京啤酒
202206,德邦证券,002025.SZ,航天电器
202206,德邦证券,002353.SZ,杰瑞股份
202206,德邦证券,002415.SZ,海康威视
202206,德邦证券,002463.SZ,沪电股份
202206,德邦证券,600258.SH,首旅酒店
202206,德邦证券,601222.SH,林洋能源
202206,德邦证券,603259.SH,药明康德
202206,民生证券,002025.SZ,航天电器
202206,民生证券,002371.SZ,北方华创
202206,民生证券,002881.SZ,美格智能
202206,民生证券,300496.SZ,中科创达
202206,民生证券,600549.SH,厦门钨业
202206,民生证券,600600.SH,青岛啤酒
202206,民生证券,600900.SH,长江电力
202206,民生证券,601007.SH,金陵饭店
202206,民生证券,601225.SH,陕西煤业
202206,民生证券,601717.SH,郑煤机
202206,民生证券,603916.SH,苏博特
202206,浙商证券,000090.SZ,天健集团
202206,浙商证券,000519.SZ,中兵红箭
202206,浙商证券,000778.SZ,新兴铸管
202206,浙商证券,002120.SZ,韵达股份
202206,浙商证券,002129.SZ,中环股份
202206,浙商证券,600409.SH,三友化工
202206,浙商证券,600600.SH,青岛啤酒
202206,浙商证券,601009.SH,南京银行
202206,浙商证券,601111.SH,中国国航
202206,浙商证券,603185.SH,上机数控
202206,粤开证券,000792.SZ,盐湖股份
202206,粤开证券,000830.SZ,鲁西化工
202206,粤开证券,300428.SZ,立中集团
202206,粤开证券,300957.SZ,贝泰妮
202206,粤开证券,600600.SH,青岛啤酒
202206,粤开证券,601225.SH,陕西煤业
202206,粤开证券,601669.SH,中国电建
202206,粤开证券,601888.SH,中国中免
202206,粤开证券,601899.SH,紫金矿业
202206,粤开证券,688696.SH,极米科技
202206,西部证券,000063.SZ,中兴通讯
202206,西部证券,000776.SZ,广发证券
202206,西部证券,300294.SZ,博雅生物
202206,西部证券,300413.SZ,芒果超媒
202206,西部证券,300751.SZ,迈为股份
202206,西部证券,600176.SH,中国巨石
202206,西部证券,600702.SH,舍得酒业
202206,西部证券,601888.SH,中国中免
202206,西部证券,688169.SH,石头科技
202206,西部证券,688677.SH,海泰新光
202206,长江证券,000301.SZ,东方盛虹
202206,长江证券,002594.SZ,比亚迪
202206,长江证券,002714.SZ,牧原股份
202206,长江证券,002895.SZ,川恒股份
202206,长江证券,300627.SZ,华测导航
202206,长江证券,300682.SZ,朗新科技
202206,长江证券,600048.SH,保利发展
202206,长江证券,601012.SH,隆基绿能
202206,长江证券,601669.SH,中国电建
202206,长江证券,603558.SH,健盛集团
202207,东亚前海证券,000422.SZ,湖北宜化
202207,东亚前海证券,000893.SZ,亚钾国际
202207,东亚前海证券,002557.SZ,洽洽食品
202207,东亚前海证券,600988.SH,赤峰黄金
202207,东亚前海证券,601456.SH,国联证券
202207,东亚前海证券,601888.SH,中国中免
202207,东亚前海证券,603359.SH,东珠生态
202207,东亚前海证券,605006.SH,山东玻纤
202207,东兴证券,000002.SZ,万科A
202207,东兴证券,001215.SZ,千味央厨
202207,东兴证券,003012.SZ,东鹏控股
202207,东兴证券,600048.SH,保利发展
202207,东兴证券,600519.SH,贵州茅台
202207,东兴证券,601128.SH,常熟银行
202207,东兴证券,601888.SH,中国中免
202207,东兴证券,603019.SH,中科曙光
202207,东兴证券,603180.SH,金牌厨柜
202207,东兴证券,605133.SH,嵘泰股份
202207,东北证券,000568.SZ,泸州老窖
202207,东北证券,000651.SZ,格力电器
202207,东北证券,000768.SZ,中航西飞
202207,东北证券,002453.SZ,华软科技
202207,东北证券,002735.SZ,王子新材
202207,东北证券,300015.SZ,爱尔眼科
202207,东北证券,300660.SZ,江苏雷利
202207,东北证券,301071.SZ,力量钻石
202207,东北证券,301221.SZ,光庭信息
202207,东北证券,600010.SH,包钢股份
202207,东北证券,600048.SH,保利发展
202207,东北证券,600316.SH,洪都航空
202207,东北证券,600389.SH,江山股份
202207,东北证券,600570.SH,恒生电子
202207,东北证券,600702.SH,舍得酒业
202207,东北证券,601696.SH,中银证券
202207,东北证券,603236.SH,移远通信
202207,东北证券,603444.SH,吉比特
202207,东北证券,603799.SH,华友钴业
202207,东北证券,688213.SH,思特威
202207,中信建投,000625.SZ,长安汽车
202207,中信建投,000821.SZ,京山轻机
202207,中信建投,002006.SZ,精功科技
202207,中信建投,002073.SZ,软控股份
202207,中信建投,002155.SZ,湖南黄金
202207,中信建投,002180.SZ,纳思达
202207,中信建投,002709.SZ,天赐材料
202207,中信建投,002791.SZ,坚朗五金
202207,中信建投,300059.SZ,东方财富
202207,中信建投,300251.SZ,光线传媒
202207,中信建投,300726.SZ,宏达电子
202207,中信建投,300916.SZ,朗特智能
202207,中信建投,301177.SZ,迪阿股份
202207,中信建投,600027.SH,华电国际
202207,中信建投,600048.SH,保利发展
202207,中信建投,600460.SH,士兰微
202207,中信建投,600690.SH,海尔智家
202207,中信建投,601669.SH,中国电建
202207,中信建投,601838.SH,成都银行
202207,中信建投,601919.SH,中远海控
202207,中信建投,603259.SH,药明康德
202207,中信建投,603345.SH,安井食品
202207,中信建投,603609.SH,禾丰股份
202207,中信建投,603666.SH,亿嘉和
202207,中信建投,603733.SH,仙鹤股份
202207,中信建投,603822.SH,嘉澳环保
202207,中国银河证券,002352.SZ,顺丰控股
202207,中国银河证券,002714.SZ,牧原股份
202207,中国银河证券,300171.SZ,东富龙
202207,中国银河证券,300447.SZ,全信股份
202207,中国银河证券,600519.SH,贵州茅台
202207,中国银河证券,601012.SH,隆基绿能
202207,中国银河证券,601456.SH,国联证券
202207,中国银河证券,603019.SH,中科曙光
202207,中国银河证券,603305.SH,旭升股份
202207,中国银河证券,688261.SH,东微半导
202207,信达证券,000703.SZ,恒逸石化
202207,信达证券,002603.SZ,以岭药业
202207,信达证券,300428.SZ,立中集团
202207,信达证券,600188.SH,兖矿能源
202207,信达证券,600702.SH,舍得酒业
202207,信达证券,600884.SH,杉杉股份
202207,信达证券,600938.SH,中国海油
202207,信达证券,601058.SH,赛轮轮胎
202207,信达证券,605168.SH,三人行
202207,华安证券,000786.SZ,北新建材
202207,华安证券,002192.SZ,融捷股份
202207,华安证券,600048.SH,保利发展
202207,华安证券,600111.SH,北方稀土
202207,华安证券,600557.SH,康缘药业
202207,华安证券,603267.SH,鸿远电子
202207,华安证券,603288.SH,海天味业
202207,华安证券,603833.SH,欧派家居
202207,华安证券,688065.SH,凯赛生物
202207,华泰证券,002155.SZ,湖南黄金
202207,华泰证券,002407.SZ,多氟多
202207,华泰证券,300026.SZ,红日药业
202207,华泰证券,300568.SZ,星源材质
202207,华泰证券,601966.SH,玲珑轮胎
202207,华泰证券,603096.SH,新经典
202207,华泰证券,603317.SH,天味食品
202207,华泰证券,603416.SH,信捷电气
202207,华泰证券,603986.SH,兆易创新
202207,华泰证券,688676.SH,金盘科技
202207,华鑫证券,002155.SZ,湖南黄金
202207,华鑫证券,002407.SZ,多氟多
202207,华鑫证券,300026.SZ,红日药业
202207,华鑫证券,300568.SZ,星源材质
202207,华鑫证券,601966.SH,玲珑轮胎
202207,华鑫证券,603096.SH,新经典
202207,华鑫证券,603317.SH,天味食品
202207,华鑫证券,603416.SH,信捷电气
202207,华鑫证券,603986.SH,兆易创新
202207,华鑫证券,688676.SH,金盘科技
202207,国信证券,000333.SZ,美的集团
202207,国信证券,000858.SZ,五粮液
202207,国信证券,002158.SZ,汉钟精机
202207,国信证券,002540.SZ,亚太科技
202207,国信证券,002709.SZ,天赐材料
202207,国信证券,600845.SH,宝信软件
202207,国信证券,601456.SH,国联证券
202207,国信证券,601888.SH,中国中免
202207,国信证券,603236.SH,移远通信
202207,国元证券,002166.SZ,莱茵生物
202207,国元证券,002270.SZ,华明装备
202207,国元证券,300413.SZ,芒果超媒
202207,国元证券,300604.SZ,长川科技
202207,国元证券,300996.SZ,普联软件
202207,国元证券,603198.SH,迎驾贡酒
202207,国元证券,605080.SH,浙江自然
202207,国元证券,605089.SH,味知香
202207,国元证券,605108.SH,同庆楼
202207,国盛证券,002129.SZ,TCL中环
202207,国盛证券,002142.SZ,宁波银行
202207,国盛证券,002244.SZ,滨江集团
202207,国盛证券,002895.SZ,川恒股份
202207,国盛证券,300761.SZ,立华股份
202207,国盛证券,300767.SZ,震安科技
202207,国盛证券,300820.SZ,英杰电气
202207,国盛证券,600048.SH,保利发展
202207,国盛证券,600195.SH,中牧股份
202207,国盛证券,600416.SH,湘电股份
202207,国盛证券,600600.SH,青岛啤酒
202207,国盛证券,600893.SH,航发动力
202207,国盛证券,601888.SH,中国中免
202207,国盛证券,603077.SH,和邦生物
202207,国盛证券,603799.SH,华友钴业
202207,国盛证券,603993.SH,洛阳钼业
202207,国联证券,002078.SZ,太阳纸业
202207,国联证券,300346.SZ,南大光电
202207,国联证券,300401.SZ,花园生物
202207,国联证券,600570.SH,恒生电子
202207,国联证券,600690.SH,海尔智家
202207,国联证券,600887.SH,伊利股份
202207,国联证券,600975.SH,新五丰
202207,国联证券,603185.SH,上机数控
202207,国联证券,603444.SH,吉比特
202207,国联证券,688575.SH,亚辉龙
202207,太平洋证券,000977.SZ,浪潮信息
202207,太平洋证券,002100.SZ,天康生物
202207,太平洋证券,300260.SZ,新莱应材
202207,太平洋证券,300346.SZ,南大光电
202207,太平洋证券,600765.SH,中航重机
202207,太平洋证券,601888.SH,中国中免
202207,太平洋证券,603517.SH,绝味食品
202207,太平洋证券,603916.SH,苏博特
202207,太平洋证券,688121.SH,卓然股份
202207,安信证券,000420.SZ,吉林化纤
202207,安信证券,002705.SZ,新宝股份
202207,安信证券,300748.SZ,金力永磁
202207,安信证券,600036.SH,招商银行
202207,安信证券,600845.SH,宝信软件
202207,安信证券,600905.SH,三峡能源
202207,安信证券,603517.SH,绝味食品
202207,安信证券,605068.SH,明新旭腾
202207,安信证券,605358.SH,立昂微
202207,安信证券,688586.SH,江航装备
202207,山西证券,002299.SZ,圣农发展
202207,山西证券,002867.SZ,周大生
202207,山西证券,300593.SZ,新雷能
202207,山西证券,300896.SZ,爱美客
202207,山西证券,600276.SH,恒瑞医药
202207,山西证券,600329.SH,达仁堂
202207,山西证券,600519.SH,贵州茅台
202207,山西证券,601012.SH,隆基绿能
202207,山西证券,688323.SH,瑞华泰
202207,平安证券,002487.SZ,大金重工
202207,平安证券,300438.SZ,鹏辉能源
202207,平安证券,300496.SZ,中科创达
202207,平安证券,300705.SZ,九典制药
202207,平安证券,300751.SZ,迈为股份
202207,平安证券,600519.SH,贵州茅台
202207,平安证券,601633.SH,长城汽车
202207,平安证券,601888.SH,中国中免
202207,平安证券,603666.SH,亿嘉和
202207,平安证券,688187.SH,时代电气
202207,开源证券,000776.SZ,广发证券
202207,开源证券,002126.SZ,银轮股份
202207,开源证券,002791.SZ,坚朗五金
202207,开源证券,002920.SZ,德赛西威
202207,开源证券,002937.SZ,兴瑞科技
202207,开源证券,300990.SZ,同飞股份
202207,开源证券,601311.SH,骆驼股份
202207,开源证券,601456.SH,国联证券
202207,开源证券,603077.SH,和邦生物
202207,开源证券,603444.SH,吉比特
202207,德邦证券,000568.SZ,泸州老窖
202207,德邦证券,002415.SZ,海康威视
202207,德邦证券,002791.SZ,坚朗五金
202207,德邦证券,002928.SZ,华夏航空
202207,德邦证券,300122.SZ,智飞生物
202207,德邦证券,300144.SZ,宋城演艺
202207,德邦证券,601609.SH,金田股份
202207,德邦证券,601985.SH,中国核电
202207,德邦证券,688122.SH,西部超导
202207,德邦证券,688377.SH,迪威尔
202207,德邦证券,688665.SH,四方光电
202207,招商证券,000002.SZ,万科A
202207,招商证券,000568.SZ,泸州老窖
202207,招商证券,000657.SZ,中钨高新
202207,招商证券,000786.SZ,北新建材
202207,招商证券,002013.SZ,中航机电
202207,招商证券,002142.SZ,宁波银行
202207,招商证券,002372.SZ,伟星新材
202207,招商证券,002402.SZ,和而泰
202207,招商证券,002475.SZ,立讯精密
202207,招商证券,002594.SZ,比亚迪
202207,招商证券,300073.SZ,当升科技
202207,招商证券,300347.SZ,泰格医药
202207,招商证券,300394.SZ,天孚通信
202207,招商证券,300487.SZ,蓝晓科技
202207,招商证券,300498.SZ,温氏股份
202207,招商证券,300643.SZ,万通智控
202207,招商证券,301102.SZ,兆讯传媒
202207,招商证券,301129.SZ,瑞纳智能
202207,招商证券,600383.SH,金地集团
202207,招商证券,600438.SH,通威股份
202207,招商证券,600519.SH,贵州茅台
202207,招商证券,600570.SH,恒生电子
202207,招商证券,600660.SH,福耀玻璃
202207,招商证券,600729.SH,重庆百货
202207,招商证券,600820.SH,隧道股份
202207,招商证券,600862.SH,中航高科
202207,招商证券,600919.SH,江苏银行
202207,招商证券,601888.SH,中国中免
202207,招商证券,603338.SH,浙江鼎力
202207,招商证券,603477.SH,巨星农牧
202207,招商证券,603816.SH,顾家家居
202207,招商证券,603868.SH,飞科电器
202207,招商证券,688050.SH,爱博医疗
202207,招商证券,688248.SH,南网科技
202207,招商证券,688300.SH,联瑞新材
202207,招商证券,688696.SH,极米科技
202207,招商证券,688778.SH,厦钨新能
202207,民生证券,000858.SZ,五粮液
202207,民生证券,002039.SZ,黔源电力
202207,民生证券,002371.SZ,北方华创
202207,民生证券,300593.SZ,新雷能
202207,民生证券,300750.SZ,宁德时代
202207,民生证券,300996.SZ,普联软件
202207,民生证券,600392.SH,盛和资源
202207,民生证券,601225.SH,陕西煤业
202207,民生证券,601238.SH,广汽集团
202207,民生证券,688526.SH,科前生物
202207,浙商证券,000001.SZ,平安银行
202207,浙商证券,000519.SZ,中兵红箭
202207,浙商证券,002120.SZ,韵达股份
202207,浙商证券,002129.SZ,TCL中环
202207,浙商证券,002304.SZ,洋河股份
202207,浙商证券,002402.SZ,和而泰
202207,浙商证券,300666.SZ,江丰电子
202207,浙商证券,301096.SZ,百诚医药
202207,浙商证券,600004.SH,白云机场
202207,浙商证券,603185.SH,上机数控
202207,粤开证券,000568.SZ,泸州老窖
202207,粤开证券,002166.SZ,莱茵生物
202207,粤开证券,002240.SZ,盛新锂能
202207,粤开证券,002597.SZ,金禾实业
202207,粤开证券,300059.SZ,东方财富
202207,粤开证券,300223.SZ,北京君正
202207,粤开证券,600690.SH,海尔智家
202207,粤开证券,601088.SH,中国神华
202207,粤开证券,603185.SH,上机数控
202207,粤开证券,603288.SH,海天味业
202207,财通证券,000049.SZ,德赛电池
202207,财通证券,000810.SZ,创维数字
202207,财通证券,002555.SZ,三七互娱
202207,财通证券,002617.SZ,露笑科技
202207,财通证券,002833.SZ,弘亚数控
202207,财通证券,002866.SZ,传艺科技
202207,财通证券,300233.SZ,金城医药
202207,财通证券,300896.SZ,爱美客
202207,财通证券,601689.SH,拓普集团
202207,财通证券,601888.SH,中国中免
202207,长江证券,001215.SZ,千味央厨
202207,长江证券,300395.SZ,菲利华
202207,长江证券,300750.SZ,宁德时代
202207,长江证券,600011.SH,华能国际
202207,长江证券,600030.SH,中信证券
202207,长江证券,600328.SH,中盐化工
202207,长江证券,600570.SH,恒生电子
202207,长江证券,688202.SH,美迪西
202208,中原证券,002714.SZ,牧原股份
202208,中原证券,002908.SZ,德生科技
202208,中原证券,300499.SZ,高澜股份
202208,中原证券,300503.SZ,昊志机电
202208,中原证券,601016.SH,节能风电
202208,中原证券,603416.SH,信捷电气
202208,中原证券,603915.SH,国茂股份
202208,中原证券,605111.SH,新洁能
202208,中原证券,688047.SH,龙芯中科
202208,中原证券,688599.SH,天合光能
202208,华安证券,002714.SZ,牧原股份
202208,华安证券,300762.SZ,上海瀚讯
202208,华安证券,300811.SZ,铂科新材
202208,华安证券,300911.SZ,亿田智能
202208,华安证券,600048.SH,保利发展
202208,华安证券,600801.SH,华新水泥
202208,华安证券,601899.SH,紫金矿业
202208,华安证券,688065.SH,凯赛生物
202208,华安证券,688269.SH,凯立新材
202208,华安证券,688777.SH,中控技术
202208,国信证券,002724.SZ,海洋王
202208,国信证券,002996.SZ,顺博合金
202208,国信证券,300416.SZ,苏试试验
202208,国信证券,300760.SZ,迈瑞医疗
202208,国信证券,301018.SZ,申菱环境
202208,国信证券,301117.SZ,佳缘科技
202208,国信证券,601128.SH,常熟银行
202208,国信证券,603179.SH,新泉股份
202208,国信证券,603327.SH,福蓉科技
202208,国信证券,688223.SH,晶科能源
202208,国元证券,002472.SZ,双环传动
202208,国元证券,003011.SZ,海象新材
202208,国元证券,300604.SZ,长川科技
202208,国元证券,300682.SZ,朗新科技
202208,国元证券,300916.SZ,朗特智能
202208,国元证券,300957.SZ,贝泰尼
202208,国元证券,600887.SH,伊利股份
202208,国元证券,603198.SH,迎驾贡酒
202208,国元证券,688526.SH,科前生物
202208,国联证券,002311.SZ,海大集团
202208,国联证券,300308.SZ,中际旭创
202208,国联证券,300763.SZ,锦浪科技
202208,国联证券,300801.SZ,泰和科技
202208,国联证券,301050.SZ,雷电微力
202208,国联证券,600079.SH,人福医药
202208,国联证券,600481.SH,双良节能
202208,国联证券,600519.SH,贵州茅台
202208,国联证券,601137.SH,博威合金
202208,国联证券,605369.SH,拱东医疗
202208,太平洋证券,000546.SZ,金圆股份
202208,太平洋证券,002100.SZ,天康生物
202208,太平洋证券,300260.SZ,新莱应材
202208,太平洋证券,300751.SZ,迈为股份
202208,太平洋证券,300893.SZ,松原股份
202208,太平洋证券,600031.SH,三一重工
202208,太平洋证券,600330.SH,天通股份
202208,太平洋证券,600765.SH,中航重机
202208,太平洋证券,600861.SH,北京城乡
202208,太平洋证券,688195.SH,腾景科技
202208,平安证券,002487.SZ,大金重工
202208,平安证券,300438.SZ,鹏辉能源
202208,平安证券,300496.SZ,中科创达
202208,平安证券,300705.SZ,九典制药
202208,平安证券,300724.SZ,捷佳伟创
202208,平安证券,600519.SH,贵州茅台
202208,平安证券,600754.SH,锦江酒店
202208,平安证券,603666.SH,亿嘉和
202208,平安证券,688032.SH,禾迈股份
202208,平安证券,688326.SH,经纬恒润-W
202208,开源证券,002126.SZ,银轮股份
202208,开源证券,002674.SZ,兴业科技
202208,开源证券,002906.SZ,华阳集团
202208,开源证券,300059.SZ,东方财富
202208,开源证券,300481.SZ,濮阳惠成
202208,开源证券,300896.SZ,爱美客
202208,开源证券,601012.SH,隆基绿能
202208,开源证券,603997.SH,继峰股份
202208,开源证券,688063.SH,派能科技
202208,开源证券,688300.SH,联瑞新材
202208,德邦证券,000531.SZ,穗恒运A
202208,德邦证券,000596.SZ,古井贡酒
202208,德邦证券,002353.SZ,杰瑞股份
202208,德邦证券,002415.SZ,海康威视
202208,德邦证券,002928.SZ,华夏航空
202208,德邦证券,300662.SZ,科锐国际
202208,德邦证券,600150.SH,中国船舶
202208,德邦证券,603899.SH,晨光股份
202208,德邦证券,605090.SH,九丰能源
202208,德邦证券,688122.SH,西部超导
202208,德邦证券,688630.SH,芯碁微装
202208,德邦证券,688677.SH,海泰新光
202208,浙商证券,000519.SZ,中兵红箭
202208,浙商证券,000768.SZ,中航西飞
202208,浙商证券,002129.SZ,TCL中环
202208,浙商证券,002241.SZ,歌尔股份
202208,浙商证券,002430.SZ,杭氧股份
202208,浙商证券,002984.SZ,森麒麟
202208,浙商证券,600009.SH,上海机场
202208,浙商证券,601009.SH,南京银行
202208,浙商证券,603185.SH,上机数控
202208,浙商证券,603396.SH,金辰股份
202208,西部证券,000776.SZ,广发证券
202208,西部证券,000810.SZ,创维数字
202208,西部证券,002906.SZ,华阳集团
202208,西部证券,600566.SH,济川药业
202208,西部证券,600702.SH,舍得酒业
202208,西部证券,600763.SH,通策医疗
202208,西部证券,600765.SH,中航重机
202208,西部证券,603667.SH,五洲新春
202208,西部证券,688012.SH,中微公司
202208,西部证券,688131.SH,皓元医药
202208,财通证券,000049.SZ,德赛电池
202208,财通证券,002291.SZ,星期六
202208,财通证券,002859.SZ,洁美科技
202208,财通证券,300049.SZ,福瑞股份
202208,财通证券,300866.SZ,安克创新
202208,财通证券,600916.SH,中国黄金
202208,财通证券,601117.SH,中国化学
202208,财通证券,601633.SH,长城汽车
202208,财通证券,601888.SH,中国中免
202208,财通证券,688667.SH,菱电电控
202208,银河证券,000333.SZ,美的集团
202208,银河证券,002009.SZ,天奇股份
202208,银河证券,002049.SZ,紫光国微
202208,银河证券,002768.SZ,国恩股份
202208,银河证券,600487.SH,亨通光电
202208,银河证券,600519.SH,贵州茅台
202208,银河证券,601882.SH,海天精工
202208,银河证券,603444.SH,吉比特
202208,银河证券,603605.SH,珀莱雅
202208,银河证券,605111.SH,新洁能
202209,上海证券,002705.SZ,新宝股份
202209,上海证券,002801.SZ,微光股份
202209,上海证券,600011.SH,华能国际
202209,上海证券,600519.SH,贵州茅台
202209,上海证券,601888.SH,中国中免
202209,上海证券,603987.SH,康德莱
202209,上海证券,605333.SH,沪光股份
202209,上海证券,688556.SH,高测股份
202209,上海证券,688661.SH,和林微纳
202209,东亚前海证券,000893.SZ,亚钾国际
202209,东亚前海证券,002299.SZ,圣农发展
202209,东亚前海证券,002345.SZ,潮宏基
202209,东亚前海证券,002475.SZ,立讯精密
202209,东亚前海证券,002683.SZ,广东宏大
202209,东亚前海证券,300332.SZ,天壕环境
202209,东亚前海证券,300700.SZ,岱勒新材
202209,东亚前海证券,301073.SZ,君亭酒店
202209,东亚前海证券,600418.SH,江淮汽车
202209,东亚前海证券,600958.SH,东方证券
202209,东亚前海证券,603359.SH,东珠生态
202209,东亚前海证券,603919.SH,金徽酒
202209,东亚前海证券,688359.SH,三孚新科
202209,东亚前海证券,688786.SH,悦安新材
202209,东兴证券,001215.SZ,千味央厨
202209,东兴证券,002372.SZ,伟星新材
202209,东兴证券,300274.SZ,阳光电源
202209,东兴证券,600519.SH,贵州茅台
202209,东兴证券,600585.SH,海螺水泥
202209,东兴证券,603606.SH,东方电缆
202209,东兴证券,688210.SH,统联精密
202209,东北证券,000682.SZ,东方电子
202209,东北证券,000858.SZ,五粮液
202209,东北证券,002140.SZ,东华科技
202209,东北证券,002385.SZ,大北农
202209,东北证券,002487.SZ,大金重工
202209,东北证券,002881.SZ,美格智能
202209,东北证券,300015.SZ,爱尔眼科
202209,东北证券,300224.SZ,正海磁材
202209,东北证券,300260.SZ,新莱应材
202209,东北证券,301071.SZ,力量钻石
202209,东北证券,600143.SH,金发科技
202209,东北证券,600153.SH,建发股份
202209,东北证券,600389.SH,江山股份
202209,东北证券,600400.SH,红豆股份
202209,东北证券,600487.SH,亨通光电
202209,东北证券,600586.SH,金晶科技
202209,东北证券,600809.SH,山西汾酒
202209,东北证券,603197.SH,保隆科技
202209,东北证券,688456.SH,有研粉材
202209,东吴证券,000568.SZ,泸州老窖
202209,东吴证券,002003.SZ,伟星股份
202209,东吴证券,002036.SZ,联创电子
202209,东吴证券,002511.SZ,中顺洁柔
202209,东吴证券,300316.SZ,晶盛机电
202209,东吴证券,300332.SZ,天壕环境
202209,东吴证券,300763.SZ,锦浪科技
202209,东吴证券,600038.SH,中直股份
202209,东吴证券,688063.SH,派能科技
202209,中信建投证券,000625.SZ,长安汽车
202209,中信建投证券,000810.SZ,创维数字
202209,中信建投证券,000999.SZ,华润三九
202209,中信建投证券,002271.SZ,东方雨虹
202209,中信建投证券,002594.SZ,比亚迪
202209,中信建投证券,300059.SZ,东方财富
202209,中信建投证券,300119.SZ,瑞普生物
202209,中信建投证券,300229.SZ,拓尔思
202209,中信建投证券,300251.SZ,光线传媒
202209,中信建投证券,300681.SZ,英搏尔
202209,中信建投证券,300699.SZ,光威复材
202209,中信建投证券,600153.SH,建发股份
202209,中信建投证券,600428.SH,中远海特
202209,中信建投证券,600483.SH,福能股份
202209,中信建投证券,600809.SH,山西汾酒
202209,中信建投证券,601388.SH,怡球资源
202209,中信建投证券,601669.SH,中国电建
202209,中信建投证券,601838.SH,成都银行
202209,中信建投证券,603008.SH,喜临门
202209,中信建投证券,603822.SH,嘉澳环保
202209,中信建投证券,603908.SH,牧高笛
202209,中信建投证券,603936.SH,博敏电子
202209,中信建投证券,688223.SH,晶科能源
202209,中信建投证券,688636.SH,智明达
202209,中信建投证券,688678.SH,福立旺
202209,中信证券,000733.SZ,振华科技
202209,中信证券,002049.SZ,紫光国微
202209,中信证券,002078.SZ,太阳纸业
202209,中信证券,002353.SZ,杰瑞股份
202209,中信证券,002410.SZ,广联达
202209,中信证券,002541.SZ,鸿路钢构
202209,中信证券,002967.SZ,广电计量
202209,中信证券,003011.SZ,海象新材
202209,中信证券,300679.SZ,电连技术
202209,中信证券,300699.SZ,光威复材
202209,中信证券,300751.SZ,迈为股份
202209,中信证券,300957.SZ,贝泰妮
202209,中信证券,600026.SH,中远海能
202209,中信证券,600063.SH,皖维高新
202209,中信证券,600809.SH,山西汾酒
202209,中信证券,600886.SH,国投电力
202209,中信证券,601021.SH,春秋航空
202209,中信证券,601888.SH,中国中免
202209,中信证券,603477.SH,巨星农牧
202209,中信证券,603566.SH,普莱柯
202209,中信证券,603605.SH,珀莱雅
202209,中信证券,605060.SH,联德股份
202209,中信证券,688356.SH,键凯科技
202209,中信证券,688363.SH,华熙生物
202209,中信证券,688668.SH,鼎通科技
202209,中国银河,000625.SZ,长安汽车
202209,中国银河,002768.SZ,国恩股份
202209,中国银河,300014.SZ,亿纬锂能
202209,中国银河,600011.SH,华能国际
202209,中国银河,600487.SH,亨通光电
202209,中国银河,600519.SH,贵州茅台
202209,中国银河,601225.SH,陕西煤业
202209,中国银河,603712.SH,七一二
202209,中国银河,603936.SH,博敏电子
202209,中国银河,688777.SH,中控技术
202209,中泰证券,002223.SZ,鱼跃医疗
202209,中泰证券,002244.SZ,滨江集团
202209,中泰证券,300718.SZ,长盛轴承
202209,中泰证券,600299.SH,安迪苏
202209,中泰证券,600570.SH,恒生电子
202209,中泰证券,601088.SH,中国神华
202209,中泰证券,603105.SH,芯能科技
202209,中泰证券,603517.SH,绝味食品
202209,中航证券,002294.SZ,信立泰
202209,中航证券,002318.SZ,久立特材
202209,中航证券,300724.SZ,捷佳伟创
202209,中航证券,301050.SZ,雷电微力
202209,中航证券,600030.SH,中信证券
202209,中航证券,600481.SH,双良节能
202209,中航证券,601208.SH,东材科技
202209,中航证券,601888.SH,中国中免
202209,中银证券,000858.SZ,五粮液
202209,中银证券,300691.SZ,联合光电
202209,中银证券,300873.SZ,海晨股份
202209,中银证券,301155.SZ,海力风电
202209,中银证券,600309.SH,万华化学
202209,中银证券,601012.SH,隆基绿能
202209,信达证券,000625.SZ,长安汽车
202209,信达证券,300416.SZ,苏试试验
202209,信达证券,300870.SZ,欧陆通
202209,信达证券,600188.SH,兖矿能源
202209,信达证券,600884.SH,杉杉股份
202209,信达证券,600938.SH,中国海油
202209,信达证券,601058.SH,赛轮轮胎
202209,信达证券,601666.SH,平煤股份
202209,信达证券,603305.SH,旭升股份
202209,光大证券,000651.SZ,格力电器
202209,光大证券,002179.SZ,中航光电
202209,光大证券,600048.SH,保利发展
202209,光大证券,600587.SH,新华医疗
202209,光大证券,600600.SH,青岛啤酒
202209,光大证券,600660.SH,福耀玻璃
202209,光大证券,601888.SH,中国中免
202209,光大证券,603300.SH,华铁应急
202209,光大证券,603566.SH,普莱柯
202209,光大证券,688665.SH,四方光电
202209,华安证券,002100.SZ,天康生物
202209,华安证券,002158.SZ,汉钟精机
202209,华安证券,002738.SZ,中矿资源
202209,华安证券,300532.SZ,今天国际
202209,华安证券,300811.SZ,铂科新材
202209,华安证券,300871.SZ,回盛生物
202209,华安证券,300879.SZ,大叶股份
202209,华安证券,600519.SH,贵州茅台
202209,华安证券,600771.SH,广誉远
202209,华安证券,688080.SH,映翰通
202209,华鑫证券,002733.SZ,雄韬股份
202209,华鑫证券,600499.SH,科达制造
202209,华鑫证券,600702.SH,舍得酒业
202209,华鑫证券,600809.SH,山西汾酒
202209,华鑫证券,603416.SH,信捷电气
202209,华鑫证券,603466.SH,风语筑
202209,华鑫证券,603737.SH,三棵树
202209,华鑫证券,603986.SH,兆易创新
202209,华鑫证券,688359.SH,三孚新科
202209,华鑫证券,688676.SH,金盘科技
202209,国信证券,002839.SZ,张家港行
202209,国信证券,002840.SZ,华统股份
202209,国信证券,300394.SZ,天孚通信
202209,国信证券,300979.SZ,华利集团
202209,国信证券,600875.SH,东方电气
202209,国信证券,603179.SH,新泉股份
202209,国信证券,603936.SH,博敏电子
202209,国信证券,688196.SH,卓越新能
202209,国信证券,688518.SH,联赢激光
202209,国信证券,688777.SH,中控技术
202209,国元证券,002078.SZ,太阳纸业
202209,国元证券,300513.SZ,恒实科技
202209,国元证券,301235.SZ,华康医疗
202209,国元证券,600132.SH,重庆啤酒
202209,国元证券,603198.SH,迎驾贡酒
202209,国元证券,605098.SH,行动教育
202209,国元证券,688066.SH,航天宏图
202209,国泰君安证券,002179.SZ,中航光电
202209,国泰君安证券,002472.SZ,双环传动
202209,国泰君安证券,002475.SZ,立讯精密
202209,国泰君安证券,600438.SH,通威股份
202209,国泰君安证券,600487.SH,亨通光电
202209,国泰君安证券,600600.SH,青岛啤酒
202209,国泰君安证券,600754.SH,锦江酒店
202209,国泰君安证券,601669.SH,中国电建
202209,国泰君安证券,603605.SH,珀莱雅
202209,国泰君安证券,603667.SH,五洲新春
202209,国盛证券,000568.SZ,泸州老窖
202209,国盛证券,000762.SZ,西藏矿业
202209,国盛证券,002049.SZ,紫光国微
202209,国盛证券,002244.SZ,滨江集团
202209,国盛证券,002459.SZ,晶澳科技
202209,国盛证券,300337.SZ,银邦股份
202209,国盛证券,300820.SZ,英杰电气
202209,国盛证券,600048.SH,保利发展
202209,国盛证券,600416.SH,湘电股份
202209,国盛证券,600893.SH,航发动力
202209,国盛证券,603317.SH,天味食品
202209,国盛证券,603728.SH,鸣志电器
202209,国盛证券,603733.SH,仙鹤股份
202209,国联证券,002041.SZ,登海种业
202209,国联证券,002675.SZ,东诚药业
202209,国联证券,002714.SZ,牧原股份
202209,国联证券,300308.SZ,中际旭创
202209,国联证券,300401.SZ,花园生物
202209,国联证券,300938.SZ,信测标准
202209,国联证券,600481.SH,双良节能
202209,国联证券,601985.SH,中国核电
202209,国联证券,603456.SH,九洲药业
202209,国联证券,688385.SH,复旦微电
202209,太平洋证券,300119.SZ,瑞普生物
202209,太平洋证券,300662.SZ,科锐国际
202209,太平洋证券,600809.SH,山西汾酒
202209,太平洋证券,601633.SH,长城汽车
202209,太平洋证券,603605.SH,珀莱雅
202209,安信证券,000519.SZ,中兵红箭
202209,安信证券,000933.SZ,神火股份
202209,安信证券,300059.SZ,东方财富
202209,安信证券,300693.SZ,盛弘股份
202209,安信证券,601633.SH,长城汽车
202209,安信证券,603369.SH,今世缘
202209,安信证券,603757.SH,大元泵业
202209,安信证券,603833.SH,欧派家居
202209,安信证券,688499.SH,利元亨
202209,安信证券,688686.SH,奥普特
202209,山西证券,000728.SZ,国元证券
202209,山西证券,002025.SZ,航天电器
202209,山西证券,002299.SZ,圣农发展
202209,山西证券,002311.SZ,海大集团
202209,山西证券,300593.SZ,新雷能
202209,山西证券,300896.SZ,爱美客
202209,山西证券,600150.SH,中国船舶
202209,山西证券,600519.SH,贵州茅台
202209,山西证券,600732.SH,爱旭股份
202209,山西证券,603369.SH,今世缘
202209,平安证券,002487.SZ,大金重工
202209,平安证券,002675.SZ,东诚药业
202209,平安证券,300438.SZ,鹏辉能源
202209,平安证券,300724.SZ,捷佳伟创
202209,平安证券,301193.SZ,家联科技
202209,平安证券,600519.SH,贵州茅台
202209,平安证券,600919.SH,江苏银行
202209,平安证券,601888.SH,中国中免
202209,平安证券,688032.SH,禾迈股份
202209,开源证券,001308.SZ,康冠科技
202209,开源证券,002674.SZ,兴业科技
202209,开源证券,300014.SZ,亿纬锂能
202209,开源证券,300059.SZ,东方财富
202209,开源证券,300596.SZ,利安隆
202209,开源证券,601311.SH,骆驼股份
202209,开源证券,603035.SH,常熟汽饰
202209,开源证券,603613.SH,国联股份
202209,开源证券,688063.SH,派能科技
202209,开源证券,688300.SH,联瑞新材
202209,德邦证券,000568.SZ,泸州老窖
202209,德邦证券,002738.SZ,中矿资源
202209,德邦证券,300454.SZ,深信服
202209,德邦证券,300982.SZ,苏文电能
202209,德邦证券,600150.SH,中国船舶
202209,德邦证券,603301.SH,振德医疗
202209,德邦证券,603816.SH,顾家家居
202209,德邦证券,688122.SH,西部超导
202209,德邦证券,688167.SH,炬光科技
202209,德邦证券,688377.SH,迪威尔
202209,招商证券,000002.SZ,万科A
202209,招商证券,000541.SZ,佛山照明
202209,招商证券,000568.SZ,泸州老窖
202209,招商证券,000739.SZ,普洛药业
202209,招商证券,000921.SZ,海信家电
202209,招商证券,000933.SZ,神火股份
202209,招商证券,002311.SZ,海大集团
202209,招商证券,002372.SZ,伟星新材
202209,招商证券,002385.SZ,大北农
202209,招商证券,002475.SZ,立讯精密
202209,招商证券,002594.SZ,比亚迪
202209,招商证券,300251.SZ,光线传媒
202209,招商证券,300401.SZ,花园生物
202209,招商证券,300487.SZ,蓝晓科技
202209,招商证券,300643.SZ,万通智控
202209,招商证券,300724.SZ,捷佳伟创
202209,招商证券,300910.SZ,瑞丰新材
202209,招商证券,600026.SH,中远海能
202209,招商证券,600089.SH,特变电工
202209,招商证券,600383.SH,金地集团
202209,招商证券,600499.SH,科达制造
202209,招商证券,600519.SH,贵州茅台
202209,招商证券,600570.SH,恒生电子
202209,招商证券,600760.SH,中航沈飞
202209,招商证券,600820.SH,隧道股份
202209,招商证券,600862.SH,中航高科
202209,招商证券,600919.SH,江苏银行
202209,招商证券,601888.SH,中国中免
202209,招商证券,603008.SH,喜临门
202209,招商证券,603613.SH,国联股份
202209,招商证券,603871.SH,嘉友国际
202209,招商证券,603876.SH,鼎胜新材
202209,招商证券,688017.SH,绿的谐波
202209,招商证券,688223.SH,晶科能源
202209,招商证券,688320.SH,禾川科技
202209,招商证券,688400.SH,凌云光
202209,方正证券,002304.SZ,洋河股份
202209,方正证券,002371.SZ,北方华创
202209,方正证券,002389.SZ,航天彩虹
202209,方正证券,002929.SZ,润建股份
202209,方正证券,600152.SH,维科技术
202209,方正证券,601009.SH,南京银行
202209,方正证券,601908.SH,京运通
202209,方正证券,603456.SH,九洲药业
202209,方正证券,603477.SH,巨星农牧
202209,方正证券,688111.SH,金山办公
202209,民生证券,000568.SZ,泸州老窖
202209,民生证券,002171.SZ,楚江新材
202209,民生证券,002371.SZ,北方华创
202209,民生证券,300274.SZ,阳光电源
202209,民生证券,300593.SZ,新雷能
202209,民生证券,300957.SZ,贝泰妮
202209,民生证券,600483.SH,福能股份
202209,民生证券,600546.SH,山煤国际
202209,民生证券,601869.SH,长飞光纤
202209,民生证券,688041.SH,海光信息
202209,浙商证券,000519.SZ,中兵红箭
202209,浙商证券,002120.SZ,韵达股份
202209,浙商证券,002549.SZ,凯美特气
202209,浙商证券,300037.SZ,新宙邦
202209,浙商证券,300382.SZ,斯莱克
202209,浙商证券,600009.SH,上海机场
202209,浙商证券,600438.SH,通威股份
202209,浙商证券,600702.SH,舍得酒业
202209,浙商证券,601009.SH,南京银行
202209,浙商证券,603185.SH,上机数控
202209,申万宏源证券,000768.SZ,中航西飞
202209,申万宏源证券,002595.SZ,豪迈科技
202209,申万宏源证券,300454.SZ,深信服
202209,申万宏源证券,600150.SH,中国船舶
202209,申万宏源证券,600153.SH,建发股份
202209,申万宏源证券,600585.SH,海螺水泥
202209,申万宏源证券,600603.SH,广汇物流
202209,申万宏源证券,601888.SH,中国中免
202209,申万宏源证券,688385.SH,复旦微电
202209,粤开证券,000876.SZ,新希望
202209,粤开证券,002249.SZ,大洋电机
202209,粤开证券,002541.SZ,鸿路钢构
202209,粤开证券,002549.SZ,凯美特气
202209,粤开证券,300223.SZ,北京君正
202209,粤开证券,301073.SZ,君亭酒店
202209,粤开证券,600702.SH,舍得酒业
202209,粤开证券,600795.SH,国电电力
202209,粤开证券,601225.SH,陕西煤业
202209,粤开证券,601888.SH,中国中免
202209,西南证券,300871.SZ,回盛生物
202209,西南证券,600027.SH,华电国际
202209,西南证券,600487.SH,亨通光电
202209,西南证券,600519.SH,贵州茅台
202209,西南证券,600570.SH,恒生电子
202209,西南证券,600732.SH,爱旭股份
202209,西南证券,600933.SH,爱柯迪
202209,西南证券,601908.SH,京运通
202209,西南证券,603191.SH,望变电气
202209,西南证券,603896.SH,寿仙谷
202209,西部证券,000333.SZ,美的集团
202209,西部证券,000423.SZ,东阿阿胶
202209,西部证券,002088.SZ,鲁阳节能
202209,西部证券,300251.SZ,光线传媒
202209,西部证券,300274.SZ,阳光电源
202209,西部证券,300294.SZ,博雅生物
202209,西部证券,600702.SH,舍得酒业
202209,西部证券,603019.SH,中科曙光
202209,财通证券,000049.SZ,德赛电池
202209,财通证券,002463.SZ,沪电股份
202209,财通证券,002541.SZ,鸿路钢构
202209,财通证券,300049.SZ,福瑞股份
202209,财通证券,300258.SZ,精锻科技
202209,财通证券,300673.SZ,佩蒂股份
202209,财通证券,600916.SH,中国黄金
202209,财通证券,603613.SH,国联股份
202209,财通证券,688041.SH,海光信息
202209,财通证券,688125.SH,安达智能
202209,长江证券,000301.SZ,东方盛虹
202209,长江证券,002532.SZ,天山铝业
202209,长江证券,002714.SZ,牧原股份
202209,长江证券,300679.SZ,电连技术
202209,长江证券,300776.SZ,帝尔激光
202209,长江证券,600011.SH,华能国际
202209,长江证券,600048.SH,保利发展
202209,长江证券,600690.SH,海尔智家
202209,长江证券,601012.SH,隆基绿能
202210,东亚前海证券,000728.SZ,国元证券
202210,东亚前海证券,000893.SZ,亚钾国际
202210,东亚前海证券,002475.SZ,立讯精密
202210,东亚前海证券,002683.SZ,广东宏大
202210,东亚前海证券,300268.SZ,佳沃食品
202210,东亚前海证券,300332.SZ,天壕环境
202210,东亚前海证券,300395.SZ,菲利华
202210,东亚前海证券,300700.SZ,岱勒新材
202210,东亚前海证券,301073.SZ,君亭酒店
202210,东亚前海证券,301171.SZ,易点天下
202210,东亚前海证券,600418.SH,江淮汽车
202210,东亚前海证券,603359.SH,东珠生态
202210,东亚前海证券,603517.SH,绝味食品
202210,东亚前海证券,603768.SH,常青股份
202210,东亚前海证券,688168.SH,安博通
202210,东亚前海证券,688331.SH,荣昌生物
202210,东亚前海证券,688359.SH,三孚新科
202210,东亚前海证券,688786.SH,悦安新材
202210,东兴证券,001215.SZ,千味央厨
202210,东兴证券,002372.SZ,伟星新材
202210,东兴证券,300662.SZ,科锐国际
202210,东兴证券,300957.SZ,贝泰妮
202210,东兴证券,600519.SH,贵州茅台
202210,东兴证券,600585.SH,海螺水泥
202210,东兴证券,600933.SH,爱柯迪
202210,东北证券,000568.SZ,泸州老窖
202210,东北证券,000596.SZ,古井贡酒
202210,东北证券,002140.SZ,东华科技
202210,东北证券,002218.SZ,拓日新能
202210,东北证券,002453.SZ,华软科技
202210,东北证券,002487.SZ,大金重工
202210,东北证券,300224.SZ,正海磁材
202210,东北证券,300496.SZ,中科创达
202210,东北证券,301071.SZ,力量钻石
202210,东北证券,600153.SH,建发股份
202210,东北证券,600400.SH,红豆股份
202210,东北证券,600487.SH,亨通光电
202210,东北证券,600529.SH,山东药玻
202210,东北证券,603086.SH,先达股份
202210,东北证券,603197.SH,保隆科技
202210,东北证券,603198.SH,迎驾贡酒
202210,东北证券,603668.SH,天马科技
202210,东北证券,603737.SH,三棵树
202210,东北证券,603799.SH,华友钴业
202210,东北证券,605222.SH,起帆电缆
202210,东北证券,688035.SH,德邦科技
202210,东北证券,688456.SH,有研粉材
202210,东吴证券,002003.SZ,伟星股份
202210,东吴证券,300750.SZ,宁德时代
202210,东吴证券,300856.SZ,科思股份
202210,东吴证券,601012.SH,隆基绿能
202210,东吴证券,601689.SH,拓普集团
202210,东吴证券,603816.SH,顾家家居
202210,东吴证券,688046.SH,药康生物
202210,东吴证券,688063.SH,派能科技
202210,东吴证券,688271.SH,联影医疗
202210,东莞证券,000333.SZ,美的集团
202210,东莞证券,000568.SZ,泸州老窖
202210,东莞证券,002371.SZ,北方华创
202210,东莞证券,002707.SZ,众信旅游
202210,东莞证券,300124.SZ,汇川技术
202210,东莞证券,300750.SZ,宁德时代
202210,东莞证券,600036.SH,招商银行
202210,东莞证券,600048.SH,保利发展
202210,东莞证券,600309.SH,万华化学
202210,东莞证券,600600.SH,青岛啤酒
202210,中信建投,001979.SZ,招商蛇口
202210,中信建投,002180.SZ,纳思达
202210,中信建投,002271.SZ,东方雨虹
202210,中信建投,002446.SZ,盛路通信
202210,中信建投,002865.SZ,钧达股份
202210,中信建投,300059.SZ,东方财富
202210,中信建投,300119.SZ,瑞普生物
202210,中信建投,300767.SZ,震安科技
202210,中信建投,300918.SZ,南山智尚
202210,中信建投,301101.SZ,明月镜片
202210,中信建投,600021.SH,上海电力
202210,中信建投,600150.SH,中国船舶
202210,中信建投,600428.SH,中远海特
202210,中信建投,600690.SH,海尔智家
202210,中信建投,600809.SH,山西汾酒
202210,中信建投,600875.SH,东方电气
202210,中信建投,600933.SH,爱柯迪
202210,中信建投,601838.SH,成都银行
202210,中信建投,601886.SH,江河集团
202210,中信建投,603605.SH,珀莱雅
202210,中信建投,605117.SH,德业股份
202210,中信建投,688196.SH,卓越新能
202210,中信建投,688501.SH,青达环保
202210,中信建投,688596.SH,正帆科技
202210,中信建投,688636.SH,智明达
202210,中原证券,000915.SZ,华特达因
202210,中原证券,002216.SZ,三全食品
202210,中原证券,002311.SZ,海大集团
202210,中原证券,002648.SZ,卫星化学
202210,中原证券,300687.SZ,赛意信息
202210,中原证券,600216.SH,浙江医药
202210,中原证券,600765.SH,中航重机
202210,中原证券,600872.SH,中炬高新
202210,中原证券,601012.SH,隆基绿能
202210,中原证券,603690.SH,至纯科技
202210,中泰证券,000975.SZ,银泰黄金
202210,中泰证券,300837.SZ,浙矿股份
202210,中泰证券,600258.SH,首旅酒店
202210,中泰证券,600299.SH,安迪苏
202210,中泰证券,600475.SH,华光环能
202210,中泰证券,601225.SH,陕西煤业
202210,中泰证券,601669.SH,中国电建
202210,中泰证券,603517.SH,绝味食品
202210,中泰证券,603658.SH,安图生物
202210,中泰证券,688111.SH,金山办公
202210,信达证券,300416.SZ,苏试试验
202210,信达证券,300428.SZ,立中集团
202210,信达证券,300863.SZ,卡倍亿
202210,信达证券,600188.SH,兖矿能源
202210,信达证券,600702.SH,舍得酒业
202210,信达证券,600938.SH,中国海油
202210,信达证券,601058.SH,赛轮轮胎
202210,信达证券,601666.SH,平煤股份
202210,信达证券,603100.SH,川仪股份
202210,信达证券,603305.SH,旭升股份
202210,光大证券,000002.SZ,万科A
202210,光大证券,000651.SZ,格力电器
202210,光大证券,002027.SZ,分众传媒
202210,光大证券,002541.SZ,鸿路钢构
202210,光大证券,002993.SZ,奥海科技
202210,光大证券,300596.SZ,利安隆
202210,光大证券,600132.SH,重庆啤酒
202210,光大证券,600587.SH,新华医疗
202210,光大证券,600660.SH,福耀玻璃
202210,光大证券,603345.SH,安井食品
202210,华安证券,002648.SZ,卫星化学
202210,华安证券,300586.SZ,美联新材
202210,华安证券,300871.SZ,回盛生物
202210,华安证券,600400.SH,红豆股份
202210,华安证券,600760.SH,中航沈飞
202210,华安证券,603236.SH,移远通信
202210,华安证券,603517.SH,绝味食品
202210,华安证券,688037.SH,芯源微
202210,华安证券,688111.SH,金山办公
202210,华安证券,688278.SH,特宝生物
202210,国信证券,000002.SZ,万科A
202210,国信证券,002142.SZ,宁波银行
202210,国信证券,300760.SZ,迈瑞医疗
202210,国信证券,301195.SZ,北路智控
202210,国信证券,600872.SH,中炬高新
202210,国信证券,603605.SH,珀莱雅
202210,国信证券,603713.SH,密尔克卫
202210,国信证券,688112.SH,鼎阳科技
202210,国信证券,688676.SH,金盘科技
202210,国联证券,002276.SZ,万马股份
202210,国联证券,002891.SZ,中宠股份
202210,国联证券,300054.SZ,鼎龙股份
202210,国联证券,300263.SZ,隆华科技
202210,国联证券,300308.SZ,中际旭创
202210,国联证券,300973.SZ,立高食品
202210,国联证券,600754.SH,锦江酒店
202210,国联证券,688114.SH,华大智造
202210,国联证券,688238.SH,和元生物
202210,国联证券,688777.SH,中控技术
202210,山西证券,002025.SZ,航天电器
202210,山西证券,002299.SZ,圣农发展
202210,山西证券,300593.SZ,新雷能
202210,山西证券,600150.SH,中国船舶
202210,山西证券,600348.SH,华阳股份
202210,山西证券,600732.SH,爱旭股份
202210,山西证券,600809.SH,山西汾酒
202210,山西证券,688120.SH,华海清科
202210,山西证券,688630.SH,芯碁微装
202210,平安证券,002466.SZ,天齐锂业
202210,平安证券,002487.SZ,大金重工
202210,平安证券,002675.SZ,东诚药业
202210,平安证券,002920.SZ,德赛西威
202210,平安证券,300015.SZ,爱尔眼科
202210,平安证券,301193.SZ,家联科技
202210,平安证券,600029.SH,南方航空
202210,平安证券,603345.SH,安井食品
202210,平安证券,688032.SH,禾迈股份
202210,平安证券,688112.SH,鼎阳科技
202210,开源证券,002011.SZ,盾安环境
202210,开源证券,300481.SZ,濮阳惠成
202210,开源证券,300803.SZ,指南针
202210,开源证券,301278.SZ,快可电子
202210,开源证券,600809.SH,山西汾酒
202210,开源证券,603416.SH,信捷电气
202210,开源证券,603613.SH,国联股份
202210,开源证券,688037.SH,芯源微
202210,开源证券,688063.SH,派能科技
202210,德邦证券,002049.SZ,紫光国微
202210,德邦证券,002410.SZ,广联达
202210,德邦证券,002960.SZ,青鸟消防
202210,德邦证券,300122.SZ,智飞生物
202210,德邦证券,300660.SZ,江苏雷利
202210,德邦证券,600129.SH,太极集团
202210,德邦证券,600809.SH,山西汾酒
202210,德邦证券,601609.SH,金田股份
202210,德邦证券,603899.SH,晨光股份
202210,德邦证券,688223.SH,晶科能源
202210,德邦证券,688377.SH,迪威尔
202210,德邦证券,688630.SH,芯碁微装
202210,招商证券,000002.SZ,万科A
202210,招商证券,000568.SZ,泸州老窖
202210,招商证券,000651.SZ,格力电器
202210,招商证券,000975.SZ,银泰黄金
202210,招商证券,002003.SZ,伟星股份
202210,招商证券,002013.SZ,中航机电
202210,招商证券,002142.SZ,宁波银行
202210,招商证券,002179.SZ,中航光电
202210,招商证券,002311.SZ,海大集团
202210,招商证券,002372.SZ,伟星新材
202210,招商证券,002385.SZ,大北农
202210,招商证券,002468.SZ,申通快递
202210,招商证券,002475.SZ,立讯精密
202210,招商证券,002594.SZ,比亚迪
202210,招商证券,300415.SZ,伊之密
202210,招商证券,300487.SZ,蓝晓科技
202210,招商证券,300910.SZ,瑞丰新材
202210,招商证券,600026.SH,中远海能
202210,招商证券,600383.SH,金地集团
202210,招商证券,600519.SH,贵州茅台
202210,招商证券,600570.SH,恒生电子
202210,招商证券,600919.SH,江苏银行
202210,招商证券,600941.SH,中国移动
202210,招商证券,603129.SH,春风动力
202210,招商证券,603816.SH,顾家家居
202210,招商证券,603876.SH,鼎胜新材
202210,招商证券,603939.SH,益丰药房
202210,招商证券,688111.SH,金山办公
202210,招商证券,688278.SH,特宝生物
202210,浙商证券,000596.SZ,古井贡酒
202210,浙商证券,000768.SZ,中航西飞
202210,浙商证券,002129.SZ,TCL中环
202210,浙商证券,002549.SZ,凯美特气
202210,浙商证券,600566.SH,济川药业
202210,浙商证券,600690.SH,海尔智家
202210,浙商证券,601009.SH,南京银行
202210,浙商证券,603185.SH,上机数控
202210,浙商证券,603605.SH,珀莱雅
202210,浙商证券,688439.SH,振华风光
202210,粤开证券,002142.SZ,宁波银行
202210,粤开证券,002729.SZ,好利科技
202210,粤开证券,300760.SZ,迈瑞医疗
202210,粤开证券,600372.SH,中航电子
202210,粤开证券,600938.SH,中国海油
202210,粤开证券,601012.SH,隆基绿能
202210,粤开证券,601088.SH,中国神华
202210,粤开证券,603288.SH,海天味业
202210,粤开证券,603589.SH,口子窖
202210,粤开证券,603605.SH,珀莱雅
202210,西部证券,000333.SZ,美的集团
202210,西部证券,000423.SZ,东阿阿胶
202210,西部证券,000729.SZ,燕京啤酒
202210,西部证券,002643.SZ,万润股份
202210,西部证券,600754.SH,锦江酒店
202210,西部证券,600919.SH,江苏银行
202210,西部证券,603208.SH,江山欧派
202210,西部证券,688041.SH,海光信息
202210,西部证券,688385.SH,复旦微电
202210,财信证券,000963.SZ,华东医药
202210,财信证券,001218.SZ,丽臣实业
202210,财信证券,002032.SZ,苏泊尔
202210,财信证券,002158.SZ,汉钟精机
202210,财信证券,002318.SZ,久立特材
202210,财信证券,002555.SZ,三七互娱
202210,财信证券,600298.SH,安琪酵母
202210,财信证券,600919.SH,江苏银行
202210,财信证券,603883.SH,老百姓
202210,财信证券,688123.SH,聚辰股份
202210,财通证券,002463.SZ,沪电股份
202210,财通证券,002920.SZ,德赛西威
202210,财通证券,300049.SZ,福瑞股份
202210,财通证券,300673.SZ,佩蒂股份
202210,财通证券,301102.SZ,兆讯传媒
202210,财通证券,601669.SH,中国电建
202210,财通证券,603197.SH,保隆科技
202210,财通证券,603605.SH,珀莱雅
202210,财通证券,688041.SH,海光信息
202210,财通证券,688125.SH,安达智能
202210,银河证券,002009.SZ,天奇股份
202210,银河证券,002738.SZ,中矿能源
202210,银河证券,002920.SZ,德赛西威
202210,银河证券,300447.SZ,全信股份
202210,银河证券,300450.SZ,先导智能
202210,银河证券,600519.SH,贵州茅台
202210,银河证券,601225.SH,陕西煤业
202210,银河证券,603118.SH,共进股份
202210,银河证券,603297.SH,永新光学
202210,银河证券,603605.SH,珀莱雅
202211,东亚前海证券,002057.SZ,中钢天源
202211,东亚前海证券,002299.SZ,圣农发展
202211,东亚前海证券,002475.SZ,立讯精密
202211,东亚前海证券,300316.SZ,晶盛机电
202211,东亚前海证券,300700.SZ,岱勒新材
202211,东亚前海证券,301073.SZ,君亭酒店
202211,东亚前海证券,603688.SH,石英股份
202211,东亚前海证券,605088.SH,冠盛股份
202211,东亚前海证券,688168.SH,安博通
202211,东亚前海证券,688359.SH,三孚新科
202211,东兴证券,001215.SZ,千味央厨
202211,东兴证券,002372.SZ,伟星新材
202211,东兴证券,300274.SZ,阳光电源
202211,东兴证券,300811.SZ,铂科新材
202211,东兴证券,301193.SZ,家联科技
202211,东兴证券,600519.SH,贵州茅台
202211,东兴证券,601128.SH,常熟银行
202211,东兴证券,688210.SH,统联精密
202211,中信证券,002831.SZ,裕同科技
202211,中信证券,002965.SZ,祥鑫科技
202211,中信证券,600233.SH,圆通速递
202211,中信证券,600905.SH,三峡能源
202211,中信证券,688639.SH,华恒生物
202211,中信证券,688668.SH,鼎通科技
202211,中信证券,688676.SH,金盘科技
202211,中国银河证券,002645.SZ,华宏科技
202211,中国银河证券,002738.SZ,中矿资源
202211,中国银河证券,300115.SZ,长盈精密
202211,中国银河证券,300447.SZ,全信股份
202211,中国银河证券,601088.SH,中国神华
202211,中国银河证券,601615.SH,明阳智能
202211,中国银河证券,601869.SH,长飞光纤
202211,中国银河证券,603605.SH,珀莱雅
202211,中国银河证券,603882.SH,金域医学
202211,中国银河证券,688188.SH,柏楚电子
202211,中银国际,300151.SZ,昌红科技
202211,中银国际,301155.SZ,海力风电
202211,中银国际,600309.SH,万华化学
202211,中银国际,601012.SH,隆基绿能
202211,中银国际,601888.SH,中国中免
202211,中银国际,603171.SH,税友股份
202211,信达证券,002991.SZ,甘源食品
202211,信达证券,300217.SZ,东方电热
202211,信达证券,300416.SZ,苏试试验
202211,信达证券,300428.SZ,立中集团
202211,信达证券,300863.SZ,卡倍亿
202211,信达证券,600188.SH,兖矿能源
202211,信达证券,600566.SH,济川药业
202211,信达证券,600938.SH,中国海油
202211,信达证券,601058.SH,赛轮轮胎
202211,光大证券,002368.SZ,太极股份
202211,光大证券,300354.SZ,东华测试
202211,光大证券,300590.SZ,移为通信
202211,光大证券,300596.SZ,利安隆
202211,光大证券,300777.SZ,中简科技
202211,光大证券,600132.SH,重庆啤酒
202211,光大证券,600612.SH,老凤祥
202211,光大证券,600660.SH,福耀玻璃
202211,光大证券,601100.SH,恒立液压
202211,光大证券,688302.SH,海创药业
202211,兴业证券,000963.SZ,华东医药
202211,兴业证券,002368.SZ,太极股份
202211,兴业证券,003031.SZ,中瓷电子
202211,兴业证券,300408.SZ,三环集团
202211,兴业证券,300416.SZ,苏试试验
202211,兴业证券,300896.SZ,爱美客
202211,兴业证券,600905.SH,三峡能源
202211,兴业证券,601669.SH,中国电建
202211,兴业证券,603712.SH,七一二
202211,兴业证券,688223.SH,晶科能源
202211,华安证券,002049.SZ,紫光国微
202211,华安证券,002648.SZ,卫星化学
202211,华安证券,002738.SZ,中矿资源
202211,华安证券,300456.SZ,赛微电子
202211,华安证券,300762.SZ,上海瀚讯
202211,华安证券,603279.SH,景津装备
202211,华安证券,688007.SH,光峰科技
202211,华安证券,688065.SH,凯赛生物
202211,华安证券,688488.SH,艾迪药业
202211,华安证券,688768.SH,容知日新
202211,华鑫证券,002317.SZ,众生药业
202211,华鑫证券,002335.SZ,科华数据
202211,华鑫证券,002603.SZ,以岭药业
202211,华鑫证券,002605.SZ,姚记科技
202211,华鑫证券,300083.SZ,创世纪
202211,华鑫证券,300474.SZ,景嘉微
202211,华鑫证券,300553.SZ,集智股份
202211,华鑫证券,688052.SH,纳芯微
202211,华鑫证券,688359.SH,三孚新科
202211,华鑫证券,688676.SH,金盘科技
202211,国泰君安,002385.SZ,大北农
202211,国泰君安,300760.SZ,迈瑞医疗
202211,国泰君安,600522.SH,中天科技
202211,国泰君安,600760.SH,中航沈飞
202211,国泰君安,600938.SH,中国海油
202211,国泰君安,601699.SH,潞安环能
202211,国泰君安,603232.SH,格尔软件
202211,国泰君安,603667.SH,五洲新春
202211,国泰君安,688012.SH,中微公司
202211,国泰君安,688100.SH,威生信息
202211,国盛证券,000568.SZ,泸州老窖
202211,国盛证券,002142.SZ,宁波银行
202211,国盛证券,002244.SZ,滨江集团
202211,国盛证券,002531.SZ,天顺风能
202211,国盛证券,002843.SZ,泰嘉股份
202211,国盛证券,300587.SZ,天铁股份
202211,国盛证券,300871.SZ,回盛生物
202211,国盛证券,300881.SZ,盛德鑫泰
202211,国盛证券,600325.SH,华发股份
202211,国盛证券,600416.SH,湘电股份
202211,国盛证券,600754.SH,锦江酒店
202211,国盛证券,600893.SH,航发动力
202211,国盛证券,603733.SH,仙鹤股份
202211,国盛证券,688501.SH,青达环保
202211,国联证券,002006.SZ,精功科技
202211,国联证券,002041.SZ,登海种业
202211,国联证券,002276.SZ,万马股份
202211,国联证券,300026.SZ,红日药业
202211,国联证券,300463.SZ,迈克生物
202211,国联证券,300938.SZ,信测标准
202211,国联证券,688187.SH,时代电气
202211,国联证券,688231.SH,隆达股份
202211,国联证券,688375.SH,国博电子
202211,太平洋证券,002446.SZ,盛路通信
202211,太平洋证券,300119.SZ,瑞普生物
202211,太平洋证券,300447.SZ,全信股份
202211,太平洋证券,300662.SZ,科锐国际
202211,太平洋证券,600298.SH,安琪酵母
202211,太平洋证券,600732.SH,爱旭股份
202211,太平洋证券,601965.SH,中国汽研
202211,太平洋证券,601975.SH,招商南油
202211,太平洋证券,603605.SH,珀莱雅
202211,川财证券,002268.SZ,卫士通
202211,川财证券,002531.SZ,天顺风能
202211,川财证券,002651.SZ,利君股份
202211,川财证券,300260.SZ,新莱应材
202211,川财证券,600399.SH,抚顺特钢
202211,川财证券,600995.SH,南网储能
202211,川财证券,603027.SH,千禾味业
202211,川财证券,603169.SH,兰石重装
202211,川财证券,603809.SH,豪能股份
202211,川财证券,688636.SH,智明达
202211,平安证券,002487.SZ,大金重工
202211,平安证券,002675.SZ,东诚药业
202211,平安证券,002738.SZ,中矿资源
202211,平安证券,002821.SZ,凯莱英
202211,平安证券,301269.SZ,华大九天
202211,平安证券,600422.SH,昆药集团
202211,平安证券,688012.SH,中微公司
202211,平安证券,688111.SH,金山办公
202211,平安证券,688112.SH,鼎阳科技
202211,平安证券,688439.SH,振华风光
202211,开源证券,002903.SZ,宇环数控
202211,开源证券,300596.SZ,利安隆
202211,开源证券,300803.SZ,指南针
202211,开源证券,300996.SZ,普联软件
202211,开源证券,301278.SZ,快可电子
202211,开源证券,600378.SH,昊华科技
202211,开源证券,603416.SH,信捷电气
202211,开源证券,603613.SH,国联股份
202211,开源证券,603868.SH,飞科电器
202211,开源证券,688037.SH,芯源微
202211,德邦证券,002049.SZ,紫光国微
202211,德邦证券,002517.SZ,恺英网络
202211,德邦证券,002738.SZ,中矿资源
202211,德邦证券,002920.SZ,德赛西威
202211,德邦证券,300122.SZ,智飞生物
202211,德邦证券,300982.SZ,苏文电能
202211,德邦证券,601888.SH,中国中免
202211,德邦证券,601985.SH,中国核电
202211,德邦证券,688089.SH,嘉必优
202211,德邦证券,688223.SH,晶科能源
202211,德邦证券,688630.SH,芯碁微装
202211,民生证券,300525.SZ,博思软件
202211,民生证券,300662.SZ,科锐国际
202211,民生证券,301080.SZ,百普赛斯
202211,民生证券,600549.SH,厦门钨业
202211,民生证券,600900.SH,长江电力
202211,民生证券,601088.SH,中国神华
202211,民生证券,601869.SH,长飞光纤
202211,民生证券,688270.SH,臻镭科技
202211,民生证券,688526.SH,科前生物
202211,民生证券,688636.SH,智明达
202211,浙商证券,000768.SZ,中航西飞
202211,浙商证券,002291.SZ,星期六
202211,浙商证券,300454.SZ,深信服
202211,浙商证券,300474.SZ,景嘉微
202211,浙商证券,600009.SH,上海机场
202211,浙商证券,600566.SH,济川药业
202211,浙商证券,600893.SH,航发动力
202211,浙商证券,603185.SH,上机数控
202211,浙商证券,605128.SH,上海沿浦
202211,浙商证券,688819.SH,天能股份
202211,申万宏源,002368.SZ,太极股份
202211,申万宏源,300986.SZ,志特新材
202211,申万宏源,600026.SH,中远海能
202211,申万宏源,600276.SH,恒瑞医药
202211,申万宏源,600509.SH,天富能源
202211,申万宏源,600760.SH,中航沈飞
202211,申万宏源,603260.SH,合盛硅业
202211,申万宏源,688596.SH,正帆科技
202211,申万宏源,688777.SH,中控技术
202211,西部证券,000568.SZ,泸州老窖
202211,西部证券,002291.SZ,星期六
202211,西部证券,002675.SZ,东诚药业
202211,西部证券,002837.SZ,英维克
202211,西部证券,300274.SZ,阳光电源
202211,西部证券,300957.SZ,贝泰妮
202211,西部证券,301166.SZ,优宁维
202211,西部证券,301338.SZ,凯格精机
202211,西部证券,688007.SH,光峰科技
202211,西部证券,688385.SH,复旦微电
202211,财通证券,000951.SZ,中国重汽
202211,财通证券,002291.SZ,星期六
202211,财通证券,002463.SZ,沪电股份
202211,财通证券,002541.SZ,鸿路钢构
202211,财通证券,300049.SZ,福瑞股份
202211,财通证券,300179.SZ,四方达
202211,财通证券,300673.SZ,佩蒂股份
202211,财通证券,601669.SH,中国电建
202211,财通证券,601888.SH,中国中免
202211,财通证券,688111.SH,金山办公
202212,东亚前海证券,000860.SZ,顺鑫农业
202212,东亚前海证券,002458.SZ,益生股份
202212,东亚前海证券,300700.SZ,岱勒新材
202212,东亚前海证券,301073.SZ,君亭酒店
202212,东亚前海证券,600958.SH,东方证券
202212,东亚前海证券,601958.SH,金钼股份
202212,东亚前海证券,603505.SH,金石资源
202212,东亚前海证券,688041.SH,海光信息
202212,东亚前海证券,688105.SH,诺唯赞
202212,东亚前海证券,688359.SH,三孚新科
202212,中信建投,000032.SZ,深桑达A
202212,中信建投,002049.SZ,紫光国微
202212,中信建投,002459.SZ,晶澳科技
202212,中信建投,002488.SZ,金固股份
202212,中信建投,002555.SZ,三七互娱
202212,中信建投,002979.SZ,雷赛智能
202212,中信建投,300033.SZ,同花顺
202212,中信建投,300515.SZ,三德科技
202212,中信建投,301078.SZ,孩子王
202212,中信建投,600021.SH,上海电力
202212,中信建投,600060.SH,海信视像
202212,中信建投,600176.SH,中国巨石
202212,中信建投,600298.SH,安琪酵母
202212,中信建投,600428.SH,中远海特
202212,中信建投,600875.SH,东方电气
202212,中信建投,600989.SH,宝丰能源
202212,中信建投,601155.SH,新城控股
202212,中信建投,601618.SH,中国中冶
202212,中信建投,601838.SH,成都银行
202212,中信建投,603358.SH,华达科技
202212,中信建投,603609.SH,禾丰股份
202212,中信建投,605589.SH,圣泉集团
202212,中信建投,688372.SH,伟测科技
202212,中信证券,000733.SZ,振华科技
202212,中信证券,002049.SZ,紫光国微
202212,中信证券,002352.SZ,顺丰控股
202212,中信证券,002965.SZ,祥鑫科技
202212,中信证券,600036.SH,招商银行
202212,中信证券,600048.SH,保利发展
202212,中信证券,600131.SH,国网信通
202212,中信证券,600886.SH,国投电力
202212,中信证券,600919.SH,江苏银行
202212,中信证券,601636.SH,旗滨集团
202212,中信证券,603060.SH,国检集团
202212,中信证券,603128.SH,华贸物流
202212,中信证券,603883.SH,老百姓
202212,中信证券,605598.SH,上海港湾
202212,中信证券,688041.SH,海光信息
202212,中信证券,688276.SH,百克生物
202212,中信证券,688668.SH,鼎通科技
202212,中信证券,688700.SH,东威科技
202212,中国银河证券,000568.SZ,泸州老窖
202212,中国银河证券,002142.SZ,宁波银行
202212,中国银河证券,002768.SZ,国恩股份
202212,中国银河证券,600048.SH,保利发展
202212,中国银河证券,600563.SH,法拉电子
202212,中国银河证券,600876.SH,洛阳玻璃
202212,中国银河证券,600941.SH,中国移动
202212,中国银河证券,603171.SH,税友股份
202212,中国银河证券,603882.SH,金域医学
202212,中国银河证券,688187.SH,时代电气
202212,光大证券,000651.SZ,格力电器
202212,光大证券,001914.SZ,招商积余
202212,光大证券,002158.SZ,汉钟精机
202212,光大证券,002917.SZ,金奥博
202212,光大证券,300181.SZ,佐力药业
202212,光大证券,300777.SZ,中简科技
202212,光大证券,600048.SH,保利发展
202212,光大证券,605089.SH,味知香
202212,光大证券,688008.SH,澜起科技
202212,光大证券,688378.SH,奥来德
202212,兴业证券,000768.SZ,中航西飞
202212,兴业证券,003031.SZ,中瓷电子
202212,兴业证券,300416.SZ,苏试试验
202212,兴业证券,300687.SZ,赛意信息
202212,兴业证券,600276.SH,恒瑞医药
202212,兴业证券,600803.SH,新奥股份
202212,兴业证券,600941.SH,中国移动
202212,兴业证券,601021.SH,春秋航空
202212,兴业证券,601668.SH,中国建筑
202212,兴业证券,688063.SH,派能科技
202212,华安证券,002041.SZ,登海种业
202212,华安证券,002648.SZ,卫星化学
202212,华安证券,002785.SZ,万里石
202212,华安证券,300586.SZ,美联新材
202212,华安证券,300797.SZ,钢研纳克
202212,华安证券,300896.SZ,爱美客
202212,华安证券,600809.SH,山西汾酒
202212,华安证券,603236.SH,移远通信
202212,华安证券,603893.SH,瑞芯微
202212,华安证券,688488.SH,艾迪药业
202212,华鑫证券,000032.SZ,深桑达A
202212,华鑫证券,001255.SZ,博菲电气
202212,华鑫证券,002216.SZ,三全食品
202212,华鑫证券,002271.SZ,东方雨虹
202212,华鑫证券,002335.SZ,科华数据
202212,华鑫证券,002407.SZ,多氟多
202212,华鑫证券,300133.SZ,华策影视
202212,华鑫证券,600872.SH,中炬高新
202212,华鑫证券,603567.SH,珍宝岛
202212,华鑫证券,688359.SH,三孚新科
202212,国信证券,000539.SZ,粤电力A
202212,国信证券,002142.SZ,宁波银行
202212,国信证券,002572.SZ,索菲亚
202212,国信证券,002847.SZ,盐津铺子
202212,国信证券,002920.SZ,德赛西威
202212,国信证券,300760.SZ,迈瑞医疗
202212,国信证券,600985.SH,淮北矿业
202212,国信证券,600988.SH,赤峰黄金
202212,国信证券,605108.SH,同庆楼
202212,国信证券,688007.SH,光峰科技
202212,国元证券,000568.SZ,泸州老窖
202212,国元证券,002126.SZ,银轮股份
202212,国元证券,002867.SZ,周大生
202212,国元证券,300357.SZ,我武生物
202212,国元证券,600588.SH,用友网络
202212,国元证券,603198.SH,迎驾贡酒
202212,国元证券,605377.SH,华旺科技
202212,国联证券,000938.SZ,紫光股份
202212,国联证券,002517.SZ,恺英网络
202212,国联证券,002594.SZ,比亚迪
202212,国联证券,002714.SZ,牧原股份
202212,国联证券,600079.SH,人福医药
202212,国联证券,600690.SH,海尔智家
202212,国联证券,600873.SH,梅花生物
202212,国联证券,601628.SH,中国人寿
202212,国联证券,603392.SH,万泰生物
202212,国联证券,688114.SH,华大智造
202212,国金证券,002254.SZ,泰和新材
202212,国金证券,002557.SZ,洽洽食品
202212,国金证券,002727.SZ,一心堂
202212,国金证券,300274.SZ,阳光电源
202212,国金证券,300856.SZ,科思股份
202212,国金证券,600570.SH,恒生电子
202212,国金证券,600941.SH,中国移动
202212,国金证券,603733.SH,仙鹤股份
202212,国金证券,688305.SH,科德数控
202212,山西证券,000001.SZ,平安银行
202212,山西证券,000983.SZ,山西焦煤
202212,山西证券,002025.SZ,航天电器
202212,山西证券,002311.SZ,海大集团
202212,山西证券,002873.SZ,新天药业
202212,山西证券,300593.SZ,新雷能
202212,山西证券,600732.SH,爱旭股份
202212,山西证券,601088.SH,中国神华
202212,山西证券,603517.SH,绝味食品
202212,山西证券,688630.SH,芯碁微装
202212,平安证券,000568.SZ,泸州老窖
202212,平安证券,002142.SZ,宁波银行
202212,平安证券,002410.SZ,广联达
202212,平安证券,300059.SZ,东方财富
202212,平安证券,300737.SZ,科顺股份
202212,平安证券,600029.SH,南方航空
202212,平安证券,600383.SH,金地集团
202212,平安证券,600422.SH,昆药集团
202212,平安证券,601888.SH,中国中免
202212,平安证券,688012.SH,中微公司
202212,开源证券,000516.SZ,国际医学
202212,开源证券,002903.SZ,宇环数控
202212,开源证券,300438.SZ,鹏辉能源
202212,开源证券,300795.SZ,米奥会展
202212,开源证券,301208.SZ,中亦科技
202212,开源证券,301278.SZ,快可电子
202212,开源证券,603416.SH,信捷电气
202212,开源证券,688175.SH,高凌信息
202212,开源证券,688686.SH,奥普特
202212,德邦证券,000568.SZ,泸州老窖
202212,德邦证券,002271.SZ,东方雨虹
202212,德邦证券,002517.SZ,恺英网络
202212,德邦证券,002534.SZ,西子洁能
202212,德邦证券,002557.SZ,洽洽食品
202212,德邦证券,002791.SZ,坚朗五金
202212,德邦证券,002842.SZ,翔鹭钨业
202212,德邦证券,300496.SZ,中科创达
202212,民生证券,000568.SZ,泸州老窖
202212,民生证券,002385.SZ,大北农
202212,民生证券,002459.SZ,晶澳科技
202212,民生证券,300496.SZ,中科创达
202212,民生证券,300725.SZ,药石科技
202212,民生证券,600176.SH,中国巨石
202212,民生证券,600309.SH,万华化学
202212,民生证券,600546.SH,山煤国际
202212,民生证券,600547.SH,山东黄金
202212,民生证券,600905.SH,三峡能源
202212,浙商证券,000001.SZ,平安银行
202212,浙商证券,300757.SZ,罗博特科
202212,浙商证券,600009.SH,上海机场
202212,浙商证券,600038.SH,中直股份
202212,浙商证券,600050.SH,中国联通
202212,浙商证券,600383.SH,金地集团
202212,浙商证券,600603.SH,广汇物流
202212,浙商证券,603306.SH,华懋科技
202212,浙商证券,603589.SH,口子窖
202212,浙商证券,605128.SH,上海沿浦
202212,粤开证券,000568.SZ,泸州老窖
202212,粤开证券,002223.SZ,鱼跃医疗
202212,粤开证券,002541.SZ,鸿路钢构
202212,粤开证券,300428.SZ,立中集团
202212,粤开证券,600096.SH,云天化
202212,粤开证券,600176.SH,中国巨石
202212,粤开证券,600803.SH,新奥股份
202212,粤开证券,600887.SH,伊利股份
202212,粤开证券,601225.SH,陕西煤业
202212,粤开证券,601628.SH,中国人寿
202212,西部证券,000860.SZ,顺鑫农业
202212,西部证券,002739.SZ,万达电影
202212,西部证券,600862.SH,中航高科
202212,西部证券,600919.SH,江苏银行
202212,西部证券,601628.SH,中国人寿
202212,西部证券,601888.SH,中国中免
202212,西部证券,603208.SH,江山欧派
202212,西部证券,688111.SH,金山办公
202212,西部证券,688378.SH,奥来德
202212,财通证券,002180.SZ,纳思达
202212,财通证券,002203.SZ,海亮股份
202212,财通证券,002271.SZ,东方雨虹
202212,财通证券,002444.SZ,巨星科技
202212,财通证券,002463.SZ,沪电股份
202212,财通证券,002487.SZ,大金重工
202212,财通证券,300049.SZ,福瑞股份
202212,财通证券,300059.SZ,东方财富
202212,财通证券,601668.SH,中国建筑
202212,财通证券,603303.SH,得邦照明
202301,东亚前海证券,002683.SZ,广东宏大
202301,东亚前海证券,002714.SZ,牧原股份
202301,东亚前海证券,300700.SZ,岱勒新材
202301,东亚前海证券,600754.SH,锦江酒店
202301,东亚前海证券,601958.SH,金钼股份
202301,东亚前海证券,603359.SH,东珠生态
202301,东亚前海证券,603517.SH,绝味食品
202301,东亚前海证券,688359.SH,三孚新科
202301,中信建投证券,000032.SZ,深桑达A
202301,中信建投证券,000625.SZ,长安汽车
202301,中信建投证券,000921.SZ,海信家电
202301,中信建投证券,002149.SZ,西部材料
202301,中信建投证券,002271.SZ,东方雨虹
202301,中信建投证券,300124.SZ,汇川技术
202301,中信建投证券,300274.SZ,阳光电源
202301,中信建投证券,300767.SZ,震安科技
202301,中信建投证券,301078.SZ,孩子王
202301,中信建投证券,301102.SZ,兆讯传媒
202301,中信建投证券,301367.SZ,怡和嘉业
202301,中信建投证券,600021.SH,上海电力
202301,中信建投证券,600428.SH,中远海特
202301,中信建投证券,600966.SH,博汇纸业
202301,中信建投证券,601155.SH,新城控股
202301,中信建投证券,601618.SH,中国中冶
202301,中信建投证券,601628.SH,中国人寿
202301,中信建投证券,601728.SH,中国电信
202301,中信建投证券,601838.SH,成都银行
202301,中信建投证券,601958.SH,金钼股份
202301,中信建投证券,603217.SH,元利科技
202301,中信建投证券,603345.SH,安井食品
202301,中信建投证券,603668.SH,天马科技
202301,中信建投证券,688017.SH,绿的谐波
202301,中信建投证券,688439.SH,振华风光
202301,中泰证券,000596.SZ,古井贡酒
202301,中泰证券,002690.SZ,美亚光电
202301,中泰证券,600038.SH,中直股份
202301,中泰证券,600188.SH,兖矿能源
202301,中泰证券,603105.SH,芯能科技
202301,中泰证券,688066.SH,航天宏图
202301,中泰证券,688232.SH,新点软件
202301,信达证券,300428.SZ,立中集团
202301,信达证券,300750.SZ,宁德时代
202301,信达证券,300767.SZ,震安科技
202301,信达证券,300888.SZ,稳健医疗
202301,信达证券,600188.SH,兖矿能源
202301,信达证券,600199.SH,金种子酒
202301,信达证券,600256.SH,广汇能源
202301,信达证券,600383.SH,金地集团
202301,信达证券,600763.SH,通策医疗
202301,信达证券,600938.SH,中国海油
202301,信达证券,601058.SH,赛轮轮胎
202301,光大证券,002242.SZ,九阳股份
202301,光大证券,300015.SZ,爱尔眼科
202301,光大证券,300354.SZ,东华测试
202301,光大证券,600048.SH,保利发展
202301,光大证券,600050.SH,中国联通
202301,光大证券,600612.SH,老凤祥
202301,光大证券,601636.SH,旗滨集团
202301,光大证券,601668.SH,中国建筑
202301,光大证券,601888.SH,中国中免
202301,光大证券,603345.SH,安井食品
202301,兴业证券,002352.SZ,顺丰控股
202301,兴业证券,300015.SZ,爱尔眼科
202301,兴业证券,300413.SZ,芒果超媒
202301,兴业证券,300896.SZ,爱美客
202301,兴业证券,600941.SH,中国移动
202301,兴业证券,601628.SH,中国人寿
202301,兴业证券,601668.SH,中国建筑
202301,兴业证券,603345.SH,安井食品
202301,兴业证券,688111.SH,金山办公
202301,兴业证券,688122.SH,西部超导
202301,华安证券,002352.SZ,顺丰控股
202301,华安证券,002648.SZ,卫星化学
202301,华安证券,002714.SZ,牧原股份
202301,华安证券,300896.SZ,爱美客
202301,华安证券,300919.SZ,中伟股份
202301,华安证券,600809.SH,山西汾酒
202301,华安证券,601888.SH,中国中免
202301,华安证券,688066.SH,航天宏图
202301,华安证券,688248.SH,南网科技
202301,华安证券,688556.SH,高测股份
202301,华鑫证券,002216.SZ,三全食品
202301,华鑫证券,002648.SZ,卫星化学
202301,华鑫证券,600536.SH,中国软件
202301,华鑫证券,600633.SH,浙数文化
202301,华鑫证券,601899.SH,紫金矿业
202301,华鑫证券,603369.SH,今世缘
202301,华鑫证券,603883.SH,老百姓
202301,华鑫证券,688112.SH,鼎阳科技
202301,华鑫证券,688392.SH,骄成超声
202301,华鑫证券,688676.SH,金盘科技
202301,国信证券,002142.SZ,宁波银行
202301,国信证券,002352.SZ,顺丰控股
202301,国信证券,002840.SZ,华统股份
202301,国信证券,002920.SZ,德赛西威
202301,国信证券,300979.SZ,华利集团
202301,国信证券,301102.SZ,兆讯传媒
202301,国信证券,301177.SZ,迪阿股份
202301,国信证券,600875.SH,东方电气
202301,国信证券,688007.SH,光峰科技
202301,国泰君安,000819.SZ,岳阳兴长
202301,国泰君安,002271.SZ,东方雨虹
202301,国泰君安,002475.SZ,立讯精密
202301,国泰君安,002966.SZ,苏州银行
202301,国泰君安,600276.SH,恒瑞医药
202301,国泰君安,600795.SH,国电电力
202301,国泰君安,601677.SH,明泰铝业
202301,国泰君安,603198.SH,迎驾贡酒
202301,国泰君安,688100.SH,威胜信息
202301,国泰君安,688697.SH,纽威数控
202301,国盛证券,002180.SZ,纳思达
202301,国盛证券,002244.SZ,滨江集团
202301,国盛证券,002459.SZ,晶澳科技
202301,国盛证券,002531.SZ,天顺风能
202301,国盛证券,002966.SZ,苏州银行
202301,国盛证券,600325.SH,华发股份
202301,国盛证券,600893.SH,航发动力
202301,国联证券,300226.SZ,上海钢联
202301,国联证券,300274.SZ,阳光电源
202301,国联证券,300443.SZ,金雷股份
202301,国联证券,301050.SZ,雷电微力
202301,国联证券,600276.SH,恒瑞医药
202301,国联证券,600859.SH,王府井
202301,国联证券,603369.SH,今世缘
202301,国联证券,688007.SH,光峰科技
202301,国联证券,688114.SH,华大智造
202301,国金证券,000568.SZ,泸州老窖
202301,国金证券,000733.SZ,振华科技
202301,国金证券,002142.SZ,宁波银行
202301,国金证券,002254.SZ,泰和新材
202301,国金证券,300161.SZ,华中数控
202301,国金证券,300274.SZ,阳光电源
202301,国金证券,300790.SZ,宇瞳光学
202301,国金证券,600570.SH,恒生电子
202301,国金证券,600941.SH,中国移动
202301,国金证券,688561.SH,奇安信
202301,山西证券,002025.SZ,航天电器
202301,山西证券,002142.SZ,宁波银行
202301,山西证券,002311.SZ,海大集团
202301,山西证券,002873.SZ,新天药业
202301,山西证券,300724.SZ,捷佳伟创
202301,山西证券,300863.SZ,卡倍亿
202301,山西证券,300979.SZ,华利集团
202301,山西证券,600519.SH,贵州茅台
202301,山西证券,601088.SH,中国神华
202301,山西证券,688680.SH,海优新材
202301,川财证券,000568.SZ,泸州老窖
202301,川财证券,000591.SZ,太阳能
202301,川财证券,002268.SZ,卫士通
202301,川财证券,002651.SZ,利君股份
202301,川财证券,300438.SZ,鹏辉能源
202301,川财证券,603169.SH,兰石重装
202301,川财证券,603809.SH,豪能股份
202301,川财证券,688063.SH,派能科技
202301,川财证券,688100.SH,威胜信息
202301,川财证券,688636.SH,智明达
202301,平安证券,000568.SZ,泸州老窖
202301,平安证券,000831.SZ,中国稀土
202301,平安证券,002142.SZ,宁波银行
202301,平安证券,002410.SZ,广联达
202301,平安证券,002487.SZ,大金重工
202301,平安证券,002821.SZ,凯莱英
202301,平安证券,300059.SZ,东方财富
202301,平安证券,600029.SH,南方航空
202301,平安证券,601888.SH,中国中免
202301,平安证券,688012.SH,中微公司
202301,广发证券,000002.SZ,万科A
202301,广发证券,000921.SZ,海信家电
202301,广发证券,002318.SZ,久立特材
202301,广发证券,002555.SZ,三七互娱
202301,广发证券,002831.SZ,裕同科技
202301,广发证券,300982.SZ,苏文电能
202301,广发证券,301088.SZ,戎美股份
202301,广发证券,600612.SH,老凤祥
202301,广发证券,688617.SH,惠泰医疗
202301,广发证券,688668.SH,鼎通科技
202301,开源证券,002906.SZ,华阳集团
202301,开源证券,300059.SZ,东方财富
202301,开源证券,300274.SZ,阳光电源
202301,开源证券,300438.SZ,鹏辉能源
202301,开源证券,300990.SZ,同飞股份
202301,开源证券,603596.SH,伯特利
202301,开源证券,688066.SH,航天宏图
202301,开源证券,688257.SH,新锐股份
202301,开源证券,688663.SH,新风光
202301,德邦证券,000531.SZ,穗恒运A
202301,德邦证券,000661.SZ,长春高新
202301,德邦证券,000858.SZ,五粮液
202301,德邦证券,002049.SZ,紫光国微
202301,德邦证券,002459.SZ,晶澳科技
202301,德邦证券,002908.SZ,德生科技
202301,德邦证券,300896.SZ,爱美客
202301,德邦证券,688556.SH,高测股份
202301,德邦证券,688630.SH,芯碁微装
202301,民生证券,002025.SZ,航天电器
202301,民生证券,002984.SZ,森麒麟
202301,民生证券,301153.SZ,中科江南
202301,民生证券,600522.SH,中天科技
202301,民生证券,600546.SH,山煤国际
202301,民生证券,600547.SH,山东黄金
202301,民生证券,600900.SH,长江电力
202301,民生证券,688385.SH,复旦微电
202301,海通证券,000002.SZ,万科A
202301,海通证券,000988.SZ,华工科技
202301,海通证券,300274.SZ,阳光电源
202301,海通证券,600027.SH,华电国际
202301,海通证券,600085.SH,同仁堂
202301,海通证券,600570.SH,恒生电子
202301,海通证券,600803.SH,新奥股份
202301,海通证券,600926.SH,杭州银行
202301,海通证券,603180.SH,金牌厨柜
202301,申万宏源,002368.SZ,太极股份
202301,申万宏源,300986.SZ,志特新材
202301,申万宏源,600026.SH,中远海能
202301,申万宏源,600276.SH,恒瑞医药
202301,申万宏源,600509.SH,天富能源
202301,申万宏源,600760.SH,中航沈飞
202301,申万宏源,603260.SH,合盛硅业
202301,申万宏源,688596.SH,正帆科技
202301,申万宏源,688777.SH,中控技术
202301,粤开证券,001979.SZ,招商蛇口
202301,粤开证券,002487.SZ,大金重工
202301,粤开证券,002511.SZ,中顺洁柔
202301,粤开证券,300347.SZ,泰格医药
202301,粤开证券,300498.SZ,温氏股份
202301,粤开证券,300957.SZ,贝泰妮
202301,粤开证券,600809.SH,山西汾酒
202301,粤开证券,600919.SH,江苏银行
202301,粤开证券,603517.SH,绝味食品
202301,粤开证券,688111.SH,金山办公
202301,西部证券,000776.SZ,广发证券
202301,西部证券,002352.SZ,顺丰控股
202301,西部证券,002648.SZ,卫星化学
202301,西部证券,002739.SZ,万达电影
202301,西部证券,300498.SZ,温氏股份
202301,西部证券,600406.SH,国电南瑞
202301,西部证券,600436.SH,片仔癀
202301,西部证券,603208.SH,江山欧派
202301,西部证券,688007.SH,光峰科技
202301,西部证券,688296.SH,和达科技
202301,财通证券,000951.SZ,中国重汽
202301,财通证券,002463.SZ,沪电股份
202301,财通证券,002963.SZ,豪尔赛
202301,财通证券,300049.SZ,福瑞股份
202301,财通证券,301102.SZ,兆讯传媒
202301,财通证券,601636.SH,旗滨集团
202301,财通证券,601888.SH,中国中免
202301,财通证券,603613.SH,国联股份
202301,财通证券,603755.SH,日辰股份
202301,财通证券,688337.SH,普源精电
202302,东亚前海,002368.SZ,太极股份
202302,东亚前海,002714.SZ,牧原股份
202302,东亚前海,003021.SZ,兆威机电
202302,东亚前海,300700.SZ,岱勒新材
202302,东亚前海,300850.SZ,新强联
202302,东亚前海,601677.SH,明泰铝业
202302,东亚前海,601888.SH,中国中免
202302,东亚前海,603051.SH,鹿山新材
202302,东亚前海,603198.SH,迎驾贡酒
202302,东亚前海,603517.SH,绝味食品
202302,东兴证券,000001.SZ,平安银行
202302,东兴证券,002372.SZ,伟星新材
202302,东兴证券,300811.SZ,铂科新材
202302,东兴证券,600030.SH,中信证券
202302,东兴证券,600754.SH,锦江酒店
202302,东兴证券,600933.SH,爱柯迪
202302,东兴证券,601888.SH,中国中免
202302,东兴证券,603288.SH,海天味业
202302,中国银河,000733.SZ,振华科技
202302,中国银河,002142.SZ,宁波银行
202302,中国银河,002244.SZ,滨江集团
202302,中国银河,300750.SZ,宁德时代
202302,中国银河,300760.SZ,迈瑞医疗
202302,中国银河,600887.SH,伊利股份
202302,中国银河,601888.SH,中国中免
202302,中国银河,603833.SH,欧派家居
202302,中国银河,603893.SH,瑞芯微
202302,中国银河,688246.SH,嘉和美康
202302,信达证券,002594.SZ,比亚迪
202302,信达证券,002991.SZ,甘源食品
202302,信达证券,300428.SZ,立中集团
202302,信达证券,300750.SZ,宁德时代
202302,信达证券,600188.SH,兖矿能源
202302,信达证券,600256.SH,广汇能源
202302,信达证券,600845.SH,宝信软件
202302,信达证券,601058.SH,赛轮轮胎
202302,信达证券,601456.SH,国联证券
202302,光大证券,000807.SZ,云铝股份
202302,光大证券,000858.SZ,五粮液
202302,光大证券,000915.SZ,华特达因
202302,光大证券,001979.SZ,招商蛇口
202302,光大证券,002594.SZ,比亚迪
202302,光大证券,300316.SZ,晶盛机电
202302,光大证券,301099.SZ,雅创电子
202302,光大证券,601636.SH,旗滨集团
202302,光大证券,603027.SH,千禾味业
202302,光大证券,603605.SH,珀莱雅
202302,兴业证券,000803.SZ,山高环能
202302,兴业证券,002126.SZ,银轮股份
202302,兴业证券,002179.SZ,中航光电
202302,兴业证券,300015.SZ,爱尔眼科
202302,兴业证券,300413.SZ,芒果超媒
202302,兴业证券,300755.SZ,华致酒行
202302,兴业证券,301227.SZ,森鹰窗业
202302,兴业证券,600570.SH,恒生电子
202302,兴业证券,600941.SH,中国移动
202302,兴业证券,601628.SH,中国人寿
202302,华安证券,002160.SZ,常铝股份
202302,华安证券,300586.SZ,美联新材
202302,华安证券,300919.SZ,中伟股份
202302,华安证券,301153.SZ,中科江南
202302,华安证券,600887.SH,伊利股份
202302,华安证券,603108.SH,润达医疗
202302,华安证券,603236.SH,移远通信
202302,华安证券,603605.SH,珀莱雅
202302,华安证券,688065.SH,凯赛生物
202302,华安证券,688196.SH,卓越新能
202302,华鑫证券,000661.SZ,长春高新
202302,华鑫证券,000799.SZ,酒鬼酒
202302,华鑫证券,002466.SZ,天齐锂业
202302,华鑫证券,002648.SZ,卫星化学
202302,华鑫证券,003029.SZ,吉大正元
202302,华鑫证券,300058.SZ,蓝色光标
202302,华鑫证券,603893.SH,瑞芯微
202302,华鑫证券,605286.SH,同力日升
202302,华鑫证券,688017.SH,绿的谐波
202302,华鑫证券,688036.SH,传音控股
202302,国信证券,002230.SZ,科大讯飞
202302,国信证券,002254.SZ,泰和新材
202302,国信证券,002607.SZ,中公教育
202302,国信证券,002840.SZ,华统股份
202302,国信证券,003022.SZ,联泓新科
202302,国信证券,300059.SZ,东方财富
202302,国信证券,600276.SH,恒瑞医药
202302,国信证券,601677.SH,明泰铝业
202302,国信证券,603212.SH,赛伍技术
202302,国泰君安,002230.SZ,科大讯飞
202302,国泰君安,002271.SZ,东方雨虹
202302,国泰君安,002738.SZ,中矿资源
202302,国泰君安,300718.SZ,长盛轴承
202302,国泰君安,600026.SH,中远海能
202302,国泰君安,600933.SH,爱柯迪
202302,国泰君安,688100.SH,威胜信息
202302,国泰君安,688390.SH,固德威
202302,国泰君安,688722.SH,同益中
202302,国金证券,002352.SZ,顺丰控股
202302,国金证券,300161.SZ,华中数控
202302,国金证券,600570.SH,恒生电子
202302,国金证券,600941.SH,中国移动
202302,国金证券,600989.SH,宝丰能源
202302,国金证券,603179.SH,新泉股份
202302,国金证券,605376.SH,博迁新材
202302,国金证券,688278.SH,特宝生物
202302,国金证券,688561.SH,奇安信-U
202302,安信证券,002594.SZ,比亚迪
202302,安信证券,002607.SZ,中公教育
202302,安信证券,002738.SZ,中矿资源
202302,安信证券,003020.SZ,立方制药
202302,安信证券,300034.SZ,钢研高纳
202302,安信证券,300274.SZ,阳光电源
202302,安信证券,300454.SZ,深信服
202302,安信证券,600690.SH,海尔智家
202302,安信证券,603369.SH,今世缘
202302,安信证券,688017.SH,绿的谐波
202302,山西证券,000792.SZ,盐湖股份
202302,山西证券,000858.SZ,五粮液
202302,山西证券,002025.SZ,航天电器
202302,山西证券,002311.SZ,海大集团
202302,山西证券,002920.SZ,德赛西威
202302,山西证券,003020.SZ,立方制药
202302,山西证券,300724.SZ,捷佳伟创
202302,山西证券,600732.SH,爱旭股份
202302,山西证券,600887.SH,伊利股份
202302,山西证券,601888.SH,中国中免
202302,平安证券,000831.SZ,中国稀土
202302,平安证券,002439.SZ,启明星辰
202302,平安证券,002487.SZ,大金重工
202302,平安证券,002812.SZ,恩捷股份
202302,平安证券,002821.SZ,凯莱英
202302,平安证券,002920.SZ,德赛西威
202302,平安证券,300059.SZ,东方财富
202302,平安证券,300782.SZ,卓胜微
202302,平安证券,600702.SH,舍得酒业
202302,平安证券,603806.SH,福斯特
202302,广发证券,002027.SZ,分众传媒
202302,广发证券,002318.SZ,久立特材
202302,广发证券,002867.SZ,周大生
202302,广发证券,300496.SZ,中科创达
202302,广发证券,600483.SH,福能股份
202302,广发证券,600519.SH,贵州茅台
202302,广发证券,600958.SH,东方证券
202302,广发证券,603501.SH,韦尔股份
202302,广发证券,688617.SH,惠泰医疗
202302,广发证券,688789.SH,宏华数科
202302,开源证券,000858.SZ,五粮液
202302,开源证券,002324.SZ,普利特
202302,开源证券,300092.SZ,科新机电
202302,开源证券,300481.SZ,濮阳惠成
202302,开源证券,301377.SZ,鼎泰高科
202302,开源证券,600166.SH,福田汽车
202302,开源证券,600958.SH,东方证券
202302,开源证券,603778.SH,乾景园林
202302,开源证券,688169.SH,石头科技
202302,德邦证券,000799.SZ,酒鬼酒
202302,德邦证券,002049.SZ,紫光国微
202302,德邦证券,002517.SZ,恺英网络
202302,德邦证券,300298.SZ,三诺生物
202302,德邦证券,600754.SH,锦江酒店
202302,德邦证券,601226.SH,华电重工
202302,德邦证券,603486.SH,科沃斯
202302,德邦证券,603859.SH,能科科技
202302,德邦证券,688059.SH,华锐精密
202302,德邦证券,688630.SH,芯碁微装
202302,民生证券,000962.SZ,东方钽业
202302,民生证券,002025.SZ,航天电器
202302,民生证券,002536.SZ,飞龙股份
202302,民生证券,300144.SZ,宋城演艺
202302,民生证券,300351.SZ,永贵电器
202302,民生证券,300687.SZ,赛意信息
202302,民生证券,600546.SH,山煤国际
202302,民生证券,601636.SH,旗滨集团
202302,民生证券,601728.SH,中国电信
202302,民生证券,688518.SH,联赢激光
202302,浙商证券,000001.SZ,平安银行
202302,浙商证券,001269.SZ,欧晶科技
202302,浙商证券,300059.SZ,东方财富
202302,浙商证券,300450.SZ,先导智能
202302,浙商证券,600009.SH,上海机场
202302,浙商证券,600418.SH,江淮汽车
202302,浙商证券,600633.SH,浙数文化
202302,浙商证券,603259.SH,药明康德
202302,浙商证券,603993.SH,洛阳钼业
202302,浙商证券,688213.SH,思特威-W
202302,海通证券,000002.SZ,万科A
202302,海通证券,000938.SZ,紫光股份
202302,海通证券,300274.SZ,阳光电源
202302,海通证券,300760.SZ,迈瑞医疗
202302,海通证券,600570.SH,恒生电子
202302,海通证券,600958.SH,东方证券
202302,海通证券,601012.SH,隆基绿能
202302,海通证券,601318.SH,中国平安
202302,海通证券,603993.SH,洛阳钼业
202302,申万宏源,000921.SZ,海信家电
202302,申万宏源,002966.SZ,苏州银行
202302,申万宏源,300454.SZ,深信服
202302,申万宏源,600276.SH,恒瑞医药
202302,申万宏源,600845.SH,宝信软件
202302,申万宏源,601702.SH,华峰铝业
202302,申万宏源,601872.SH,招商轮船
202302,申万宏源,603508.SH,思维列控
202302,申万宏源,688311.SH,盟升电子
202302,粤开证券,000858.SZ,五粮液
202302,粤开证券,002049.SZ,紫光国微
202302,粤开证券,002223.SZ,鱼跃医疗
202302,粤开证券,002466.SZ,天齐锂业
202302,粤开证券,002594.SZ,比亚迪
202302,粤开证券,002683.SZ,广东宏大
202302,粤开证券,300750.SZ,宁德时代
202302,粤开证券,600030.SH,中信证券
202302,粤开证券,600176.SH,中国巨石
202302,粤开证券,601888.SH,中国中免
202302,西部证券,002459.SZ,晶澳科技
202302,西部证券,300782.SZ,卓胜微
202302,西部证券,600862.SH,中航高科
202302,西部证券,600958.SH,东方证券
202302,西部证券,603208.SH,江山欧派
202302,西部证券,603613.SH,国联股份
202302,西部证券,603738.SH,泰晶科技
202302,西部证券,688007.SH,光峰科技
202302,西部证券,688266.SH,泽璟制药-U
202302,财通证券,002487.SZ,大金重工
202302,财通证券,300059.SZ,东方财富
202302,财通证券,301000.SZ,肇民科技
202302,财通证券,301296.SZ,新巨丰
202302,财通证券,600809.SH,山西汾酒
202302,财通证券,601636.SH,旗滨集团
202302,财通证券,601888.SH,中国中免
202302,财通证券,603338.SH,浙江鼎力
202302,财通证券,688052.SH,纳芯微
202302,财通证券,688111.SH,金山办公
202303,东亚前海证券,000960.SZ,锡业股份
202303,东亚前海证券,002368.SZ,太极股份
202303,东亚前海证券,002714.SZ,牧原股份
202303,东亚前海证券,300332.SZ,天壕环境
202303,东亚前海证券,300614.SZ,百川畅银
202303,东亚前海证券,300700.SZ,岱勒新材
202303,东亚前海证券,603051.SH,鹿山新材
202303,东亚前海证券,603166.SH,福达股份
202303,东亚前海证券,688156.SH,路德环境
202303,东兴证券,000001.SZ,平安银行
202303,东兴证券,300811.SZ,铂科新材
202303,东兴证券,600529.SH,山东药玻
202303,东兴证券,603040.SH,新坐标
202303,东兴证券,603180.SH,金牌厨柜
202303,东兴证券,603288.SH,海天味业
202303,东兴证券,605218.SH,伟时电子
202303,中信建投,000032.SZ,深桑达A
202303,中信建投,000063.SZ,中兴通讯
202303,中信建投,002572.SZ,索菲亚
202303,中信建投,002865.SZ,钧达股份
202303,中信建投,300767.SZ,震安科技
202303,中信建投,600416.SH,湘电股份
202303,中信建投,600600.SH,青岛啤酒
202303,中信建投,600989.SH,宝丰能源
202303,中信建投,603737.SH,三棵树
202303,中信建投,688212.SH,澳华内镜
202303,中信证券,002410.SZ,广联达
202303,中信证券,002965.SZ,祥鑫科技
202303,中信证券,300593.SZ,新雷能
202303,中信证券,300628.SZ,亿联网络
202303,中信证券,300677.SZ,英科医疗
202303,中信证券,300685.SZ,艾德生物
202303,中信证券,600114.SH,东睦股份
202303,中信证券,600941.SH,中国移动
202303,中信证券,688037.SH,芯源微
202303,中信证券,688099.SH,晶晨股份
202303,中国银河,000568.SZ,泸州老窖
202303,中国银河,002049.SZ,紫光国微
202303,中国银河,002142.SZ,宁波银行
202303,中国银河,002859.SZ,洁美科技
202303,中国银河,300634.SZ,彩讯股份
202303,中国银河,300795.SZ,米奥会展
202303,中国银河,600941.SH,中国移动
202303,中国银河,601186.SH,中国铁建
202303,中国银河,603180.SH,金牌厨柜
202303,中国银河,603806.SH,福斯特
202303,信达证券,002991.SZ,甘源食品
202303,信达证券,300217.SZ,东方电热
202303,信达证券,300428.SZ,立中集团
202303,信达证券,300547.SZ,川环科技
202303,信达证券,300896.SZ,爱美客
202303,信达证券,600188.SH,兖矿能源
202303,信达证券,600845.SH,宝信软件
202303,信达证券,601058.SH,赛轮轮胎
202303,信达证券,601601.SH,中国太保
202303,信达证券,688369.SH,致远互联
202303,华安证券,002415.SZ,海康威视
202303,华安证券,002446.SZ,盛路通信
202303,华安证券,600760.SH,中航沈飞
202303,华安证券,601100.SH,恒立液压
202303,华安证券,603108.SH,润达医疗
202303,华安证券,603566.SH,普莱柯
202303,华安证券,603605.SH,珀莱雅
202303,华安证券,688065.SH,凯赛生物
202303,华安证券,688196.SH,卓越新能
202303,华安证券,688667.SH,菱电电控
202303,华泰证券,000938.SZ,紫光股份
202303,华泰证券,002271.SZ,东方雨虹
202303,华泰证券,600160.SH,巨化股份
202303,华泰证券,600266.SH,城建发展
202303,华泰证券,600309.SH,万华化学
202303,华泰证券,600584.SH,长电科技
202303,华泰证券,600702.SH,舍得酒业
202303,华泰证券,603337.SH,杰克股份
202303,华泰证券,603868.SH,飞科电器
202303,华泰证券,688236.SH,春立医疗
202303,国信证券,000333.SZ,美的集团
202303,国信证券,000725.SZ,京东方A
202303,国信证券,002230.SZ,科大讯飞
202303,国信证券,003035.SZ,南网能源
202303,国信证券,300416.SZ,苏试试验
202303,国信证券,600861.SH,北京城乡
202303,国信证券,600941.SH,中国移动
202303,国信证券,603885.SH,吉祥航空
202303,国信证券,603993.SH,洛阳钼业
202303,国盛证券,002244.SZ,滨江集团
202303,国盛证券,002531.SZ,天顺风能
202303,国盛证券,300986.SZ,志特新材
202303,国盛证券,600195.SH,中牧股份
202303,国盛证券,600416.SH,湘电股份
202303,国盛证券,600893.SH,航发动力
202303,国盛证券,601117.SH,中国化学
202303,国盛证券,601668.SH,中国建筑
202303,国盛证券,603601.SH,再升科技
202303,国盛证券,603979.SH,金诚信
202303,国盛证券,605098.SH,行动教育
202303,国联证券,000938.SZ,紫光股份
202303,国联证券,000999.SZ,华润三九
202303,国联证券,002276.SZ,万马股份
202303,国联证券,002517.SZ,恺英网络
202303,国联证券,300059.SZ,东方财富
202303,国联证券,300416.SZ,苏试试验
202303,国联证券,300443.SZ,金雷股份
202303,国联证券,600276.SH,恒瑞医药
202303,国联证券,603369.SH,今世缘
202303,国联证券,688777.SH,中控技术
202303,天风证券,000063.SZ,中兴通讯
202303,天风证券,000998.SZ,隆平高科
202303,天风证券,001979.SZ,招商蛇口
202303,天风证券,002236.SZ,大华股份
202303,天风证券,002929.SZ,润建股份
202303,天风证券,300308.SZ,中际旭创
202303,天风证券,300416.SZ,苏试试验
202303,天风证券,300994.SZ,久祺股份
202303,天风证券,600039.SH,四川路桥
202303,天风证券,688239.SH,航宇科技
202303,安信证券,000063.SZ,中兴通讯
202303,安信证券,000568.SZ,泸州老窖
202303,安信证券,000983.SZ,山西焦煤
202303,安信证券,002368.SZ,太极股份
202303,安信证券,002517.SZ,恺英网络
202303,安信证券,002841.SZ,视源股份
202303,安信证券,300820.SZ,英杰电气
202303,安信证券,301061.SZ,匠心家居
202303,安信证券,600031.SH,三一重工
202303,安信证券,600989.SH,宝丰能源
202303,川财股份,000568.SZ,泸州老窖
202303,川财股份,000629.SZ,钒钛股份
202303,川财股份,002531.SZ,天顺风能
202303,川财股份,002651.SZ,利君股份
202303,川财股份,300260.SZ,新莱应材
202303,川财股份,300438.SZ,鹏辉能源
202303,川财股份,300820.SZ,英杰电气
202303,川财股份,600392.SH,盛和资源
202303,川财股份,603169.SH,兰石重装
202303,川财股份,603809.SH,豪能股份
202303,开源证券,002185.SZ,华天科技
202303,开源证券,002324.SZ,普利特
202303,开源证券,002544.SZ,普天科技
202303,开源证券,002903.SZ,宇环数控
202303,开源证券,300092.SZ,科新机电
202303,开源证券,300151.SZ,昌红科技
202303,开源证券,600166.SH,福田汽车
202303,开源证券,600183.SH,生益科技
202303,开源证券,601058.SH,赛轮轮胎
202303,开源证券,688167.SH,炬光科技
202303,德邦证券,000799.SZ,酒鬼酒
202303,德邦证券,002517.SZ,恺英网络
202303,德邦证券,002705.SZ,新宝股份
202303,德邦证券,300144.SZ,宋城演艺
202303,德邦证券,300435.SZ,中泰股份
202303,德邦证券,300496.SZ,中科创达
202303,德邦证券,600211.SH,西藏药业
202303,德邦证券,601636.SH,旗滨集团
202303,德邦证券,688059.SH,华锐精密
202303,德邦证券,688630.SH,芯碁微装
202303,招商证券,000001.SZ,平安银行
202303,招商证券,000568.SZ,泸州老窖
202303,招商证券,000651.SZ,格力电器
202303,招商证券,000739.SZ,普洛药业
202303,招商证券,000858.SZ,五粮液
202303,招商证券,000977.SZ,浪潮信息
202303,招商证券,000998.SZ,隆平高科
202303,招商证券,002025.SZ,航天电器
202303,招商证券,002352.SZ,顺丰控股
202303,招商证券,002372.SZ,伟星新材
202303,招商证券,002430.SZ,杭氧股份
202303,招商证券,002475.SZ,立讯精密
202303,招商证券,002555.SZ,三七互娱
202303,招商证券,002714.SZ,牧原股份
202303,招商证券,002918.SZ,蒙娜丽莎
202303,招商证券,300073.SZ,当升科技
202303,招商证券,300114.SZ,中航电测
202303,招商证券,300667.SZ,必创科技
202303,招商证券,301026.SZ,浩通科技
202303,招商证券,600048.SH,保利发展
202303,招商证券,600066.SH,宇通客车
202303,招商证券,600141.SH,兴发集团
202303,招商证券,600388.SH,ST龙净
202303,招商证券,600398.SH,海澜之家
202303,招商证券,600567.SH,山鹰国际
202303,招商证券,600919.SH,江苏银行
202303,招商证券,600941.SH,中国移动
202303,招商证券,601111.SH,中国国航
202303,招商证券,601668.SH,中国建筑
202303,招商证券,601888.SH,中国中免
202303,招商证券,603298.SH,杭叉集团
202303,招商证券,603486.SH,科沃斯
202303,招商证券,603876.SH,鼎胜新材
202303,招商证券,605133.SH,嵘泰股份
202303,招商证券,688078.SH,龙软科技
202303,招商证券,688111.SH,金山办公
202303,招商证券,688338.SH,赛科希德
202303,招商证券,688618.SH,三旺通信
202303,民生证券,000063.SZ,中兴通讯
202303,民生证券,000962.SZ,东方钽业
202303,民生证券,002536.SZ,飞龙股份
202303,民生证券,002891.SZ,中宠股份
202303,民生证券,300395.SZ,菲利华
202303,民生证券,600546.SH,山煤国际
202303,民生证券,600559.SH,老白干酒
202303,民生证券,600900.SH,长江电力
202303,民生证券,600984.SH,建设机械
202303,民生证券,603918.SH,金桥信息
202303,粤开证券,300034.SZ,钢研高纳
202303,粤开证券,300498.SZ,温氏股份
202303,粤开证券,300750.SZ,宁德时代
202303,粤开证券,600702.SH,舍得酒业
202303,粤开证券,600941.SH,中国移动
202303,粤开证券,601225.SH,陕西煤业
202303,粤开证券,601633.SH,长城汽车
202303,粤开证券,603019.SH,中科曙光
202303,粤开证券,603883.SH,老百姓
202303,粤开证券,688169.SH,石头科技
202303,西南证券,003031.SZ,中瓷电子
202303,西南证券,300415.SZ,伊之密
202303,西南证券,300911.SZ,亿田智能
202303,西南证券,600195.SH,中牧股份
202303,西南证券,600732.SH,爱旭股份
202303,西南证券,600933.SH,爱柯迪
202303,西南证券,603198.SH,迎驾贡酒
202303,西南证券,603611.SH,诺力股份
202303,西南证券,688302.SH,海创药业-U
202303,西南证券,688310.SH,迈得医疗
202303,西部证券,002142.SZ,宁波银行
202303,西部证券,002254.SZ,泰和新材
202303,西部证券,002402.SZ,和而泰
202303,西部证券,002572.SZ,索菲亚
202303,西部证券,600436.SH,片仔癀
202303,西部证券,601601.SH,中国太保
202303,西部证券,688167.SH,炬光科技
202303,西部证券,688286.SH,敏芯股份
202303,西部证券,688625.SH,呈和科技
202303,财通证券,000338.SZ,潍柴动力
202303,财通证券,000568.SZ,泸州老窖
202303,财通证券,000629.SZ,钒钛股份
202303,财通证券,300498.SZ,温氏股份
202303,财通证券,300592.SZ,华凯易佰
202303,财通证券,301391.SZ,卡莱特
202303,财通证券,601601.SH,中国太保
202303,财通证券,603069.SH,海汽集团
202303,财通证券,603338.SH,浙江鼎力
202303,财通证券,688052.SH,纳芯微
202303,长江证券,000983.SZ,山西焦煤
202303,长江证券,002230.SZ,科大讯飞
202303,长江证券,002271.SZ,东方雨虹
202303,长江证券,002555.SZ,三七互娱
202303,长江证券,600004.SH,白云机场
202303,长江证券,600809.SH,山西汾酒
202303,长江证券,600984.SH,建设机械
202303,长江证券,601899.SH,紫金矿业
202303,长江证券,603899.SH,晨光股份
202303,长江证券,688202.SH,美迪西
202303,首创证券,002230.SZ,科大讯飞
202303,首创证券,002714.SZ,牧原股份
202303,首创证券,600079.SH,人福医药
202303,首创证券,600160.SH,巨化股份
202303,首创证券,600765.SH,中航重机
202303,首创证券,601012.SH,隆基绿能
202303,首创证券,601633.SH,长城汽车
202303,首创证券,603801.SH,志邦家居
202303,首创证券,688333.SH,铂力特
202303,首创证券,688515.SH,裕太微-U
202304,东亚前海,002368.SZ,太极股份
202304,东亚前海,002567.SZ,唐人神
202304,东亚前海,002984.SZ,森麒麟
202304,东亚前海,300413.SZ,芒果超媒
202304,东亚前海,300700.SZ,岱勒新材
202304,东亚前海,300980.SZ,祥源新材
202304,东亚前海,301155.SZ,海力风电
202304,东亚前海,600559.SH,老白干酒
202304,东亚前海,603051.SH,鹿山新材
202304,东亚前海,688266.SH,泽璟制药-U
202304,东兴证券,000975.SZ,银泰黄金
202304,东兴证券,002074.SZ,国轩高科
202304,东兴证券,002387.SZ,维信诺
202304,东兴证券,600529.SH,山东药玻
202304,东兴证券,601128.SH,常熟银行
202304,东兴证券,603040.SH,新坐标
202304,东兴证券,603180.SH,金牌厨柜
202304,东兴证券,603345.SH,安井食品
202304,东北证券,002126.SZ,银轮股份
202304,东北证券,002271.SZ,东方雨虹
202304,东北证券,300396.SZ,迪瑞医疗
202304,东北证券,600085.SH,同仁堂
202304,东北证券,600583.SH,海油工程
202304,东北证券,601825.SH,沪农商行
202304,东北证券,603169.SH,兰石重装
202304,东北证券,603237.SH,五芳斋
202304,东北证券,603281.SH,江瀚新材
202304,东北证券,603300.SH,华铁应急
202304,东北证券,603330.SH,天洋新材
202304,东北证券,603566.SH,普莱柯
202304,东北证券,603950.SH,长源东谷
202304,东北证券,605339.SH,南侨食品
202304,东北证券,688297.SH,中无人机
202304,东北证券,688456.SH,有研粉材
202304,东吴证券,300058.SZ,蓝色光标
202304,东吴证券,300567.SZ,精测电子
202304,东吴证券,600363.SH,联创光电
202304,东吴证券,600557.SH,康缘药业
202304,东吴证券,600600.SH,青岛啤酒
202304,东吴证券,600938.SH,中国海油
202304,东吴证券,688100.SH,威胜信息
202304,中信证券,000063.SZ,中兴通讯
202304,中信证券,002410.SZ,广联达
202304,中信证券,300443.SZ,金雷股份
202304,中信证券,300677.SZ,英科医疗
202304,中信证券,300727.SZ,润禾材料
202304,中信证券,600206.SH,有研新材
202304,中信证券,601021.SH,春秋航空
202304,中信证券,605138.SH,盛泰集团
202304,中信证券,688212.SH,澳华内镜
202304,中信证券,688382.SH,益方生物-U
202304,中原证券,000728.SZ,国元证券
202304,中原证券,002027.SZ,分众传媒
202304,中原证券,002129.SZ,TCL中环
202304,中原证券,300726.SZ,宏达电子
202304,中原证券,300750.SZ,宁德时代
202304,中原证券,600690.SH,海尔智家
202304,中原证券,601058.SH,赛轮轮胎
202304,中原证券,601689.SH,拓普集团
202304,中原证券,688200.SH,华峰测控
202304,中原证券,688777.SH,中控技术
202304,中国银河,000568.SZ,泸州老窖
202304,中国银河,300226.SZ,上海钢联
202304,中国银河,300750.SZ,宁德时代
202304,中国银河,600029.SH,南方航空
202304,中国银河,600489.SH,中金黄金
202304,中国银河,600916.SH,中国黄金
202304,中国银河,600941.SH,中国移动
202304,中国银河,601088.SH,中国神华
202304,中国银河,601186.SH,中国铁建
202304,中国银河,688200.SH,华峰测控
202304,中泰证券,002389.SZ,航天彩虹
202304,中泰证券,300244.SZ,迪安诊断
202304,中泰证券,300413.SZ,芒果超媒
202304,中泰证券,300724.SZ,捷佳伟创
202304,中泰证券,300750.SZ,宁德时代
202304,中泰证券,600176.SH,中国巨石
202304,中泰证券,600350.SH,山东高速
202304,中泰证券,688290.SH,景业智能
202304,中航证券,000738.SZ,航发控制
202304,中航证券,002129.SZ,TCL中环
202304,中航证券,002212.SZ,天融信
202304,中航证券,300161.SZ,华中数控
202304,中航证券,300662.SZ,科锐国际
202304,中航证券,300760.SZ,迈瑞医疗
202304,中航证券,600030.SH,中信证券
202304,中航证券,603986.SH,兆易创新
202304,中航证券,688066.SH,航天宏图
202304,中航证券,688223.SH,晶科能源
202304,中航证券,688281.SH,华秦科技
202304,中航证券,688333.SH,铂力特
202304,信达证券,002384.SZ,东山精密
202304,信达证券,002517.SZ,恺英网络
202304,信达证券,002991.SZ,甘源食品
202304,信达证券,300896.SZ,爱美客
202304,信达证券,600188.SH,兖矿能源
202304,信达证券,600845.SH,宝信软件
202304,信达证券,601058.SH,赛轮轮胎
202304,信达证券,601600.SH,中国铝业
202304,信达证券,603859.SH,能科科技
202304,光大证券,000568.SZ,泸州老窖
202304,光大证券,000651.SZ,格力电器
202304,光大证券,002415.SZ,海康威视
202304,光大证券,300274.SZ,阳光电源
202304,光大证券,300364.SZ,中文在线
202304,光大证券,300406.SZ,九强生物
202304,光大证券,300638.SZ,广和通
202304,光大证券,600132.SH,重庆啤酒
202304,光大证券,601360.SH,三六零
202304,光大证券,603986.SH,兆易创新
202304,兴业证券,000032.SZ,深桑达A
202304,兴业证券,000690.SZ,宝新能源
202304,兴业证券,002459.SZ,晶澳科技
202304,兴业证券,002541.SZ,鸿路钢构
202304,兴业证券,300144.SZ,宋城演艺
202304,兴业证券,300308.SZ,中际旭创
202304,兴业证券,600426.SH,华鲁恒升
202304,兴业证券,600570.SH,恒生电子
202304,兴业证券,603882.SH,金域医学
202304,华创证券,000778.SZ,新兴铸管
202304,华创证券,000960.SZ,锡业股份
202304,华创证券,002384.SZ,东山精密
202304,华创证券,600519.SH,贵州茅台
202304,华创证券,600720.SH,祁连山
202304,华创证券,600977.SH,中国电影
202304,华创证券,601728.SH,中国电信
202304,华创证券,601800.SH,中国交建
202304,华安证券,000034.SZ,神州数码
202304,华安证券,001283.SZ,豪鹏科技
202304,华安证券,002352.SZ,顺丰控股
202304,华安证券,002648.SZ,卫星化学
202304,华安证券,002881.SZ,美格智能
202304,华安证券,300638.SZ,广和通
202304,华安证券,300896.SZ,爱美客
202304,华安证券,300908.SZ,仲景食品
202304,华安证券,600535.SH,天士力
202304,华安证券,688037.SH,芯源微
202304,华泰证券,000423.SZ,东阿阿胶
202304,华泰证券,000988.SZ,华工科技
202304,华泰证券,002410.SZ,广联达
202304,华泰证券,002517.SZ,恺英网络
202304,华泰证券,300398.SZ,飞凯材料
202304,华泰证券,300750.SZ,宁德时代
202304,华泰证券,600557.SH,康缘药业
202304,华泰证券,600809.SH,山西汾酒
202304,华泰证券,601138.SH,工业富联
202304,华泰证券,601865.SH,福莱特
202304,华鑫证券,002155.SZ,湖南黄金
202304,华鑫证券,002222.SZ,福晶科技
202304,华鑫证券,300058.SZ,蓝色光标
202304,华鑫证券,300474.SZ,景嘉微
202304,华鑫证券,600050.SH,中国联通
202304,华鑫证券,600570.SH,恒生电子
202304,华鑫证券,600809.SH,山西汾酒
202304,华鑫证券,600976.SH,健民集团
202304,华鑫证券,688036.SH,传音控股
202304,华鑫证券,688268.SH,华特气体
202304,国信证券,000681.SZ,视觉中国
202304,国信证券,002142.SZ,宁波银行
202304,国信证券,300274.SZ,阳光电源
202304,国信证券,603236.SH,移远通信
202304,国信证券,603477.SH,巨星农牧
202304,国信证券,605020.SH,永和股份
202304,国信证券,688111.SH,金山办公
202304,国信证券,688262.SH,国芯科技
202304,国元证券,000063.SZ,中兴通讯
202304,国元证券,002410.SZ,广联达
202304,国元证券,002747.SZ,埃斯顿
202304,国元证券,002965.SZ,祥鑫科技
202304,国元证券,300308.SZ,中际旭创
202304,国元证券,300896.SZ,爱美客
202304,国元证券,600600.SH,青岛啤酒
202304,国元证券,605186.SH,健麾信息
202304,国联证券,000988.SZ,华工科技
202304,国联证券,002304.SZ,洋河股份
202304,国联证券,002429.SZ,兆驰股份
202304,国联证券,002517.SZ,恺英网络
202304,国联证券,300938.SZ,信测标准
202304,国联证券,301367.SZ,怡和嘉业
202304,国联证券,600975.SH,新五丰
202304,国联证券,688066.SH,航天宏图
202304,国联证券,688503.SH,聚和材料
202304,国金证券,000568.SZ,泸州老窖
202304,国金证券,002345.SZ,潮宏基
202304,国金证券,002384.SZ,东山精密
202304,国金证券,600150.SH,中国船舶
202304,国金证券,600941.SH,中国移动
202304,国金证券,603236.SH,移远通信
202304,国金证券,688083.SH,中望软件
202304,国金证券,688318.SH,财富趋势
202304,天风证券,000333.SZ,美的集团
202304,天风证券,000860.SZ,顺鑫农业
202304,天风证券,000921.SZ,海信家电
202304,天风证券,002987.SZ,京北方
202304,天风证券,300853.SZ,申昊科技
202304,天风证券,600487.SH,亨通光电
202304,天风证券,600600.SH,青岛啤酒
202304,天风证券,601138.SH,工业富联
202304,天风证券,603203.SH,快克智能
202304,天风证券,688239.SH,航宇科技
202304,太平洋,002567.SZ,唐人神
202304,太平洋,300490.SZ,华自科技
202304,太平洋,300604.SZ,长川科技
202304,太平洋,300925.SZ,法本信息
202304,太平洋,301236.SZ,软通动力
202304,太平洋,301367.SZ,怡和嘉业
202304,太平洋,601566.SH,九牧王
202304,太平洋,603369.SH,今世缘
202304,太平洋,603619.SH,中曼石油
202304,太平洋,688121.SH,卓然股份
202304,山西证券,001223.SZ,欧克科技
202304,山西证券,002025.SZ,航天电器
202304,山西证券,002311.SZ,海大集团
202304,山西证券,003020.SZ,立方制药
202304,山西证券,300896.SZ,爱美客
202304,山西证券,600132.SH,重庆啤酒
202304,山西证券,600150.SH,中国船舶
202304,山西证券,600732.SH,爱旭股份
202304,山西证券,601225.SH,陕西煤业
202304,山西证券,603255.SH,鼎际得
202304,川财证券,000568.SZ,泸州老窖
202304,川财证券,002129.SZ,TCL中环
202304,川财证券,002371.SZ,北方华创
202304,川财证券,002651.SZ,利君股份
202304,川财证券,300260.SZ,新莱应材
202304,川财证券,300820.SZ,英杰电气
202304,川财证券,600309.SH,万华化学
202304,川财证券,600399.SH,抚顺特钢
202304,川财证券,603169.SH,兰石重装
202304,川财证券,603809.SH,豪能股份
202304,平安证券,002230.SZ,科大讯飞
202304,平安证券,002555.SZ,三七互娱
202304,平安证券,002990.SZ,盛视科技
202304,平安证券,300832.SZ,新产业
202304,平安证券,300957.SZ,贝泰妮
202304,平安证券,603369.SH,今世缘
202304,平安证券,603590.SH,康辰药业
202304,平安证券,688041.SH,海光信息
202304,平安证券,688111.SH,金山办公
202304,平安证券,688498.SH,源杰科技
202304,开源证券,002230.SZ,科大讯飞
202304,开源证券,002605.SZ,姚记科技
202304,开源证券,002903.SZ,宇环数控
202304,开源证券,002920.SZ,德赛西威
202304,开源证券,300161.SZ,华中数控
202304,开源证券,300274.SZ,阳光电源
202304,开源证券,600212.SH,绿能慧充
202304,开源证券,688167.SH,炬光科技
202304,开源证券,688300.SH,联瑞新材
202304,开源证券,688508.SH,芯朋微
202304,德邦证券,002230.SZ,科大讯飞
202304,德邦证券,002517.SZ,恺英网络
202304,德邦证券,002925.SZ,盈趣科技
202304,德邦证券,300435.SZ,中泰股份
202304,德邦证券,300896.SZ,爱美客
202304,德邦证券,301099.SZ,雅创电子
202304,德邦证券,600211.SH,西藏药业
202304,德邦证券,600559.SH,老白干酒
202304,德邦证券,603486.SH,科沃斯
202304,招商证券,000001.SZ,平安银行
202304,招商证券,000063.SZ,中兴通讯
202304,招商证券,000568.SZ,泸州老窖
202304,招商证券,000651.SZ,格力电器
202304,招商证券,000858.SZ,五粮液
202304,招商证券,000998.SZ,隆平高科
202304,招商证券,002372.SZ,伟星新材
202304,招商证券,002459.SZ,晶澳科技
202304,招商证券,002475.SZ,立讯精密
202304,招商证券,002555.SZ,三七互娱
202304,招商证券,002747.SZ,埃斯顿
202304,招商证券,003020.SZ,立方制药
202304,招商证券,300031.SZ,宝通科技
202304,招商证券,300033.SZ,同花顺
202304,招商证券,300349.SZ,金卡智能
202304,招商证券,300498.SZ,温氏股份
202304,招商证券,300750.SZ,宁德时代
202304,招商证券,300910.SZ,瑞丰新材
202304,招商证券,301026.SZ,浩通科技
202304,招商证券,600026.SH,中远海能
202304,招商证券,600048.SH,保利发展
202304,招商证券,600066.SH,宇通客车
202304,招商证券,600398.SH,海澜之家
202304,招商证券,600862.SH,中航高科
202304,招商证券,601111.SH,中国国航
202304,招商证券,601668.SH,中国建筑
202304,招商证券,601728.SH,中国电信
202304,招商证券,601888.SH,中国中免
202304,招商证券,603383.SH,顶点软件
202304,招商证券,603486.SH,科沃斯
202304,招商证券,603833.SH,欧派家居
202304,招商证券,603876.SH,鼎胜新材
202304,招商证券,688078.SH,龙软科技
202304,招商证券,688122.SH,西部超导
202304,招商证券,688338.SH,赛科希德
202304,招商证券,688618.SH,三旺通信
202304,方正证券,002410.SZ,广联达
202304,方正证券,300358.SZ,楚天科技
202304,方正证券,300858.SZ,科拓生物
202304,方正证券,601456.SH,国联证券
202304,方正证券,601899.SH,紫金矿业
202304,方正证券,603477.SH,巨星农牧
202304,方正证券,603606.SH,东方电缆
202304,方正证券,603986.SH,兆易创新
202304,方正证券,688169.SH,石头科技
202304,民生证券,000807.SZ,云铝股份
202304,民生证券,001323.SZ,慕思股份
202304,民生证券,002777.SZ,久远银海
202304,民生证券,600546.SH,山煤国际
202304,民生证券,600559.SH,老白干酒
202304,民生证券,600900.SH,长江电力
202304,民生证券,601360.SH,三六零
202304,民生证券,603136.SH,天目湖
202304,民生证券,688080.SH,映翰通
202304,民生证券,688521.SH,芯原股份
202304,浙商证券,000596.SZ,古井贡酒
202304,浙商证券,002100.SZ,天康生物
202304,浙商证券,002352.SZ,顺丰控股
202304,浙商证券,002410.SZ,广联达
202304,浙商证券,002430.SZ,杭氧股份
202304,浙商证券,300037.SZ,新宙邦
202304,浙商证券,300428.SZ,立中集团
202304,浙商证券,300842.SZ,帝科股份
202304,浙商证券,600050.SH,中国联通
202304,海通证券,000338.SZ,潍柴动力
202304,海通证券,000938.SZ,紫光股份
202304,海通证券,002230.SZ,科大讯飞
202304,海通证券,300232.SZ,洲明科技
202304,海通证券,300494.SZ,盛天网络
202304,海通证券,301239.SZ,普瑞眼科
202304,海通证券,601390.SH,中国中铁
202304,海通证券,601800.SH,中国交建
202304,海通证券,605168.SH,三人行
202304,申万宏源,000768.SZ,中航西飞
202304,申万宏源,002011.SZ,盾安环境
202304,申万宏源,002153.SZ,石基信息
202304,申万宏源,002832.SZ,比音勒芬
202304,申万宏源,600325.SH,华发股份
202304,申万宏源,600732.SH,爱旭股份
202304,申万宏源,600861.SH,北京城乡
202304,申万宏源,601225.SH,陕西煤业
202304,申万宏源,601668.SH,中国建筑
202304,西部证券,002129.SZ,TCL中环
202304,西部证券,002402.SZ,和而泰
202304,西部证券,002567.SZ,唐人神
202304,西部证券,002603.SZ,以岭药业
202304,西部证券,301096.SZ,百诚医药
202304,西部证券,601021.SH,春秋航空
202304,西部证券,601601.SH,中国太保
202304,西部证券,601689.SH,拓普集团
202304,西部证券,688123.SH,聚辰股份
202304,西部证券,688167.SH,炬光科技
202304,财信证券,002027.SZ,分众传媒
202304,财信证券,002318.SZ,久立特材
202304,财信证券,300059.SZ,东方财富
202304,财信证券,300438.SZ,鹏辉能源
202304,财信证券,300760.SZ,迈瑞医疗
202304,财信证券,600298.SH,安琪酵母
202304,财信证券,600988.SH,赤峰黄金
202304,财信证券,603259.SH,药明康德
202304,财信证券,688696.SH,极米科技
202304,财信证券,688766.SH,普冉股份
202304,财通证券,002463.SZ,沪电股份
202304,财通证券,002555.SZ,三七互娱
202304,财通证券,300257.SZ,开山股份
202304,财通证券,300498.SZ,温氏股份
202304,财通证券,300896.SZ,爱美客
202304,财通证券,600702.SH,舍得酒业
202304,财通证券,601601.SH,中国太保
202304,财通证券,601899.SH,紫金矿业
202304,财通证券,603338.SH,浙江鼎力
202304,财通证券,688111.SH,金山办公
202304,长城证券,002142.SZ,宁波银行
202304,长城证券,002371.SZ,北方华创
202304,长城证券,002459.SZ,晶澳科技
202304,长城证券,300114.SZ,中航电测
202304,长城证券,300138.SZ,晨光生物
202304,长城证券,300181.SZ,佐力药业
202304,长城证券,300394.SZ,天孚通信
202304,长城证券,600941.SH,中国移动
202304,长城证券,601138.SH,工业富联
202304,长城证券,603678.SH,火炬电子
202304,长江证券,002459.SZ,晶澳科技
202304,长江证券,002541.SZ,鸿路钢构
202304,长江证券,300395.SZ,菲利华
202304,长江证券,300759.SZ,康龙化成
202304,长江证券,600004.SH,白云机场
202304,长江证券,600703.SH,三安光电
202304,长江证券,603833.SH,欧派家居
202304,长江证券,688111.SH,金山办公
202304,首创证券,002459.SZ,晶澳科技
202304,首创证券,002714.SZ,牧原股份
202304,首创证券,300705.SZ,九典制药
202304,首创证券,300896.SZ,爱美客
202304,首创证券,600415.SH,小商品城
202304,首创证券,600535.SH,天士力
202304,首创证券,601021.SH,春秋航空
202304,首创证券,603379.SH,三美股份
202304,首创证券,688018.SH,乐鑫科技
202304,首创证券,688619.SH,罗普特
202305,东亚前海证券,002368.SZ,太极股份
202305,东亚前海证券,002714.SZ,牧原股份
202305,东亚前海证券,300413.SZ,芒果超媒
202305,东亚前海证券,300614.SZ,百川畅银
202305,东亚前海证券,300700.SZ,岱勒新材
202305,东亚前海证券,300795.SZ,米奥会展
202305,东亚前海证券,600335.SH,国机汽车
202305,东亚前海证券,600827.SH,百联股份
202305,东亚前海证券,688156.SH,路德环境
202305,东亚前海证券,688266.SH,泽璟制药-U
202305,东兴证券,000596.SZ,古井贡酒
202305,东兴证券,002142.SZ,宁波银行
202305,东兴证券,002372.SZ,伟星新材
202305,东兴证券,600583.SH,海油工程
202305,东兴证券,601888.SH,中国中免
202305,东兴证券,605218.SH,伟时电子
202305,东兴证券,688419.SH,耐科装备
202305,东吴证券,000425.SZ,徐工机械
202305,东吴证券,300418.SZ,昆仑万维
202305,东吴证券,300795.SZ,米奥会展
202305,东吴证券,301267.SZ,华厦眼科
202305,东吴证券,600066.SH,宇通客车
202305,东吴证券,600415.SH,小商品城
202305,东吴证券,600489.SH,中金黄金
202305,东吴证券,600583.SH,海油工程
202305,东吴证券,688100.SH,威胜信息
202305,东吴证券,688777.SH,中控技术
202305,中国银河,000021.SZ,深科技
202305,中国银河,000651.SZ,格力电器
202305,中国银河,002624.SZ,完美世界
202305,中国银河,300750.SZ,宁德时代
202305,中国银河,301162.SZ,国能日新
202305,中国银河,600489.SH,中金黄金
202305,中国银河,600941.SH,中国移动
202305,中国银河,601088.SH,中国神华
202305,中国银河,603605.SH,珀莱雅
202305,中国银河,688132.SH,邦彦技术
202305,中泰证券,000858.SZ,五粮液
202305,中泰证券,000999.SZ,华润三九
202305,中泰证券,002236.SZ,大华股份
202305,中泰证券,600176.SH,中国巨石
202305,中泰证券,600276.SH,恒瑞医药
202305,中泰证券,600755.SH,厦门国贸
202305,中泰证券,600765.SH,中航重机
202305,中泰证券,605337.SH,李子园
202305,中泰证券,688630.SH,芯碁微装
202305,信达证券,000063.SZ,中兴通讯
202305,信达证券,002517.SZ,恺英网络
202305,信达证券,300861.SZ,美畅股份
202305,信达证券,300957.SZ,贝泰妮
202305,信达证券,600188.SH,兖矿能源
202305,信达证券,600803.SH,新奥股份
202305,信达证券,600938.SH,中国海油
202305,信达证券,601058.SH,赛轮轮胎
202305,信达证券,601138.SH,工业富联
202305,信达证券,601600.SH,中国铝业
202305,光大证券,002555.SZ,三七互娱
202305,光大证券,301257.SZ,普蕊斯
202305,光大证券,600028.SH,中国石化
202305,光大证券,600050.SH,中国联通
202305,光大证券,600132.SH,重庆啤酒
202305,光大证券,600702.SH,舍得酒业
202305,光大证券,601633.SH,长城汽车
202305,光大证券,688012.SH,中微公司
202305,光大证券,688111.SH,金山办公
202305,光大证券,688569.SH,铁科轨道
202305,华安证券,300413.SZ,芒果超媒
202305,华安证券,300638.SZ,广和通
202305,华安证券,300811.SZ,铂科新材
202305,华安证券,300908.SZ,仲景食品
202305,华安证券,301153.SZ,中科江南
202305,华安证券,600702.SH,舍得酒业
202305,华安证券,600771.SH,广誉远
202305,华安证券,600919.SH,江苏银行
202305,华安证券,688575.SH,亚辉龙
202305,华泰证券,000651.SZ,格力电器
202305,华泰证券,000725.SZ,京东方A
202305,华泰证券,002332.SZ,仙琚制药
202305,华泰证券,002475.SZ,立讯精密
202305,华泰证券,002478.SZ,常宝股份
202305,华泰证券,002837.SZ,英维克
202305,华泰证券,600266.SH,城建发展
202305,华泰证券,600547.SH,山东黄金
202305,华泰证券,601882.SH,海天精工
202305,华泰证券,688111.SH,金山办公
202305,国信证券,002154.SZ,报喜鸟
202305,国信证券,002959.SZ,小熊电器
202305,国信证券,300059.SZ,东方财富
202305,国信证券,300418.SZ,昆仑万维
202305,国信证券,600028.SH,中国石化
202305,国信证券,600066.SH,宇通客车
202305,国信证券,600612.SH,老凤祥
202305,国信证券,600941.SH,中国移动
202305,国信证券,601390.SH,中国中铁
202305,国联证券,002291.SZ,遥望科技
202305,国联证券,002517.SZ,恺英网络
202305,国联证券,002965.SZ,祥鑫科技
202305,国联证券,301267.SZ,华厦眼科
202305,国联证券,600150.SH,中国船舶
202305,国联证券,600276.SH,恒瑞医药
202305,国联证券,601318.SH,中国平安
202305,国联证券,603369.SH,今世缘
202305,国联证券,688066.SH,航天宏图
202305,国联证券,688357.SH,建龙微纳
202305,山西证券,002025.SZ,航天电器
202305,山西证券,002311.SZ,海大集团
202305,山西证券,003020.SZ,立方制药
202305,山西证券,300896.SZ,爱美客
202305,山西证券,600150.SH,中国船舶
202305,山西证券,600600.SH,青岛啤酒
202305,山西证券,601088.SH,中国神华
202305,山西证券,601319.SH,中国人保
202305,山西证券,601658.SH,邮储银行
202305,山西证券,688630.SH,芯碁微装
202305,平安证券,002371.SZ,北方华创
202305,平安证券,002555.SZ,三七互娱
202305,平安证券,300705.SZ,九典制药
202305,平安证券,600600.SH,青岛啤酒
202305,平安证券,600941.SH,中国移动
202305,平安证券,601390.SH,中国中铁
202305,平安证券,601601.SH,中国太保
202305,平安证券,603590.SH,康辰药业
202305,平安证券,688041.SH,海光信息
202305,平安证券,688599.SH,天合光能
202305,开源证券,002230.SZ,科大讯飞
202305,开源证券,002624.SZ,完美世界
202305,开源证券,300092.SZ,科新机电
202305,开源证券,300274.SZ,阳光电源
202305,开源证券,300795.SZ,米奥会展
202305,开源证券,600212.SH,绿能慧充
202305,开源证券,600312.SH,平高电气
202305,开源证券,603269.SH,海鸥股份
202305,开源证券,603301.SH,振德医疗
202305,开源证券,603778.SH,乾景园林
202305,德邦证券,000860.SZ,顺鑫农业
202305,德邦证券,002517.SZ,恺英网络
202305,德邦证券,002698.SZ,博实股份
202305,德邦证券,300435.SZ,中泰股份
202305,德邦证券,600588.SH,用友网络
202305,德邦证券,600861.SH,北京城乡
202305,德邦证券,603486.SH,科沃斯
202305,德邦证券,603801.SH,志邦家居
202305,德邦证券,688036.SH,传音控股
202305,德邦证券,688310.SH,迈得医疗
202305,德邦证券,688596.SH,正帆科技
202305,西部证券,002242.SZ,九阳股份
202305,西部证券,002567.SZ,唐人神
202305,西部证券,002624.SZ,完美世界
202305,西部证券,300909.SZ,汇创达
202305,西部证券,603896.SH,寿仙谷
202305,西部证券,605399.SH,晨光新材
202305,西部证券,688237.SH,超卓航科
202305,财通证券,000922.SZ,佳电股份
202305,财通证券,002463.SZ,沪电股份
202305,财通证券,002541.SZ,鸿路钢构
202305,财通证券,300896.SZ,爱美客
202305,财通证券,301039.SZ,中集车辆
202305,财通证券,600702.SH,舍得酒业
202305,财通证券,601899.SH,紫金矿业
202305,财通证券,603606.SH,东方电缆
202305,财通证券,603708.SH,家家悦
202305,财通证券,688111.SH,金山办公
202305,长江证券,000333.SZ,美的集团
202305,长江证券,002230.SZ,科大讯飞
202305,长江证券,002532.SZ,天山铝业
202305,长江证券,002557.SZ,洽洽食品
202305,长江证券,300474.SZ,景嘉微
202305,长江证券,600498.SH,烽火通信
202305,长江证券,600893.SH,航发动力
202305,长江证券,601021.SH,春秋航空
202305,长江证券,601390.SH,中国中铁
202305,长江证券,688121.SH,卓然股份
202306,东亚前海证券,300491.SZ,通合科技
202306,东亚前海证券,300614.SZ,百川畅银
202306,东亚前海证券,300700.SZ,岱勒新材
202306,东亚前海证券,600335.SH,国机汽车
202306,东亚前海证券,600827.SH,百联股份
202306,东亚前海证券,688266.SH,泽璟制药-U
202306,东兴证券,000596.SZ,古井贡酒
202306,东兴证券,002074.SZ,国轩高科
202306,东兴证券,002142.SZ,宁波银行
202306,东兴证券,002372.SZ,伟星新材
202306,东兴证券,300811.SZ,铂科新材
202306,东兴证券,301168.SZ,通灵股份
202306,东兴证券,601111.SH,中国国航
202306,东兴证券,688419.SH,耐科装备
202306,中信证券,000063.SZ,中兴通讯
202306,中信证券,002276.SZ,万马股份
202306,中信证券,300308.SZ,中际旭创
202306,中信证券,300760.SZ,迈瑞医疗
202306,中信证券,301039.SZ,中集车辆
202306,中信证券,601138.SH,工业富联
202306,中信证券,603486.SH,科沃斯
202306,中信证券,688036.SH,传音控股
202306,中信证券,688409.SH,富创精密
202306,中信证券,688596.SH,正帆科技
202306,中国银河,002747.SZ,埃斯顿
202306,中国银河,300223.SZ,北京君正
202306,中国银河,600741.SH,华域汽车
202306,中国银河,600941.SH,中国移动
202306,中国银河,603081.SH,大丰实业
202306,中国银河,603605.SH,珀莱雅
202306,中国银河,603659.SH,璞泰来
202306,中国银河,603882.SH,金域医学
202306,中国银河,688132.SH,邦彦技术
202306,中国银河,688246.SH,嘉和美康
202306,中泰证券,000729.SZ,燕京啤酒
202306,中泰证券,000999.SZ,华润三九
202306,中泰证券,002389.SZ,航天彩虹
202306,中泰证券,002436.SZ,兴森科技
202306,中泰证券,600276.SH,恒瑞医药
202306,中泰证券,601800.SH,中国交建
202306,中泰证券,603486.SH,科沃斯
202306,中泰证券,688111.SH,金山办公
202306,中泰证券,688120.SH,华海清科
202306,中邮证券,000063.SZ,中兴通讯
202306,中邮证券,000426.SZ,兴业矿业
202306,中邮证券,002276.SZ,万马股份
202306,中邮证券,002371.SZ,北方华创
202306,中邮证券,300996.SZ,普联软件
202306,中邮证券,600425.SH,青松建化
202306,中邮证券,600562.SH,国睿科技
202306,中邮证券,601801.SH,皖新传媒
202306,中邮证券,603565.SH,中谷物流
202306,中邮证券,688007.SH,光峰科技
202306,信达证券,000063.SZ,中兴通讯
202306,信达证券,002291.SZ,遥望科技
202306,信达证券,002292.SZ,奥飞娱乐
202306,信达证券,300750.SZ,宁德时代
202306,信达证券,600188.SH,兖矿能源
202306,信达证券,600199.SH,金种子酒
202306,信达证券,600803.SH,新奥股份
202306,信达证券,601058.SH,赛轮轮胎
202306,信达证券,601138.SH,工业富联
202306,信达证券,603039.SH,泛微网络
202306,光大银行,000778.SZ,新兴铸管
202306,光大银行,002531.SZ,天顺风能
202306,光大银行,300870.SZ,欧陆通
202306,光大银行,301257.SZ,普蕊斯
202306,光大银行,600011.SH,华能国际
202306,光大银行,600028.SH,中国石化
202306,光大银行,600050.SH,中国联通
202306,光大银行,601857.SH,中国石油
202306,光大银行,603501.SH,韦尔股份
202306,光大银行,688569.SH,铁科轨道
202306,兴业证券,000032.SZ,深桑达A
202306,兴业证券,000690.SZ,宝新能源
202306,兴业证券,000888.SZ,峨眉山A
202306,兴业证券,000977.SZ,浪潮信息
202306,兴业证券,003031.SZ,中瓷电子
202306,兴业证券,600276.SH,恒瑞医药
202306,兴业证券,601390.SH,中国中铁
202306,兴业证券,601601.SH,中国太保
202306,兴业证券,601816.SH,京沪高铁
202306,兴业证券,688239.SH,航宇科技
202306,华创证券,000778.SZ,新兴铸管
202306,华创证券,001872.SZ,招商港口
202306,华创证券,002384.SZ,东山精密
202306,华创证券,600519.SH,贵州茅台
202306,华创证券,601628.SH,中国人寿
202306,华创证券,601728.SH,中国电信
202306,华创证券,601800.SH,中国交建
202306,华创证券,601900.SH,南方传媒
202306,华创证券,603606.SH,东方电缆
202306,华创证券,688111.SH,金山办公
202306,华安证券,300456.SZ,赛微电子
202306,华安证券,300750.SZ,宁德时代
202306,华安证券,300908.SZ,仲景食品
202306,华安证券,301153.SZ,中科江南
202306,华安证券,600702.SH,舍得酒业
202306,华安证券,603050.SH,科林电气
202306,华安证券,603105.SH,芯能科技
202306,华安证券,688080.SH,映翰通
202306,华安证券,688361.SH,中科飞测-U
202306,华安证券,688488.SH,艾迪药业
202306,华泰证券,000063.SZ,中兴通讯
202306,华泰证券,002517.SZ,恺英网络
202306,华泰证券,300033.SZ,同花顺
202306,华泰证券,300298.SZ,三诺生物
202306,华泰证券,300395.SZ,菲利华
202306,华泰证券,600028.SH,中国石化
202306,华泰证券,600266.SH,城建发展
202306,华泰证券,601138.SH,工业富联
202306,华泰证券,601139.SH,深圳燃气
202306,华泰证券,688697.SH,纽威数控
202306,华鑫证券,002006.SZ,精工科技
202306,华鑫证券,300474.SZ,景嘉微
202306,华鑫证券,600629.SH,华建集团
202306,华鑫证券,600976.SH,健民集团
202306,华鑫证券,600986.SH,浙文互联
202306,华鑫证券,601390.SH,中国中铁
202306,华鑫证券,601857.SH,中国石油
202306,华鑫证券,603019.SH,中科曙光
202306,华鑫证券,603918.SH,金桥信息
202306,华鑫证券,688383.SH,新益昌
202306,国信证券,000713.SZ,丰乐种业
202306,国信证券,000888.SZ,峨眉山A
202306,国信证券,000938.SZ,紫光股份
202306,国信证券,002594.SZ,比亚迪
202306,国信证券,002959.SZ,小熊电器
202306,国信证券,300979.SZ,华利集团
202306,国信证券,601865.SH,福莱特
202306,国信证券,688106.SH,金宏气体
202306,国信证券,872808.BJ,曙光数创
202306,国联证券,002006.SZ,精工科技
202306,国联证券,002429.SZ,兆驰股份
202306,国联证券,002965.SZ,祥鑫科技
202306,国联证券,300760.SZ,迈瑞医疗
202306,国联证券,600150.SH,中国船舶
202306,国联证券,601318.SH,中国平安
202306,国联证券,601865.SH,福莱特
202306,国联证券,603369.SH,今世缘
202306,国联证券,603997.SH,继峰股份
202306,国联证券,688066.SH,航天宏图
202306,太平洋证券,002568.SZ,百润股份
202306,太平洋证券,002749.SZ,国光股份
202306,太平洋证券,300490.SZ,华自科技
202306,太平洋证券,301330.SZ,熵基科技
202306,太平洋证券,600901.SH,江苏金租
202306,太平洋证券,603197.SH,保隆科技
202306,太平洋证券,603605.SH,珀莱雅
202306,太平洋证券,603611.SH,诺力股份
202306,太平洋证券,688195.SH,腾景科技
202306,太平洋证券,688526.SH,科前生物
202306,山西证券,002311.SZ,海大集团
202306,山西证券,300747.SZ,锐科激光
202306,山西证券,300842.SZ,帝科股份
202306,山西证券,600435.SH,北方导航
202306,山西证券,601088.SH,中国神华
202306,山西证券,601318.SH,中国平安
202306,平安证券,002555.SZ,三七互娱
202306,平安证券,002675.SZ,东诚药业
202306,平安证券,300705.SZ,九典制药
202306,平安证券,600131.SH,国网信通
202306,平安证券,600941.SH,中国移动
202306,平安证券,601390.SH,中国中铁
202306,平安证券,601601.SH,中国太保
202306,平安证券,603019.SH,中科曙光
202306,平安证券,688012.SH,中微公司
202306,平安证券,688498.SH,源杰科技
202306,开源证券,002185.SZ,华天科技
202306,开源证券,002292.SZ,奥飞娱乐
202306,开源证券,002705.SZ,新宝股份
202306,开源证券,300490.SZ,华自科技
202306,开源证券,300491.SZ,通合科技
202306,开源证券,301377.SZ,鼎泰高科
202306,开源证券,600584.SH,长电科技
202306,开源证券,688156.SH,路德环境
202306,开源证券,688258.SH,卓易信息
202306,开源证券,688498.SH,源杰科技
202306,德邦证券,000531.SZ,穗恒运A
202306,德邦证券,000785.SZ,居然之家
202306,德邦证券,000860.SZ,顺鑫农业
202306,德邦证券,002517.SZ,恺英网络
202306,德邦证券,002698.SZ,博实股份
202306,德邦证券,002920.SZ,德赛西威
202306,德邦证券,600105.SH,永鼎股份
202306,德邦证券,600150.SH,中国船舶
202306,德邦证券,600211.SH,西藏药业
202306,德邦证券,603486.SH,科沃斯
202306,德邦证券,688036.SH,传音控股
202306,民生证券,002085.SZ,万丰奥威
202306,民生证券,600559.SH,老白干酒
202306,民生证券,600905.SH,三峡能源
202306,民生证券,600970.SH,中材国际
202306,民生证券,601857.SH,中国石油
202306,民生证券,601899.SH,紫金矿业
202306,民生证券,688080.SH,映翰通
202306,民生证券,688111.SH,金山办公
202306,浙商证券,002230.SZ,科大讯飞
202306,浙商证券,002602.SZ,世纪华通
202306,浙商证券,300037.SZ,新宙邦
202306,浙商证券,300188.SZ,美亚柏科
202306,浙商证券,300490.SZ,华自科技
202306,浙商证券,600285.SH,羚锐制药
202306,浙商证券,600967.SH,内蒙一机
202306,浙商证券,603076.SH,乐惠国际
202306,浙商证券,688111.SH,金山办公
202306,浙商证券,688981.SH,中芯国际
202306,海通证券,000002.SZ,万科A
202306,海通证券,000938.SZ,紫光股份
202306,海通证券,002230.SZ,科大讯飞
202306,海通证券,002966.SZ,苏州银行
202306,海通证券,300196.SZ,长海股份
202306,海通证券,600729.SH,重庆百货
202306,海通证券,600803.SH,新奥股份
202306,海通证券,603486.SH,科沃斯
202306,海通证券,603596.SH,伯特利
202306,申万宏源,000768.SZ,中航西飞
202306,申万宏源,000860.SZ,顺鑫农业
202306,申万宏源,000862.SZ,银星能源
202306,申万宏源,300258.SZ,精锻科技
202306,申万宏源,301236.SZ,软通动力
202306,申万宏源,600150.SH,中国船舶
202306,申万宏源,600276.SH,恒瑞医药
202306,申万宏源,600325.SH,华发股份
202306,申万宏源,601668.SH,中国建筑
202306,西部证券,000333.SZ,美的集团
202306,西部证券,002129.SZ,TCL中环
202306,西部证券,002402.SZ,和而泰
202306,西部证券,300498.SZ,温氏股份
202306,西部证券,600276.SH,恒瑞医药
202306,西部证券,600862.SH,中航高科
202306,西部证券,601318.SH,中国平安
202306,西部证券,605399.SH,晨光新材
202306,西部证券,688111.SH,金山办公
202306,西部证券,688628.SH,优利德
202306,财通证券,000922.SZ,佳电股份
202306,财通证券,002444.SZ,巨星科技
202306,财通证券,002541.SZ,鸿路钢构
202306,财通证券,600549.SH,厦门钨业
202306,财通证券,603239.SH,浙江仙通
202306,财通证券,603345.SH,安井食品
202306,财通证券,688083.SH,中望软件
202306,财通证券,688103.SH,国力股份
202306,财通证券,688111.SH,金山办公
202306,财通证券,688389.SH,普门科技
202306,长江证券,000333.SZ,美的集团
202306,长江证券,001215.SZ,千味央厨
202306,长江证券,002142.SZ,宁波银行
202306,长江证券,002436.SZ,兴森科技
202306,长江证券,002970.SZ,锐明技术
202306,长江证券,600026.SH,中远海能
202306,长江证券,600547.SH,山东黄金
202306,长江证券,600760.SH,中航沈飞
202306,长江证券,601390.SH,中国中铁
202306,长江证券,688009.SH,中国通号
202307,东兴证券,000596.SZ,古井贡酒
202307,东兴证券,002074.SZ,国轩高科
202307,东兴证券,002372.SZ,伟星新材
202307,东兴证券,002572.SZ,索菲亚
202307,东兴证券,300811.SZ,铂科新材
202307,东兴证券,301168.SZ,通灵股份
202307,东兴证券,601658.SH,邮储银行
202307,东兴证券,605218.SH,伟时电子
202307,东吴证券,001979.SZ,招商蛇口
202307,东吴证券,300181.SZ,佐力药业
202307,东吴证券,600027.SH,华电国际
202307,东吴证券,600066.SH,宇通客车
202307,东吴证券,600938.SH,中国海油
202307,东吴证券,601336.SH,新华保险
202307,东吴证券,605300.SH,佳禾食品
202307,东吴证券,688036.SH,传音控股
202307,东吴证券,688556.SH,高测股份
202307,东吴证券,688566.SH,吉贝尔
202307,中国银河,001380.SZ,华纬科技
202307,中国银河,300244.SZ,迪安诊断
202307,中国银河,600030.SH,中信证券
202307,中国银河,600941.SH,中国移动
202307,中国银河,601088.SH,中国神华
202307,中国银河,603081.SH,大丰实业
202307,中国银河,688132.SH,邦彦技术
202307,中国银河,688246.SH,嘉和美康
202307,中国银河,688323.SH,瑞华泰
202307,中国银河,688458.SH,美芯晟
202307,中泰证券,000063.SZ,中兴通讯
202307,中泰证券,000333.SZ,美的集团
202307,中泰证券,000729.SZ,燕京啤酒
202307,中泰证券,002332.SZ,仙琚制药
202307,中泰证券,300498.SZ,温氏股份
202307,中泰证券,301162.SZ,国能日新
202307,中泰证券,600398.SH,海澜之家
202307,中泰证券,601088.SH,中国神华
202307,中泰证券,688120.SH,华海清科
202307,中泰证券,688169.SH,石头科技
202307,光大证券,000063.SZ,中兴通讯
202307,光大证券,300750.SZ,宁德时代
202307,光大证券,600011.SH,华能国际
202307,光大证券,600028.SH,中国石化
202307,光大证券,600050.SH,中国联通
202307,光大证券,601155.SH,新城控股
202307,光大证券,601857.SH,中国石油
202307,光大证券,688036.SH,传音控股
202307,光大证券,688111.SH,金山办公
202307,光大证券,688569.SH,铁科轨道
202307,华泰证券,000063.SZ,中兴通讯
202307,华泰证券,000651.SZ,格力电器
202307,华泰证券,002459.SZ,晶澳科技
202307,华泰证券,002517.SZ,恺英网络
202307,华泰证券,300395.SZ,菲利华
202307,华泰证券,600459.SH,贵研铂业
202307,华泰证券,601138.SH,工业富联
202307,华泰证券,601318.SH,中国平安
202307,华泰证券,603345.SH,安井食品
202307,华泰证券,603596.SH,伯特利
202307,国信证券,000922.SZ,佳电股份
202307,国信证券,000938.SZ,紫光股份
202307,国信证券,002668.SZ,奥马电器
202307,国信证券,003035.SZ,南网能源
202307,国信证券,300413.SZ,芒果超媒
202307,国信证券,300456.SZ,赛微电子
202307,国信证券,600481.SH,双良节能
202307,国信证券,600845.SH,宝信软件
202307,国信证券,688111.SH,金山办公
202307,国联证券,000690.SZ,宝新能源
202307,国联证券,002429.SZ,兆驰股份
202307,国联证券,300502.SZ,新易盛
202307,国联证券,300674.SZ,宇信科技
202307,国联证券,601336.SH,新华保险
202307,国联证券,603233.SH,大参林
202307,国联证券,605300.SH,佳禾食品
202307,国联证券,688212.SH,澳华内镜
202307,国联证券,688398.SH,赛特新材
202307,国联证券,688503.SH,聚和材料
202307,太平洋证券,002139.SZ,拓邦股份
202307,太平洋证券,002567.SZ,唐人神
202307,太平洋证券,300490.SZ,华自科技
202307,太平洋证券,300639.SZ,凯普生物
202307,太平洋证券,600054.SH,黄山旅游
202307,太平洋证券,600958.SH,东方证券
202307,太平洋证券,603611.SH,诺力股份
202307,太平洋证券,603619.SH,中曼石油
202307,山西证券,001311.SZ,多利科技
202307,山西证券,002311.SZ,海大集团
202307,山西证券,002867.SZ,周大生
202307,山西证券,300593.SZ,新雷能
202307,山西证券,600256.SH,广汇能源
202307,山西证券,600732.SH,爱旭股份
202307,山西证券,601601.SH,中国太保
202307,山西证券,603806.SH,福斯特
202307,平安证券,000625.SZ,长安汽车
202307,平安证券,001979.SZ,招商蛇口
202307,平安证券,002230.SZ,科大讯飞
202307,平安证券,002555.SZ,三七互娱
202307,平安证券,002644.SZ,佛慈制药
202307,平安证券,300634.SZ,彩讯股份
202307,平安证券,300724.SZ,捷佳伟创
202307,平安证券,600131.SH,国网信通
202307,平安证券,600519.SH,贵州茅台
202307,平安证券,600941.SH,中国移动
202307,开源证券,000516.SZ,国际医学
202307,开源证券,000858.SZ,五粮液
202307,开源证券,002674.SZ,兴业科技
202307,开源证券,300413.SZ,芒果超媒
202307,开源证券,300490.SZ,华自科技
202307,开源证券,600546.SH,山煤国际
202307,开源证券,600958.SH,东方证券
202307,开源证券,601177.SH,杭齿前进
202307,开源证券,688012.SH,中微公司
202307,开源证券,688326.SH,经纬恒润-W
202307,德邦证券,000531.SZ,穗恒运A
202307,德邦证券,002469.SZ,三维化学
202307,德邦证券,002605.SZ,姚记科技
202307,德邦证券,002698.SZ,博实股份
202307,德邦证券,600150.SH,中国船舶
202307,德邦证券,600211.SH,西藏药业
202307,德邦证券,603486.SH,科沃斯
202307,德邦证券,688319.SH,欧林生物
202307,德邦证券,688381.SH,帝奥微
202307,浙商证券,000860.SZ,顺鑫农业
202307,浙商证券,002430.SZ,杭氧股份
202307,浙商证券,002472.SZ,双环传动
202307,浙商证券,300490.SZ,华自科技
202307,浙商证券,600557.SH,康缘药业
202307,浙商证券,600941.SH,中国移动
202307,浙商证券,601916.SH,浙商银行
202307,浙商证券,688106.SH,金宏气体
202307,浙商证券,688232.SH,新点软件
202307,浙商证券,688981.SH,中芯国际
202307,西部证券,002027.SZ,分众传媒
202307,西部证券,002139.SZ,拓邦股份
202307,西部证券,002345.SZ,潮宏基
202307,西部证券,002429.SZ,兆驰股份
202307,西部证券,300498.SZ,温氏股份
202307,西部证券,600732.SH,爱旭股份
202307,西部证券,601318.SH,中国平安
202307,西部证券,603896.SH,寿仙谷
202307,西部证券,688111.SH,金山办公
202307,西部证券,688333.SH,铂力特
202307,财通证券,002203.SZ,海亮股份
202307,财通证券,002463.SZ,沪电股份
202307,财通证券,002812.SZ,恩捷股份
202307,财通证券,002847.SZ,盐津铺子
202307,财通证券,300729.SZ,乐歌股份
202307,财通证券,600861.SH,北京人力
202307,财通证券,601100.SH,恒立液压
202307,财通证券,601186.SH,中国铁建
202307,财通证券,603239.SH,浙江仙通
202307,财通证券,688111.SH,金山办公
202308,东吴证券,001979.SZ,招商蛇口
202308,东吴证券,002648.SZ,卫星化学
202308,东吴证券,300059.SZ,东方财富
202308,东吴证券,300274.SZ,阳光电源
202308,东吴证券,600763.SH,通策医疗
202308,东吴证券,601069.SH,西部黄金
202308,东吴证券,601336.SH,新华保险
202308,东吴证券,688036.SH,传音控股
202308,东吴证券,688072.SH,拓荆科技
202308,东海证券,001215.SZ,千味央厨
202308,东海证券,002493.SZ,荣盛石化
202308,东海证券,300498.SZ,温氏股份
202308,东海证券,300558.SZ,贝达药业
202308,东海证券,300601.SZ,康泰生物
202308,东海证券,300617.SZ,安靠智电
202308,东海证券,600519.SH,贵州茅台
202308,东海证券,600583.SH,海油工程
202308,东海证券,601128.SH,常熟银行
202308,东海证券,603915.SH,国茂股份
202308,中泰证券,002389.SZ,航天彩虹
202308,中泰证券,002410.SZ,广联达
202308,中泰证券,300498.SZ,温氏股份
202308,中泰证券,301191.SZ,菲菱科思
202308,中泰证券,600570.SH,恒生电子
202308,中泰证券,600584.SH,长电科技
202308,中泰证券,601886.SH,江河集团
202308,中泰证券,603278.SH,大业股份
202308,中泰证券,603589.SH,口子窖
202308,信达证券,000530.SZ,冰山冷热
202308,信达证券,300750.SZ,宁德时代
202308,信达证券,300896.SZ,爱美客
202308,信达证券,301397.SZ,溯联股份
202308,信达证券,600702.SH,舍得酒业
202308,信达证券,600938.SH,中国海油
202308,信达证券,601138.SH,工业富联
202308,信达证券,601601.SH,中国太保
202308,信达证券,603833.SH,欧派家居
202308,兴业证券,002142.SZ,宁波银行
202308,兴业证券,002179.SZ,中航光电
202308,兴业证券,002368.SZ,太极股份
202308,兴业证券,300308.SZ,中际旭创
202308,兴业证券,600276.SH,恒瑞医药
202308,兴业证券,600690.SH,海尔智家
202308,兴业证券,600985.SH,淮北矿业
202308,兴业证券,601390.SH,中国中铁
202308,兴业证券,601633.SH,长城汽车
202308,兴业证券,601688.SH,华泰证券
202308,华泰证券,000568.SZ,泸州老窖
202308,华泰证券,000998.SZ,隆平高科
202308,华泰证券,002142.SZ,宁波银行
202308,华泰证券,002918.SZ,蒙娜丽莎
202308,华泰证券,300762.SZ,上海瀚讯
202308,华泰证券,600266.SH,城建发展
202308,华泰证券,600459.SH,贵研铂业
202308,华泰证券,600584.SH,长电科技
202308,华泰证券,601318.SH,中国平安
202308,华泰证券,603993.SH,洛阳钼业
202308,国信证券,000922.SZ,佳电股份
202308,国信证券,002840.SZ,华统股份
202308,国信证券,002920.SZ,德赛西威
202308,国信证券,002959.SZ,小熊电器
202308,国信证券,300760.SZ,迈瑞医疗
202308,国信证券,600030.SH,中信证券
202308,国信证券,601677.SH,明泰铝业
202308,国信证券,601799.SH,星宇股份
202308,国信证券,603113.SH,金能科技
202308,国信证券,688007.SH,光峰科技
202308,国盛证券,002142.SZ,宁波银行
202308,国盛证券,002244.SZ,滨江集团
202308,国盛证券,002409.SZ,雅克科技
202308,国盛证券,002531.SZ,天顺风能
202308,国盛证券,600416.SH,湘电股份
202308,国盛证券,600933.SH,爱柯迪
202308,国盛证券,600970.SH,中材国际
202308,国盛证券,601677.SH,明泰铝业
202308,国盛证券,601800.SH,中国交建
202308,国联证券,000568.SZ,泸州老窖
202308,国联证券,300059.SZ,东方财富
202308,国联证券,300129.SZ,泰胜风能
202308,国联证券,300384.SZ,三联虹普
202308,国联证券,600150.SH,中国船舶
202308,国联证券,601168.SH,西部矿业
202308,国联证券,601865.SH,福莱特
202308,国联证券,603369.SH,今世缘
202308,国联证券,688169.SH,石头科技
202308,国联证券,688336.SH,三生国健
202308,国金证券,002463.SZ,沪电股份
202308,国金证券,002920.SZ,德赛西威
202308,国金证券,300009.SZ,安科生物
202308,国金证券,300751.SZ,迈为股份
202308,国金证券,300969.SZ,恒帅股份
202308,国金证券,600150.SH,中国船舶
202308,国金证券,601100.SH,恒立液压
202308,国金证券,603383.SH,顶点软件
202308,国金证券,688326.SH,经纬恒润-W
202308,平安证券,000625.SZ,长安汽车
202308,平安证券,000977.SZ,浪潮信息
202308,平安证券,002271.SZ,东方雨虹
202308,平安证券,300476.SZ,胜宏科技
202308,平安证券,600030.SH,中信证券
202308,平安证券,600150.SH,中国船舶
202308,平安证券,600309.SH,万华化学
202308,平安证券,600702.SH,舍得酒业
202308,平安证券,600941.SH,中国移动
202308,平安证券,603197.SH,保隆科技
202308,开源证券,000858.SZ,五粮液
202308,开源证券,002324.SZ,普利特
202308,开源证券,002594.SZ,比亚迪
202308,开源证券,002605.SZ,姚记科技
202308,开源证券,301080.SZ,百普赛斯
202308,开源证券,600141.SH,兴发集团
202308,开源证券,600546.SH,山煤国际
202308,开源证券,600958.SH,东方证券
202308,开源证券,601155.SH,新城控股
202308,开源证券,603868.SH,飞科电器
202308,浙商证券,002384.SZ,东山精密
202308,浙商证券,300490.SZ,华自科技
202308,浙商证券,300700.SZ,岱勒新材
202308,浙商证券,600030.SH,中信证券
202308,浙商证券,600050.SH,中国联通
202308,浙商证券,600988.SH,赤峰黄金
202308,浙商证券,601916.SH,浙商银行
202308,浙商证券,603589.SH,口子窖
202308,浙商证券,603885.SH,吉祥航空
202308,浙商证券,688981.SH,中芯国际
202308,西部证券,000423.SZ,东阿阿胶
202308,西部证券,002027.SZ,分众传媒
202308,西部证券,002254.SZ,泰和新材
202308,西部证券,002429.SZ,兆驰股份
202308,西部证券,300782.SZ,卓胜微
202308,西部证券,601881.SH,中国银河
202308,西部证券,605268.SH,王力安防
202308,西部证券,605338.SH,巴比食品
202308,西部证券,688111.SH,金山办公
202308,财通证券,002463.SZ,沪电股份
202308,财通证券,300750.SZ,宁德时代
202308,财通证券,300957.SZ,贝泰妮
202308,财通证券,600399.SH,抚顺特钢
202308,财通证券,600559.SH,老白干酒
202308,财通证券,601186.SH,中国铁建
202308,财通证券,603816.SH,顾家家居
202308,财通证券,688003.SH,天准科技
202308,财通证券,688071.SH,华依科技
202308,财通证券,688103.SH,国力股份
202308,长江证券,000333.SZ,美的集团
202308,长江证券,000625.SZ,长安汽车
202308,长江证券,000858.SZ,五粮液
202308,长江证券,003012.SZ,东鹏控股
202308,长江证券,300124.SZ,汇川技术
202308,长江证券,300979.SZ,华利集团
202308,长江证券,600498.SH,烽火通信
202308,长江证券,600547.SH,山东黄金
202308,长江证券,601138.SH,工业富联
202308,长江证券,603225.SH,新凤鸣
202309,东海证券,002847.SZ,盐津铺子
202309,东海证券,300617.SZ,安靠智电
202309,东海证券,301096.SZ,百诚医药
202309,东海证券,600583.SH,海油工程
202309,东海证券,601100.SH,恒立液压
202309,东海证券,601128.SH,常熟银行
202309,东海证券,601233.SH,桐昆股份
202309,东海证券,603197.SH,保隆科技
202309,东海证券,688351.SH,微电生理-U
202309,东海证券,688711.SH,宏微科技
202309,中信证券,000063.SZ,中兴通讯
202309,中信证券,000090.SZ,天健集团
202309,中信证券,000625.SZ,长安汽车
202309,中信证券,000786.SZ,北新建材
202309,中信证券,002142.SZ,宁波银行
202309,中信证券,002371.SZ,北方华创
202309,中信证券,600848.SH,上海临港
202309,中信证券,601318.SH,中国平安
202309,中信证券,601688.SH,华泰证券
202309,中信证券,603179.SH,新泉股份
202309,中国银河,000963.SZ,华东医药
202309,中国银河,002049.SZ,紫光国微
202309,中国银河,002698.SZ,博实股份
202309,中国银河,301378.SZ,通达海
202309,中国银河,600029.SH,南方航空
202309,中国银河,600030.SH,中信证券
202309,中国银河,600489.SH,中金黄金
202309,中国银河,600809.SH,山西汾酒
202309,中国银河,600941.SH,中国移动
202309,中国银河,601965.SH,中国汽研
202309,光大证券,000625.SZ,长安汽车
202309,光大证券,000997.SZ,新大陆
202309,光大证券,300354.SZ,东华测试
202309,光大证券,300782.SZ,卓胜微
202309,光大证券,600028.SH,中国石化
202309,光大证券,600050.SH,中国联通
202309,光大证券,601155.SH,新城控股
202309,光大证券,601857.SH,中国石油
202309,光大证券,603369.SH,今世缘
202309,光大证券,688147.SH,微导纳米
202309,兴业证券,000543.SZ,皖能电力
202309,兴业证券,000568.SZ,泸州老窖
202309,兴业证券,002138.SZ,顺络电子
202309,兴业证券,002179.SZ,中航光电
202309,兴业证券,003031.SZ,中瓷电子
202309,兴业证券,300015.SZ,爱尔眼科
202309,兴业证券,300308.SZ,中际旭创
202309,兴业证券,301085.SZ,亚康股份
202309,兴业证券,601333.SH,广深铁路
202309,兴业证券,601633.SH,长城汽车
202309,华泰证券,000786.SZ,北新建材
202309,华泰证券,002138.SZ,顺络电子
202309,华泰证券,300762.SZ,上海瀚讯
202309,华泰证券,300782.SZ,卓胜微
202309,华泰证券,300957.SZ,贝泰妮
202309,华泰证券,600019.SH,宝钢股份
202309,华泰证券,600266.SH,城建发展
202309,华泰证券,601233.SH,桐昆股份
202309,华泰证券,601799.SH,星宇股份
202309,华泰证券,603816.SH,顾家家居
202309,国海证券,000902.SZ,新洋丰
202309,国海证券,000933.SZ,神火股份
202309,国海证券,000938.SZ,紫光股份
202309,国海证券,002867.SZ,周大生
202309,国海证券,300750.SZ,宁德时代
202309,国海证券,301030.SZ,仕净科技
202309,国海证券,600085.SH,同仁堂
202309,国海证券,601975.SH,招商南油
202309,国海证券,603589.SH,口子窖
202309,国海证券,688385.SH,复旦微电
202309,国海证券,688480.SH,赛恩斯
202309,国盛证券,002142.SZ,宁波银行
202309,国盛证券,002244.SZ,滨江集团
202309,国盛证券,002459.SZ,晶澳科技
202309,国盛证券,300491.SZ,通合科技
202309,国盛证券,600378.SH,昊华科技
202309,国盛证券,600933.SH,爱柯迪
202309,国盛证券,601677.SH,明泰铝业
202309,国盛证券,603179.SH,新泉股份
202309,安信证券,000034.SZ,神州数码
202309,安信证券,000333.SZ,美的集团
202309,安信证券,000425.SZ,徐工机械
202309,安信证券,000893.SZ,亚钾国际
202309,安信证券,002993.SZ,奥海科技
202309,安信证券,300002.SZ,神州泰岳
202309,安信证券,600765.SH,中航重机
202309,安信证券,601138.SH,工业富联
202309,安信证券,603197.SH,保隆科技
202309,安信证券,603369.SH,今世缘
202309,山西证券,001223.SZ,欧克科技
202309,山西证券,002311.SZ,海大集团
202309,山西证券,002567.SZ,唐人神
202309,山西证券,600435.SH,北方导航
202309,山西证券,600519.SH,贵州茅台
202309,山西证券,600732.SH,爱旭股份
202309,山西证券,601336.SH,新华保险
202309,平安证券,000034.SZ,神州数码
202309,平安证券,000938.SZ,紫光股份
202309,平安证券,300476.SZ,胜宏科技
202309,平安证券,300782.SZ,卓胜微
202309,平安证券,600030.SH,中信证券
202309,平安证券,600150.SH,中国船舶
202309,平安证券,600809.SH,山西汾酒
202309,平安证券,603197.SH,保隆科技
202309,平安证券,688112.SH,鼎阳科技
202309,开源证券,001979.SZ,招商蛇口
202309,开源证券,002920.SZ,德赛西威
202309,开源证券,300491.SZ,通合科技
202309,开源证券,300494.SZ,盛天网络
202309,开源证券,301257.SZ,普蕊斯
202309,开源证券,600519.SH,贵州茅台
202309,开源证券,600546.SH,山煤国际
202309,开源证券,601108.SH,财通证券
202309,开源证券,603225.SH,新凤鸣
202309,开源证券,688169.SH,石头科技
202309,德邦证券,000568.SZ,泸州老窖
202309,德邦证券,000786.SZ,北新建材
202309,德邦证券,002925.SZ,盈趣科技
202309,德邦证券,300298.SZ,三诺生物
202309,德邦证券,300413.SZ,芒果超媒
202309,德邦证券,600129.SH,太极集团
202309,德邦证券,600150.SH,中国船舶
202309,德邦证券,600489.SH,中金黄金
202309,德邦证券,605090.SH,九丰能源
202309,德邦证券,688099.SH,晶晨股份
202309,民生证券,000786.SZ,北新建材
202309,民生证券,002475.SZ,立讯精密
202309,民生证券,300036.SZ,超图软件
202309,民生证券,300593.SZ,新雷能
202309,民生证券,300955.SZ,嘉亨家化
202309,民生证券,600309.SH,万华化学
202309,民生证券,600519.SH,贵州茅台
202309,民生证券,600546.SH,山煤国际
202309,民生证券,600919.SH,江苏银行
202309,民生证券,603993.SH,洛阳钼业
202309,海通证券,000002.SZ,万科A
202309,海通证券,002353.SZ,杰瑞股份
202309,海通证券,002517.SZ,恺英网络
202309,海通证券,300687.SZ,赛意信息
202309,海通证券,300833.SZ,浩洋股份
202309,海通证券,300957.SZ,贝泰妮
202309,海通证券,600926.SH,杭州银行
202309,海通证券,601800.SH,中国交建
202309,海通证券,603596.SH,伯特利
202309,海通证券,603871.SH,嘉友国际
202310,东兴证券,002572.SZ,索菲亚
202310,东兴证券,300666.SZ,江丰电子
202310,东兴证券,600233.SH,圆通速递
202310,东兴证券,600519.SH,贵州茅台
202310,东兴证券,600529.SH,山东药玻
202310,东兴证券,600938.SH,中国海油
202310,东吴证券,002262.SZ,恩华药业
202310,东吴证券,300059.SZ,东方财富
202310,东吴证券,300212.SZ,易华录
202310,东吴证券,600266.SH,城建发展
202310,东吴证券,600415.SH,小商品城
202310,东吴证券,600938.SH,中国海油
202310,东吴证券,603298.SH,杭叉集团
202310,东吴证券,603439.SH,贵州三力
202310,东吴证券,605368.SH,蓝天燃气
202310,东吴证券,688153.SH,唯捷创芯
202310,东海证券,300601.SZ,康泰生物
202310,东海证券,300761.SZ,立华股份
202310,东海证券,600200.SH,江苏吴中
202310,东海证券,600583.SH,海油工程
202310,东海证券,601100.SH,恒立液压
202310,东海证券,601128.SH,常熟银行
202310,东海证券,601233.SH,桐昆股份
202310,东海证券,603197.SH,保隆科技
202310,东海证券,688076.SH,诺泰生物
202310,东海证券,688711.SH,宏微科技
202310,中国银河,000858.SZ,五粮液
202310,中国银河,002422.SZ,科伦药业
202310,中国银河,300496.SZ,中科创达
202310,中国银河,600030.SH,中信证券
202310,中国银河,600900.SH,长江电力
202310,中国银河,600916.SH,中国黄金
202310,中国银河,600941.SH,中国移动
202310,中国银河,600989.SH,宝丰能源
202310,中国银河,601225.SH,陕西煤业
202310,中国银河,601799.SH,星宇股份
202310,信达证券,000530.SZ,冰山冷热
202310,信达证券,002463.SZ,沪电股份
202310,信达证券,300750.SZ,宁德时代
202310,信达证券,300896.SZ,爱美客
202310,信达证券,300926.SZ,博俊科技
202310,信达证券,300972.SZ,万辰集团
202310,信达证券,600188.SH,兖矿能源
202310,信达证券,600256.SH,广汇能源
202310,信达证券,600583.SH,海油工程
202310,信达证券,601058.SH,赛轮轮胎
202310,光大证券,000932.SZ,华菱钢铁
202310,光大证券,001914.SZ,招商积余
202310,光大证券,002993.SZ,奥海科技
202310,光大证券,300130.SZ,新国都
202310,光大证券,301257.SZ,普蕊斯
202310,光大证券,600011.SH,华能国际
202310,光大证券,600028.SH,中国石化
202310,光大证券,600050.SH,中国联通
202310,光大证券,601857.SH,中国石油
202310,光大证券,603345.SH,安井食品
202310,华创证券,000333.SZ,美的集团
202310,华创证券,000932.SZ,华菱钢铁
202310,华创证券,600269.SH,赣粤高速
202310,华创证券,600585.SH,海螺水泥
202310,华创证券,600665.SH,天地源
202310,华创证券,600919.SH,江苏银行
202310,华创证券,601233.SH,桐昆股份
202310,华创证券,601688.SH,华泰证券
202310,华创证券,601985.SH,中国核电
202310,华创证券,603208.SH,江山欧派
202310,华泰证券,000830.SZ,鲁西化工
202310,华泰证券,300418.SZ,昆仑万维
202310,华泰证券,601012.SH,隆基绿能
202310,华泰证券,601600.SH,中国铝业
202310,华泰证券,601799.SH,星宇股份
202310,华泰证券,603727.SH,博迈科
202310,华泰证券,603833.SH,欧派家居
202310,华泰证券,603986.SH,兆易创新
202310,华泰证券,688188.SH,柏楚电子
202310,华泰证券,688236.SH,春立医疗
202310,华福证券,000858.SZ,五粮液
202310,华福证券,000933.SZ,神火股份
202310,华福证券,300124.SZ,汇川技术
202310,华福证券,300260.SZ,新莱应材
202310,华福证券,300476.SZ,胜宏科技
202310,华福证券,600011.SH,华能国际
202310,华福证券,601512.SH,中新集团
202310,华福证券,601600.SH,中国铝业
202310,华福证券,601872.SH,招商轮船
202310,华福证券,603345.SH,安井食品
202310,华金证券,000893.SZ,亚钾国际
202310,华金证券,000963.SZ,华东医药
202310,华金证券,002846.SZ,英联股份
202310,华金证券,300182.SZ,捷成股份
202310,华金证券,300662.SZ,科锐国际
202310,华金证券,300700.SZ,岱勒新材
202310,华金证券,300818.SZ,耐普矿机
202310,华金证券,301195.SZ,北路智控
202310,华金证券,603501.SH,韦尔股份
202310,华金证券,688111.SH,金山办公
202310,华金证券,688169.SH,石头科技
202310,华金证券,688618.SH,三旺通信
202310,国信证券,000713.SZ,丰乐种业
202310,国信证券,002142.SZ,宁波银行
202310,国信证券,002154.SZ,报喜鸟
202310,国信证券,002668.SZ,奥马电器
202310,国信证券,300601.SZ,康泰生物
202310,国信证券,600809.SH,山西汾酒
202310,国信证券,601628.SH,中国人寿
202310,国信证券,601799.SH,星宇股份
202310,国信证券,688111.SH,金山办公
202310,国信证券,688475.SH,萤石网络
202310,国元证券,002472.SZ,双环传动
202310,国元证券,600887.SH,伊利股份
202310,国元证券,603198.SH,迎驾贡酒
202310,国元证券,688208.SH,道通科技
202310,国元证券,688498.SH,源杰科技
202310,国联证券,000733.SZ,振华科技
202310,国联证券,002276.SZ,万马股份
202310,国联证券,002983.SZ,芯瑞达
202310,国联证券,600079.SH,人福医药
202310,国联证券,600150.SH,中国船舶
202310,国联证券,603197.SH,保隆科技
202310,国联证券,603369.SH,今世缘
202310,国联证券,688169.SH,石头科技
202310,国联证券,688676.SH,金盘科技
202310,国联证券,688698.SH,伟创电气
202310,山西证券,002567.SZ,唐人神
202310,山西证券,002867.SZ,周大生
202310,山西证券,600732.SH,爱旭股份
202310,山西证券,600941.SH,中国移动
202310,山西证券,601319.SH,中国人保
202310,山西证券,603369.SH,今世缘
202310,山西证券,688697.SH,纽威数控
202310,平安证券,000625.SZ,长安汽车
202310,平安证券,002230.SZ,科大讯飞
202310,平安证券,300476.SZ,胜宏科技
202310,平安证券,300705.SZ,九典制药
202310,平安证券,300782.SZ,卓胜微
202310,平安证券,601088.SH,中国神华
202310,平安证券,601601.SH,中国太保
202310,平安证券,603197.SH,保隆科技
202310,平安证券,688498.SH,源杰科技
202310,平安证券,688603.SH,天承科技
202310,开源证券,002896.SZ,中大力德
202310,开源证券,002920.SZ,德赛西威
202310,开源证券,300494.SZ,盛天网络
202310,开源证券,300750.SZ,宁德时代
202310,开源证券,301188.SZ,力诺特玻
202310,开源证券,600519.SH,贵州茅台
202310,开源证券,600584.SH,长电科技
202310,开源证券,601577.SH,长沙银行
202310,开源证券,603225.SH,新凤鸣
202310,开源证券,688169.SH,石头科技
202310,德邦证券,000035.SZ,中国天楹
202310,德邦证券,000568.SZ,泸州老窖
202310,德邦证券,000786.SZ,北新建材
202310,德邦证券,002517.SZ,恺英网络
202310,德邦证券,002859.SZ,洁美科技
202310,德邦证券,300406.SZ,九强生物
202310,德邦证券,300840.SZ,酷特智能
202310,德邦证券,688073.SH,毕得医药
202310,德邦证券,688169.SH,石头科技
202310,德邦证券,688378.SH,奥来德
202310,民生证券,300260.SZ,新莱应材
202310,民生证券,300413.SZ,芒果超媒
202310,民生证券,300609.SZ,汇纳科技
202310,民生证券,301272.SZ,英华特
202310,民生证券,600415.SH,小商品城
202310,民生证券,600546.SH,山煤国际
202310,民生证券,600862.SH,中航高科
202310,民生证券,603993.SH,洛阳钼业
202310,浙商证券,002230.SZ,科大讯飞
202310,浙商证券,002299.SZ,圣农发展
202310,浙商证券,002463.SZ,沪电股份
202310,浙商证券,300213.SZ,佳讯飞鸿
202310,浙商证券,600729.SH,重庆百货
202310,浙商证券,601688.SH,华泰证券
202310,浙商证券,603666.SH,亿嘉和
202310,浙商证券,605128.SH,上海沿浦
202310,浙商证券,688111.SH,金山办公
202310,浙商证券,688153.SH,唯捷创芯
202310,申万宏源,002027.SZ,分众传媒
202310,申万宏源,002475.SZ,立讯精密
202310,申万宏源,301276.SZ,嘉曼服饰
202310,申万宏源,600276.SH,恒瑞医药
202310,申万宏源,600603.SH,广汇物流
202310,申万宏源,600760.SH,中航沈飞
202310,申万宏源,601528.SH,瑞丰银行
202310,申万宏源,603171.SH,税友股份
202310,申万宏源,688475.SH,萤石网络
202311,东兴证券,002387.SZ,维信诺
202311,东兴证券,600233.SH,圆通速递
202311,东兴证券,600519.SH,贵州茅台
202311,东兴证券,600529.SH,山东药玻
202311,东兴证券,600926.SH,杭州银行
202311,东兴证券,600938.SH,中国海油
202311,东兴证券,601028.SH,玉龙股份
202311,东海证券,000516.SZ,国际医学
202311,东海证券,300761.SZ,立华股份
202311,东海证券,600160.SH,巨化股份
202311,东海证券,600200.SH,江苏吴中
202311,东海证券,600583.SH,海油工程
202311,东海证券,601128.SH,常熟银行
202311,东海证券,603197.SH,保隆科技
202311,东海证券,688146.SH,中船特气
202311,东海证券,688389.SH,普门科技
202311,东海证券,688475.SH,萤石网络
202311,中信证券,000625.SZ,长安汽车
202311,中信证券,002965.SZ,祥鑫科技
202311,中信证券,300760.SZ,迈瑞医疗
202311,中信证券,301051.SZ,信濠光电
202311,中信证券,600206.SH,有研新材
202311,中信证券,603259.SH,药明康德
202311,中信证券,603501.SH,韦尔股份
202311,中信证券,688041.SH,海光信息
202311,中信证券,688382.SH,益方生物-U
202311,中信证券,688596.SH,正帆科技
202311,中泰证券,000625.SZ,长安汽车
202311,中泰证券,000807.SZ,云铝股份
202311,中泰证券,000975.SZ,银泰黄金
202311,中泰证券,002142.SZ,宁波银行
202311,中泰证券,600129.SH,太极集团
202311,中泰证券,600229.SH,城市传媒
202311,中泰证券,601601.SH,中国太保
202311,中泰证券,603348.SH,文灿股份
202311,中邮证券,002373.SZ,千方科技
202311,中邮证券,002531.SZ,天顺风能
202311,中邮证券,003000.SZ,劲仔食品
202311,中邮证券,300498.SZ,温氏股份
202311,中邮证券,300893.SZ,松原股份
202311,中邮证券,300979.SZ,华利集团
202311,中邮证券,301095.SZ,广立微
202311,中邮证券,600215.SH,派斯林
202311,中邮证券,603612.SH,索通发展
202311,中邮证券,605068.SH,明新旭腾
202311,信达证券,000530.SZ,冰山冷热
202311,信达证券,002463.SZ,沪电股份
202311,信达证券,300482.SZ,万孚生物
202311,信达证券,300750.SZ,宁德时代
202311,信达证券,300926.SZ,博俊科技
202311,信达证券,300972.SZ,万辰集团
202311,信达证券,600188.SH,兖矿能源
202311,信达证券,600256.SH,广汇能源
202311,信达证券,600583.SH,海油工程
202311,信达证券,601058.SH,赛轮轮胎
202311,光大证券,001914.SZ,招商积余
202311,光大证券,002020.SZ,京新药业
202311,光大证券,002541.SZ,鸿路钢构
202311,光大证券,300750.SZ,宁德时代
202311,光大证券,300782.SZ,卓胜微
202311,光大证券,600028.SH,中国石化
202311,光大证券,600050.SH,中国联通
202311,光大证券,601857.SH,中国石油
202311,光大证券,603345.SH,安井食品
202311,光大证券,688569.SH,铁科轨道
202311,华安证券,000034.SZ,神州数码
202311,华安证券,000596.SZ,古井贡酒
202311,华安证券,000837.SZ,秦川机床
202311,华安证券,002475.SZ,立讯精密
202311,华安证券,002785.SZ,万里石
202311,华安证券,300015.SZ,爱尔眼科
202311,华安证券,300394.SZ,天孚通信
202311,华安证券,300750.SZ,宁德时代
202311,华安证券,603197.SH,保隆科技
202311,华安证券,688065.SH,凯赛生物
202311,华福证券,000858.SZ,五粮液
202311,华福证券,002027.SZ,分众传媒
202311,华福证券,002568.SZ,百润股份
202311,华福证券,002891.SZ,中宠股份
202311,华福证券,300274.SZ,阳光电源
202311,华福证券,300750.SZ,宁德时代
202311,华福证券,600011.SH,华能国际
202311,华福证券,601600.SH,中国铝业
202311,华福证券,688596.SH,正帆科技
202311,华福证券,688677.SH,海泰新光
202311,国信证券,002920.SZ,德赛西威
202311,国信证券,300355.SZ,蒙草生态
202311,国信证券,300638.SZ,广和通
202311,国信证券,301391.SZ,卡莱特
202311,国信证券,600026.SH,中远海能
202311,国信证券,600595.SH,中孚实业
202311,国信证券,600801.SH,华新水泥
202311,国信证券,600809.SH,山西汾酒
202311,国信证券,605287.SH,德才股份
202311,国海证券,002044.SZ,美年健康
202311,国海证券,300129.SZ,泰胜风能
202311,国海证券,300339.SZ,润和软件
202311,国海证券,300498.SZ,温氏股份
202311,国海证券,600011.SH,华能国际
202311,国海证券,600026.SH,中远海能
202311,国海证券,600256.SH,广汇能源
202311,国海证券,600309.SH,万华化学
202311,国海证券,600519.SH,贵州茅台
202311,国海证券,600745.SH,闻泰科技
202311,安信证券,000933.SZ,神火股份
202311,安信证券,002517.SZ,恺英网络
202311,安信证券,002659.SZ,凯文教育
202311,安信证券,002790.SZ,瑞尔特
202311,安信证券,002821.SZ,凯莱英
202311,安信证券,002847.SZ,盐津铺子
202311,安信证券,600183.SH,生益科技
202311,安信证券,603056.SH,德邦股份
202311,安信证券,603338.SH,浙江鼎力
202311,安信证券,688122.SH,西部超导
202311,山西证券,000035.SZ,中国天楹
202311,山西证券,002567.SZ,唐人神
202311,山西证券,600256.SH,广汇能源
202311,山西证券,600435.SH,北方导航
202311,山西证券,601336.SH,新华保险
202311,山西证券,688630.SH,芯碁微装
202311,平安证券,000625.SZ,长安汽车
202311,平安证券,002675.SZ,东诚药业
202311,平安证券,600114.SH,东睦股份
202311,平安证券,600115.SH,中国东航
202311,平安证券,600809.SH,山西汾酒
202311,平安证券,601088.SH,中国神华
202311,平安证券,603197.SH,保隆科技
202311,平安证券,688072.SH,拓荆科技
202311,平安证券,688581.SH,安杰思
202311,平安证券,688603.SH,天承科技
202311,开源证券,000893.SZ,亚钾国际
202311,开源证券,002840.SZ,华统股份
202311,开源证券,002896.SZ,中大力德
202311,开源证券,002920.SZ,德赛西威
202311,开源证券,300494.SZ,盛天网络
202311,开源证券,600584.SH,长电科技
202311,开源证券,600809.SH,山西汾酒
202311,开源证券,688111.SH,金山办公
202311,开源证券,688169.SH,石头科技
202311,德邦证券,000568.SZ,泸州老窖
202311,德邦证券,002517.SZ,恺英网络
202311,德邦证券,002859.SZ,洁美科技
202311,德邦证券,300435.SZ,中泰股份
202311,德邦证券,301498.SZ,乖宝宠物
202311,德邦证券,600211.SH,西藏药业
202311,德邦证券,600422.SH,昆药集团
202311,德邦证券,688169.SH,石头科技
202311,民生证券,002123.SZ,梦网科技
202311,民生证券,002714.SZ,牧原股份
202311,民生证券,002955.SZ,鸿合科技
202311,民生证券,300662.SZ,科锐国际
202311,民生证券,600276.SH,恒瑞医药
202311,民生证券,601001.SH,晋控煤业
202311,民生证券,603993.SH,洛阳钼业
202311,民生证券,605589.SH,圣泉集团
202311,民生证券,688378.SH,奥来德
202311,民生证券,688636.SH,智明达
202311,海通证券,000338.SZ,潍柴动力
202311,海通证券,003031.SZ,中瓷电子
202311,海通证券,300130.SZ,新国都
202311,海通证券,600406.SH,国电南瑞
202311,海通证券,600498.SH,烽火通信
202311,海通证券,600926.SH,杭州银行
202311,海通证券,601628.SH,中国人寿
202311,海通证券,603529.SH,爱玛科技
202311,海通证券,603596.SH,伯特利
202311,申万宏源,002244.SZ,滨江集团
202311,申万宏源,002475.SZ,立讯精密
202311,申万宏源,301004.SZ,嘉益股份
202311,申万宏源,600276.SH,恒瑞医药
202311,申万宏源,600509.SH,天富能源
202311,申万宏源,600760.SH,中航沈飞
202311,申万宏源,603128.SH,华贸物流
202311,申万宏源,603993.SH,洛阳钼业
202311,申万宏源,688507.SH,索辰科技
202311,西部证券,002027.SZ,分众传媒
202311,西部证券,002601.SZ,龙佰集团
202311,西部证券,002960.SZ,青鸟消防
202311,西部证券,300122.SZ,智飞生物
202311,西部证券,300653.SZ,正海生物
202311,西部证券,300719.SZ,安达维尔
202311,西部证券,600522.SH,中天科技
202311,西部证券,601688.SH,华泰证券
202311,西部证券,603297.SH,永新光学
202311,西部证券,603477.SH,巨星农牧
202311,财通证券,000568.SZ,泸州老窖
202311,财通证券,002271.SZ,东方雨虹
202311,财通证券,002463.SZ,沪电股份
202311,财通证券,002990.SZ,盛视科技
202311,财通证券,300750.SZ,宁德时代
202311,财通证券,600547.SH,山东黄金
202311,财通证券,600919.SH,江苏银行
202311,财通证券,688033.SH,天宜上佳
202311,财通证券,688041.SH,海光信息
202312,东海证券,002648.SZ,卫星化学
202312,东海证券,300761.SZ,立华股份
202312,东海证券,600160.SH,巨化股份
202312,东海证券,601128.SH,常熟银行
202312,东海证券,601689.SH,拓普集团
202312,东海证券,603883.SH,老百姓
202312,东海证券,603915.SH,国茂股份
202312,东海证券,688110.SH,东芯股份
202312,东海证券,688262.SH,国芯科技
202312,东海证券,688278.SH,特宝生物
202312,中信建投,002920.SZ,德赛西威
202312,中信建投,301239.SZ,普瑞眼科
202312,中信建投,600012.SH,皖通高速
202312,中信建投,600114.SH,东睦股份
202312,中信建投,600633.SH,浙数文化
202312,中信建投,600895.SH,张江高科
202312,中信建投,603606.SH,东方电缆
202312,中信建投,603816.SH,顾家家居
202312,中信建投,603939.SH,益丰药房
202312,中信建投,688617.SH,惠泰医疗
202312,中信证券,002402.SZ,和而泰
202312,中信证券,002600.SZ,领益智造
202312,中信证券,300285.SZ,国瓷材料
202312,中信证券,301031.SZ,中熔电气
202312,中信证券,301389.SZ,隆扬电子
202312,中信证券,600062.SH,华润双鹤
202312,中信证券,600588.SH,用友网络
202312,中信证券,600867.SH,通化东宝
202312,中信证券,603730.SH,岱美股份
202312,中信证券,603979.SH,金诚信
202312,中国银河,000983.SZ,山西焦煤
202312,中国银河,001380.SZ,华纬科技
202312,中国银河,300244.SZ,迪安诊断
202312,中国银河,600030.SH,中信证券
202312,中国银河,600941.SH,中国移动
202312,中国银河,600989.SH,宝丰能源
202312,中国银河,603198.SH,迎驾贡酒
202312,中国银河,688035.SH,德邦科技
202312,中国银河,688132.SH,邦彦技术
202312,中国银河,688246.SH,嘉和美康
202312,中银证券,003031.SZ,中瓷电子
202312,中银证券,300873.SZ,海晨股份
202312,中银证券,601233.SH,桐昆股份
202312,中银证券,688019.SH,安集科技
202312,中银证券,688168.SH,安博通
202312,中银证券,688198.SH,佰仁医疗
202312,中银证券,688630.SH,芯碁微装
202312,中银证券,688700.SH,东威科技
202312,光大证券,000625.SZ,长安汽车
202312,光大证券,002603.SZ,以岭药业
202312,光大证券,600028.SH,中国石化
202312,光大证券,600050.SH,中国联通
202312,光大证券,600131.SH,国网信通
202312,光大证券,600941.SH,中国移动
202312,光大证券,601155.SH,新城控股
202312,光大证券,601857.SH,中国石油
202312,光大证券,603300.SH,华铁应急
202312,光大证券,688378.SH,奥来德
202312,兴业证券,000333.SZ,美的集团
202312,兴业证券,000568.SZ,泸州老窖
202312,兴业证券,003031.SZ,中瓷电子
202312,兴业证券,600276.SH,恒瑞医药
202312,兴业证券,600399.SH,抚顺特钢
202312,兴业证券,600426.SH,华鲁恒升
202312,兴业证券,601633.SH,长城汽车
202312,兴业证券,601688.SH,华泰证券
202312,兴业证券,688041.SH,海光信息
202312,兴业证券,688548.SH,广钢气体
202312,华泰证券,000039.SZ,中集集团
202312,华泰证券,002714.SZ,牧原股份
202312,华泰证券,002935.SZ,天奥电子
202312,华泰证券,300496.SZ,中科创达
202312,华泰证券,301308.SZ,江波龙
202312,华泰证券,600160.SH,巨化股份
202312,华泰证券,600456.SH,宝钛股份
202312,华泰证券,601088.SH,中国神华
202312,华泰证券,601288.SH,农业银行
202312,华泰证券,688220.SH,翱捷科技-U
202312,国信证券,002840.SZ,华统股份
202312,国信证券,300122.SZ,智飞生物
202312,国信证券,300415.SZ,伊之密
202312,国信证券,301391.SZ,卡莱特
202312,国信证券,601567.SH,三星医疗
202312,国信证券,601689.SH,拓普集团
202312,国信证券,605016.SH,百龙创园
202312,国信证券,688046.SH,药康生物
202312,国信证券,688676.SH,金盘科技
202312,国海证券,300498.SZ,温氏股份
202312,国海证券,300580.SZ,贝斯特
202312,国海证券,300602.SZ,飞荣达
202312,国海证券,600519.SH,贵州茅台
202312,国海证券,600612.SH,老凤祥
202312,国海证券,600989.SH,宝丰能源
202312,国海证券,601699.SH,潞安环能
202312,国海证券,603885.SH,吉祥航空
202312,国海证券,688234.SH,天岳先进
202312,国海证券,688687.SH,凯因科技
202312,太平洋,001339.SZ,智微智能
202312,太平洋,002028.SZ,思源电气
202312,太平洋,002100.SZ,天康生物
202312,太平洋,300482.SZ,万孚生物
202312,太平洋,300795.SZ,米奥会展
202312,太平洋,600029.SH,南方航空
202312,太平洋,603093.SH,南华期货
202312,太平洋,603556.SH,海兴电力
202312,太平洋,605499.SH,东鹏饮料
202312,太平洋,688180.SH,君实生物-U
202312,山西证券,001270.SZ,铖昌科技
202312,山西证券,002567.SZ,唐人神
202312,山西证券,301283.SZ,聚胶股份
202312,山西证券,600435.SH,北方导航
202312,山西证券,600699.SH,均胜电子
202312,山西证券,600809.SH,山西汾酒
202312,山西证券,601225.SH,陕西煤业
202312,山西证券,601666.SH,平煤股份
202312,山西证券,605177.SH,东亚药业
202312,平安证券,000625.SZ,长安汽车
202312,平安证券,000887.SZ,中鼎股份
202312,平安证券,600114.SH,东睦股份
202312,平安证券,600519.SH,贵州茅台
202312,平安证券,601088.SH,中国神华
202312,平安证券,601111.SH,中国国航
202312,平安证券,603707.SH,健友股份
202312,平安证券,688072.SH,拓荆科技
202312,平安证券,688150.SH,莱特光电
202312,平安证券,688581.SH,安杰思
202312,开源证券,001979.SZ,招商蛇口
202312,开源证券,002896.SZ,中大力德
202312,开源证券,002920.SZ,德赛西威
202312,开源证券,300494.SZ,盛天网络
202312,开源证券,300996.SZ,普联软件
202312,开源证券,600256.SH,广汇能源
202312,开源证券,600809.SH,山西汾酒
202312,开源证券,603379.SH,三美股份
202312,开源证券,603477.SH,巨星农牧
202312,开源证券,688169.SH,石头科技
202312,方正证券,000625.SZ,长安汽车
202312,方正证券,002011.SZ,盾安环境
202312,方正证券,002465.SZ,海格通信
202312,方正证券,002847.SZ,盐津铺子
202312,方正证券,300298.SZ,三诺生物
202312,方正证券,300820.SZ,英杰电气
202312,方正证券,601881.SH,中国银河
202312,方正证券,603477.SH,巨星农牧
202312,方正证券,603501.SH,韦尔股份
202312,民生证券,002555.SZ,三七互娱
202312,民生证券,300366.SZ,创意信息
202312,民生证券,300593.SZ,新雷能
202312,民生证券,600546.SH,山煤国际
202312,民生证券,603345.SH,安井食品
202312,民生证券,603993.SH,洛阳钼业
202312,民生证券,688401.SH,路维光电
202312,民生证券,688668.SH,鼎通科技
202312,申万宏源,000862.SZ,银星能源
202312,申万宏源,002011.SZ,盾安环境
202312,申万宏源,002244.SZ,滨江集团
202312,申万宏源,002843.SZ,泰嘉股份
202312,申万宏源,002966.SZ,苏州银行
202312,申万宏源,600276.SH,恒瑞医药
202312,申万宏源,601702.SH,华峰铝业
202312,申万宏源,603128.SH,华贸物流
202312,申万宏源,603171.SH,税友股份
202312,西部证券,002149.SZ,西部材料
202312,西部证券,300122.SZ,智飞生物
202312,西部证券,300496.SZ,中科创达
202312,西部证券,301260.SZ,格力博
202312,西部证券,600519.SH,贵州茅台
202312,西部证券,603297.SH,永新光学
202312,西部证券,603612.SH,索通发展
202312,西部证券,688123.SH,聚辰股份
202312,西部证券,688269.SH,凯立新材
202401,东兴证券,000786.SZ,北新建材
202401,东兴证券,002074.SZ,国轩高科
202401,东兴证券,600519.SH,贵州茅台
202401,东兴证券,600919.SH,江苏银行
202401,东兴证券,603008.SH,喜临门
202401,东兴证券,603040.SH,新坐标
202401,东兴证券,688496.SH,清越科技
202401,东吴证券,000568.SZ,泸州老窖
202401,东吴证券,002241.SZ,歌尔股份
202401,东吴证券,002653.SZ,海思科
202401,东吴证券,300212.SZ,易华录
202401,东吴证券,300274.SZ,阳光电源
202401,东吴证券,300751.SZ,迈为股份
202401,东吴证券,600900.SH,长江电力
202401,东吴证券,600938.SH,中国海油
202401,东吴证券,688037.SH,芯源微
202401,东吴证券,688234.SH,天岳先进
202401,东海证券,002142.SZ,宁波银行
202401,东海证券,002493.SZ,荣盛石化
202401,东海证券,300761.SZ,立华股份
202401,东海证券,600160.SH,巨化股份
202401,东海证券,601689.SH,拓普集团
202401,东海证券,603345.SH,安井食品
202401,东海证券,603915.SH,国茂股份
202401,东海证券,603939.SH,益丰药房
202401,东海证券,688076.SH,诺泰生物
202401,东海证券,688110.SH,东芯股份
202401,中国银河证券,000543.SZ,皖能电力
202401,中国银河证券,000983.SZ,山西焦煤
202401,中国银河证券,002698.SZ,博实股份
202401,中国银河证券,300036.SZ,超图软件
202401,中国银河证券,600916.SH,中国黄金
202401,中国银河证券,600941.SH,中国移动
202401,中国银河证券,600989.SH,宝丰能源
202401,中国银河证券,603882.SH,金域医学
202401,中国银河证券,688132.SH,邦彦技术
202401,中国银河证券,688390.SH,固德威
202401,中泰证券,000625.SZ,长安汽车
202401,中泰证券,000975.SZ,银泰黄金
202401,中泰证券,300833.SZ,浩洋股份
202401,中泰证券,301261.SZ,恒工精密
202401,中泰证券,600188.SH,兖矿能源
202401,中泰证券,600919.SH,江苏银行
202401,中航证券,000034.SZ,神州数码
202401,中航证券,002714.SZ,牧原股份
202401,中航证券,300308.SZ,中际旭创
202401,中航证券,300842.SZ,帝科股份
202401,中航证券,600030.SH,中信证券
202401,中航证券,600535.SH,天士力
202401,中航证券,600893.SH,航发动力
202401,中航证券,601698.SH,中国卫通
202401,中航证券,601888.SH,中国中免
202401,中航证券,688122.SH,西部超导
202401,中航证券,688516.SH,奥特维
202401,中邮证券,000403.SZ,派林生物
202401,中邮证券,000596.SZ,古井贡酒
202401,中邮证券,003033.SZ,征和工业
202401,中邮证券,300034.SZ,钢研高纳
202401,中邮证券,300979.SZ,华利集团
202401,中邮证券,601021.SH,春秋航空
202401,中邮证券,603296.SH,华勤技术
202401,中邮证券,603345.SH,安井食品
202401,中邮证券,603833.SH,欧派家居
202401,中邮证券,605117.SH,德业股份
202401,信达证券,002463.SZ,沪电股份
202401,信达证券,300750.SZ,宁德时代
202401,信达证券,300972.SZ,万辰集团
202401,信达证券,600188.SH,兖矿能源
202401,信达证券,600256.SH,广汇能源
202401,信达证券,600583.SH,海油工程
202401,信达证券,600603.SH,广汇物流
202401,信达证券,600765.SH,中航重机
202401,信达证券,601058.SH,赛轮轮胎
202401,信达证券,605098.SH,行动教育
202401,光大证券,002541.SZ,鸿路钢构
202401,光大证券,300596.SZ,利安隆
202401,光大证券,300761.SZ,立华股份
202401,光大证券,600050.SH,中国联通
202401,光大证券,600161.SH,天坛生物
202401,光大证券,600941.SH,中国移动
202401,光大证券,600975.SH,新五丰
202401,光大证券,601857.SH,中国石油
202401,光大证券,601899.SH,紫金矿业
202401,光大证券,688378.SH,奥来德
202401,华安证券,000596.SZ,古井贡酒
202401,华安证券,000831.SZ,中国稀土
202401,华安证券,002648.SZ,卫星化学
202401,华安证券,300498.SZ,温氏股份
202401,华安证券,301153.SZ,中科江南
202401,华安证券,603298.SH,杭叉集团
202401,华安证券,605128.SH,上海沿浦
202401,华安证券,688008.SH,澜起科技
202401,华安证券,688266.SH,泽璟制药-U
202401,国元证券,002487.SZ,大金重工
202401,国元证券,301033.SZ,迈普医学
202401,国元证券,600396.SH,*ST金山
202401,国元证券,600699.SH,均胜电子
202401,国元证券,600887.SH,伊利股份
202401,国元证券,603198.SH,迎驾贡酒
202401,国元证券,603605.SH,珀莱雅
202401,国元证券,688439.SH,振华风光
202401,国投证券,000408.SZ,藏格矿业
202401,国投证券,002439.SZ,启明星辰
202401,国投证券,002659.SZ,凯文教育
202401,国投证券,300408.SZ,三环集团
202401,国投证券,300413.SZ,芒果超媒
202401,国投证券,300833.SZ,浩洋股份
202401,国投证券,600761.SH,安徽合力
202401,国投证券,603369.SH,今世缘
202401,国投证券,688139.SH,海尔生物
202401,国投证券,688337.SH,普源精电
202401,国金证券,000661.SZ,长春高新
202401,国金证券,000975.SZ,银泰黄金
202401,国金证券,002463.SZ,沪电股份
202401,国金证券,600150.SH,中国船舶
202401,国金证券,600183.SH,生益科技
202401,国金证券,600941.SH,中国移动
202401,国金证券,601021.SH,春秋航空
202401,国金证券,688062.SH,迈威生物-U
202401,国金证券,688320.SH,禾川科技
202401,国金证券,688777.SH,中控技术
202401,山西证券,002567.SZ,唐人神
202401,山西证券,300583.SZ,赛托生物
202401,山西证券,301377.SZ,鼎泰高科
202401,山西证券,600426.SH,华鲁恒升
202401,山西证券,600732.SH,爱旭股份
202401,山西证券,601088.SH,中国神华
202401,山西证券,601595.SH,上海电影
202401,山西证券,688352.SH,颀中科技
202401,平安证券,000625.SZ,长安汽车
202401,平安证券,001309.SZ,德明利
202401,平安证券,002475.SZ,立讯精密
202401,平安证券,600547.SH,山东黄金
202401,平安证券,600938.SH,中国海油
202401,平安证券,601088.SH,中国神华
202401,平安证券,603197.SH,保隆科技
202401,平安证券,603707.SH,健友股份
202401,平安证券,688072.SH,拓荆科技
202401,平安证券,688581.SH,安杰思
202401,开源证券,000975.SZ,银泰黄金
202401,开源证券,002920.SZ,德赛西威
202401,开源证券,300750.SZ,宁德时代
202401,开源证券,300795.SZ,米奥会展
202401,开源证券,301377.SZ,鼎泰高科
202401,开源证券,600256.SH,广汇能源
202401,开源证券,600584.SH,长电科技
202401,开源证券,688520.SH,神州细胞-U
202401,开源证券,688550.SH,瑞联新材
202401,德邦证券,002517.SZ,恺英网络
202401,德邦证券,002675.SZ,东诚药业
202401,德邦证券,300435.SZ,中泰股份
202401,德邦证券,600150.SH,中国船舶
202401,德邦证券,601666.SH,平煤股份
202401,德邦证券,603998.SH,方盛制药
202401,德邦证券,688169.SH,石头科技
202401,德邦证券,688256.SH,寒武纪-U
202401,民生证券,000625.SZ,长安汽车
202401,民生证券,000921.SZ,海信家电
202401,民生证券,002840.SZ,华统股份
202401,民生证券,600754.SH,锦江酒店
202401,民生证券,601100.SH,恒立液压
202401,民生证券,601225.SH,陕西煤业
202401,民生证券,603322.SH,超讯通信
202401,民生证券,603993.SH,洛阳钼业
202401,民生证券,688668.SH,鼎通科技
202401,民生证券,688676.SH,金盘科技
202401,浙商证券,000596.SZ,古井贡酒
202401,浙商证券,002156.SZ,通富微电
202401,浙商证券,002925.SZ,盈趣科技
202401,浙商证券,600285.SH,羚锐制药
202401,浙商证券,601890.SH,亚星锚链
202401,浙商证券,601899.SH,紫金矿业
202401,浙商证券,603518.SH,锦泓集团
202401,浙商证券,603666.SH,亿嘉和
202401,浙商证券,688249.SH,晶合集成
202401,浙商证券,688579.SH,山大地纬
202401,西部证券,000810.SZ,创维数字
202401,西部证券,000933.SZ,神火股份
202401,西部证券,002149.SZ,西部材料
202401,西部证券,002276.SZ,万马股份
202401,西部证券,002402.SZ,和而泰
202401,西部证券,002960.SZ,青鸟消防
202401,西部证券,301397.SZ,溯联股份
202401,西部证券,600764.SH,中国海防
202401,西部证券,688072.SH,拓荆科技
202401,西部证券,688167.SH,炬光科技
202402,中国银河,000801.SZ,四川九洲
202402,中国银河,300036.SZ,超图软件
202402,中国银河,600029.SH,南方航空
202402,中国银河,600489.SH,中金黄金
202402,中国银河,600519.SH,贵州茅台
202402,中国银河,600674.SH,川投能源
202402,中国银河,600941.SH,中国移动
202402,中国银河,600989.SH,宝丰能源
202402,中国银河,601128.SH,常熟银行
202402,中国银河,601898.SH,中煤能源
202402,中泰证券,600188.SH,兖矿能源
202402,中泰证券,600229.SH,城市传媒
202402,中泰证券,601019.SH,山东出版
202402,中泰证券,601021.SH,春秋航空
202402,中泰证券,601077.SH,渝农商行
202402,中泰证券,601601.SH,中国太保
202402,中泰证券,601886.SH,江河集团
202402,光大证券,000157.SZ,中联重科
202402,光大证券,300498.SZ,温氏股份
202402,光大证券,600050.SH,中国联通
202402,光大证券,600161.SH,天坛生物
202402,光大证券,600938.SH,中国海油
202402,光大证券,600941.SH,中国移动
202402,光大证券,600975.SH,新五丰
202402,光大证券,601169.SH,北京银行
202402,光大证券,601857.SH,中国石油
202402,光大证券,603977.SH,国泰集团
202402,兴业证券,000333.SZ,美的集团
202402,兴业证券,002517.SZ,恺英网络
202402,兴业证券,600027.SH,华电国际
202402,兴业证券,600276.SH,恒瑞医药
202402,兴业证券,600312.SH,平高电气
202402,兴业证券,601390.SH,中国中铁
202402,兴业证券,601688.SH,华泰证券
202402,兴业证券,601728.SH,中国电信
202402,兴业证券,601857.SH,中国石油
202402,兴业证券,688041.SH,海光信息
202402,华安证券,000921.SZ,海信家电
202402,华安证券,000933.SZ,神火股份
202402,华安证券,002142.SZ,宁波银行
202402,华安证券,002648.SZ,卫星化学
202402,华安证券,300698.SZ,万马科技
202402,华安证券,600547.SH,山东黄金
202402,华安证券,600699.SH,均胜电子
202402,华安证券,600887.SH,伊利股份
202402,华安证券,688008.SH,澜起科技
202402,华泰证券,000786.SZ,北新建材
202402,华泰证券,000923.SZ,河钢资源
202402,华泰证券,300017.SZ,网宿科技
202402,华泰证券,600036.SH,招商银行
202402,华泰证券,600820.SH,隧道股份
202402,华泰证券,600887.SH,伊利股份
202402,华泰证券,601156.SH,东航物流
202402,华泰证券,601800.SH,中国交建
202402,华泰证券,603993.SH,洛阳钼业
202402,华泰证券,688472.SH,阿特斯
202402,华鑫证券,002156.SZ,通富微电
202402,华鑫证券,300693.SZ,盛弘股份
202402,华鑫证券,300812.SZ,易天股份
202402,华鑫证券,600050.SH,中国联通
202402,华鑫证券,600415.SH,小商品城
202402,华鑫证券,600489.SH,中金黄金
202402,华鑫证券,600938.SH,中国海油
202402,华鑫证券,601163.SH,三角轮胎
202402,华鑫证券,603369.SH,今世缘
202402,华鑫证券,688253.SH,英诺特
202402,国信证券,002138.SZ,顺络电子
202402,国信证券,002154.SZ,报喜鸟
202402,国信证券,600027.SH,华电国际
202402,国信证券,600690.SH,海尔智家
202402,国信证券,600729.SH,重庆百货
202402,国信证券,601111.SH,中国国航
202402,国信证券,601601.SH,中国太保
202402,国信证券,688212.SH,澳华内镜
202402,国投证券,300308.SZ,中际旭创
202402,国投证券,300413.SZ,芒果超媒
202402,国投证券,600060.SH,海信视像
202402,国投证券,600131.SH,国网信通
202402,国投证券,600941.SH,中国移动
202402,国投证券,601100.SH,恒立液压
202402,国投证券,601390.SH,中国中铁
202402,国投证券,601628.SH,中国人寿
202402,国投证券,688253.SH,英诺特
202402,国海证券,000999.SZ,华润三九
202402,国海证券,002230.SZ,科大讯飞
202402,国海证券,600011.SH,华能国际
202402,国海证券,600026.SH,中远海能
202402,国海证券,600028.SH,中国石化
202402,国海证券,600312.SH,平高电气
202402,国海证券,600612.SH,老凤祥
202402,国海证券,600933.SH,爱柯迪
202402,国海证券,601898.SH,中煤能源
202402,国海证券,688480.SH,赛恩斯
202402,国联证券,002847.SZ,盐津铺子
202402,国联证券,300308.SZ,中际旭创
202402,国联证券,300413.SZ,芒果超媒
202402,国联证券,300842.SZ,帝科股份
202402,国联证券,600030.SH,中信证券
202402,国联证券,600060.SH,海信视像
202402,国联证券,600764.SH,中国海防
202402,国联证券,601985.SH,中国核电
202402,国联证券,603019.SH,中科曙光
202402,国联证券,603993.SH,洛阳钼业
202402,国金证券,000157.SZ,中联重科
202402,国金证券,000801.SZ,四川九洲
202402,国金证券,002155.SZ,湖南黄金
202402,国金证券,002463.SZ,沪电股份
202402,国金证券,002517.SZ,恺英网络
202402,国金证券,300274.SZ,阳光电源
202402,国金证券,300832.SZ,新产业
202402,国金证券,601500.SH,通用股份
202402,国金证券,688278.SH,特宝生物
202402,国金证券,688318.SH,财富趋势
202402,平安证券,000999.SZ,华润三九
202402,平安证券,001309.SZ,德明利
202402,平安证券,002475.SZ,立讯精密
202402,平安证券,600066.SH,宇通客车
202402,平安证券,600547.SH,山东黄金
202402,平安证券,600887.SH,伊利股份
202402,平安证券,600938.SH,中国海油
202402,平安证券,601088.SH,中国神华
202402,平安证券,601601.SH,中国太保
202402,平安证券,603707.SH,健友股份
202402,开源证券,000960.SZ,锡业股份
202402,开源证券,002185.SZ,华天科技
202402,开源证券,002271.SZ,东方雨虹
202402,开源证券,300494.SZ,盛天网络
202402,开源证券,301096.SZ,百诚医药
202402,开源证券,600519.SH,贵州茅台
202402,开源证券,600845.SH,宝信软件
202402,开源证券,601108.SH,财通证券
202402,开源证券,601998.SH,中信银行
202402,开源证券,605333.SH,沪光股份
202402,德邦证券,000039.SZ,中集集团
202402,德邦证券,000403.SZ,派林生物
202402,德邦证券,002517.SZ,恺英网络
202402,德邦证券,300705.SZ,九典制药
202402,德邦证券,600215.SH,派斯林
202402,德邦证券,600872.SH,中炬高新
202402,德邦证券,600970.SH,中材国际
202402,德邦证券,601965.SH,中国汽研
202402,德邦证券,603193.SH,润本股份
202402,德邦证券,688169.SH,石头科技
202402,德邦证券,688256.SH,寒武纪-U
202402,德邦证券,688551.SH,科威尔
202402,民生证券,002463.SZ,沪电股份
202402,民生证券,300570.SZ,太辰光
202402,民生证券,300583.SZ,赛托生物
202402,民生证券,301291.SZ,明阳电气
202402,民生证券,600188.SH,兖矿能源
202402,民生证券,600729.SH,重庆百货
202402,民生证券,600775.SH,南京熊猫
202402,民生证券,600933.SH,爱柯迪
202402,民生证券,601225.SH,陕西煤业
202402,民生证券,603993.SH,洛阳钼业
202402,浙商证券,002493.SZ,荣盛石化
202402,浙商证券,002790.SZ,瑞尔特
202402,浙商证券,600048.SH,保利发展
202402,浙商证券,600050.SH,中国联通
202402,浙商证券,600150.SH,中国船舶
202402,浙商证券,600377.SH,宁沪高速
202402,浙商证券,601288.SH,农业银行
202402,浙商证券,601456.SH,国联证券
202402,浙商证券,601801.SH,皖新传媒
202402,浙商证券,688256.SH,寒武纪-U
202402,海通证券,000002.SZ,万科A
202402,海通证券,300130.SZ,新国都
202402,海通证券,300308.SZ,中际旭创
202402,海通证券,600023.SH,浙能电力
202402,海通证券,600729.SH,重庆百货
202402,海通证券,600803.SH,新奥股份
202402,海通证券,600919.SH,江苏银行
202402,海通证券,600926.SH,杭州银行
202402,海通证券,603871.SH,嘉友国际
202402,西南证券,000338.SZ,潍柴动力
202402,西南证券,000661.SZ,长春高新
202402,西南证券,002984.SZ,森麒麟
202402,西南证券,300761.SZ,立华股份
202402,西南证券,300871.SZ,回盛生物
202402,西南证券,600547.SH,山东黄金
202402,西南证券,600886.SH,国投电力
202402,西南证券,601985.SH,中国核电
202402,西南证券,688169.SH,石头科技
202402,西南证券,688618.SH,三旺通信
202402,首创证券,000333.SZ,美的集团
202402,首创证券,300251.SZ,光线传媒
202402,首创证券,600188.SH,兖矿能源
202402,首创证券,600285.SH,羚锐制药
202402,首创证券,600415.SH,小商品城
202402,首创证券,603993.SH,洛阳钼业
202402,首创证券,688047.SH,龙芯中科
202403,东兴证券,000786.SZ,北新建材
202403,东兴证券,301168.SZ,通灵股份
202403,东兴证券,600519.SH,贵州茅台
202403,东兴证券,601658.SH,邮储银行
202403,东兴证券,603040.SH,新坐标
202403,东兴证券,603278.SH,大业股份
202403,东兴证券,688210.SH,统联精密
202403,中信建投证券,002920.SZ,德赛西威
202403,中信建投证券,300251.SZ,光线传媒
202403,中信建投证券,300442.SZ,润泽科技
202403,中信建投证券,301095.SZ,广立微
202403,中信建投证券,600012.SH,皖通高速
202403,中信建投证券,600060.SH,海信视像
202403,中信建投证券,600114.SH,东睦股份
202403,中信建投证券,600519.SH,贵州茅台
202403,中信建投证券,600820.SH,隧道股份
202403,中信建投证券,601882.SH,海天精工
202403,中原证券,000895.SZ,双汇发展
202403,中原证券,000951.SZ,中国重汽
202403,中原证券,300073.SZ,当升科技
202403,中原证券,300251.SZ,光线传媒
202403,中原证券,300394.SZ,天孚通信
202403,中原证券,600150.SH,中国船舶
202403,中原证券,600900.SH,长江电力
202403,中原证券,601058.SH,赛轮轮胎
202403,中原证券,688041.SH,海光信息
202403,中原证券,688777.SH,中控技术
202403,中国银河,000801.SZ,四川九洲
202403,中国银河,002156.SZ,通富微电
202403,中国银河,002698.SZ,博实股份
202403,中国银河,300413.SZ,芒果超媒
202403,中国银河,600023.SH,浙能电力
202403,中国银河,600489.SH,中金黄金
202403,中国银河,600941.SH,中国移动
202403,中国银河,601898.SH,中煤能源
202403,中国银河,603596.SH,伯特利
202403,中国银河,688114.SH,华大智造
202403,中银证券,002268.SZ,电科网安
202403,中银证券,002372.SZ,伟星新材
202403,中银证券,002409.SZ,雅克科技
202403,中银证券,002531.SZ,天顺风能
202403,中银证券,300476.SZ,胜宏科技
202403,中银证券,600428.SH,中远海特
202403,中银证券,601288.SH,农业银行
202403,中银证券,603136.SH,天目湖
202403,中银证券,688198.SH,佰仁医疗
202403,中银证券,688213.SH,思特威-W
202403,光大证券,001914.SZ,招商积余
202403,光大证券,600050.SH,中国联通
202403,光大证券,600161.SH,天坛生物
202403,光大证券,600938.SH,中国海油
202403,光大证券,600941.SH,中国移动
202403,光大证券,601857.SH,中国石油
202403,光大证券,603300.SH,华铁应急
202403,光大证券,603855.SH,华荣股份
202403,光大证券,688378.SH,奥来德
202403,光大证券,688409.SH,富创精密
202403,兴业证券,000333.SZ,美的集团
202403,兴业证券,300394.SZ,天孚通信
202403,兴业证券,600027.SH,华电国际
202403,兴业证券,600276.SH,恒瑞医药
202403,兴业证券,600312.SH,平高电气
202403,兴业证券,600600.SH,青岛啤酒
202403,兴业证券,601390.SH,中国中铁
202403,兴业证券,601857.SH,中国石油
202403,兴业证券,603871.SH,嘉友国际
202403,兴业证券,688111.SH,金山办公
202403,华泰证券,000998.SZ,隆平高科
202403,华泰证券,002436.SZ,兴森科技
202403,华泰证券,002714.SZ,牧原股份
202403,华泰证券,300298.SZ,三诺生物
202403,华泰证券,300782.SZ,卓胜微
202403,华泰证券,601128.SH,常熟银行
202403,华泰证券,603993.SH,洛阳钼业
202403,华泰证券,688236.SH,春立医疗
202403,华泰证券,688270.SH,臻镭科技
202403,华泰证券,688697.SH,纽威数控
202403,华鑫证券,002456.SZ,欧菲光
202403,华鑫证券,300100.SZ,双林股份
202403,华鑫证券,300251.SZ,光线传媒
202403,华鑫证券,300782.SZ,卓胜微
202403,华鑫证券,300812.SZ,易天股份
202403,华鑫证券,600418.SH,江淮汽车
202403,华鑫证券,600938.SH,中国海油
202403,华鑫证券,603629.SH,利通电子
202403,华鑫证券,605305.SH,中际联合
202403,华鑫证券,688185.SH,康希诺
202403,国信证券,000526.SZ,学大教育
202403,国信证券,002142.SZ,宁波银行
202403,国信证券,002533.SZ,金杯电工
202403,国信证券,002920.SZ,德赛西威
202403,国信证券,300124.SZ,汇川技术
202403,国信证券,300735.SZ,光弘科技
202403,国信证券,301391.SZ,卡莱特
202403,国信证券,601966.SH,玲珑轮胎
202403,国信证券,603882.SH,金域医学
202403,国信证券,688777.SH,中控技术
202403,国联证券,000858.SZ,五粮液
202403,国联证券,000921.SZ,海信家电
202403,国联证券,000933.SZ,神火股份
202403,国联证券,000938.SZ,紫光股份
202403,国联证券,000988.SZ,华工科技
202403,国联证券,300274.SZ,阳光电源
202403,国联证券,600764.SH,中国海防
202403,国联证券,600905.SH,三峡能源
202403,国联证券,688205.SH,德科立
202403,山西证券,002299.SZ,圣农发展
202403,山西证券,300498.SZ,温氏股份
202403,山西证券,300583.SZ,赛托生物
202403,山西证券,600435.SH,北方导航
202403,山西证券,600600.SH,青岛啤酒
202403,山西证券,601088.SH,中国神华
202403,山西证券,688300.SH,联瑞新材
202403,平安证券,002230.SZ,科大讯飞
202403,平安证券,600066.SH,宇通客车
202403,平安证券,600547.SH,山东黄金
202403,平安证券,600938.SH,中国海油
202403,平安证券,601088.SH,中国神华
202403,平安证券,601988.SH,中国银行
202403,平安证券,603707.SH,健友股份
202403,平安证券,688041.SH,海光信息
202403,平安证券,688111.SH,金山办公
202403,平安证券,688351.SH,微电生理-U
202403,开源证券,002156.SZ,通富微电
202403,开源证券,002271.SZ,东方雨虹
202403,开源证券,002920.SZ,德赛西威
202403,开源证券,300488.SZ,恒锋工具
202403,开源证券,300750.SZ,宁德时代
202403,开源证券,600519.SH,贵州茅台
202403,开源证券,600547.SH,山东黄金
202403,开源证券,603225.SH,新凤鸣
202403,开源证券,603909.SH,建发合诚
202403,开源证券,688111.SH,金山办公
202403,方正证券,000801.SZ,四川九洲
202403,方正证券,300580.SZ,贝斯特
202403,方正证券,300783.SZ,三只松鼠
202403,方正证券,301168.SZ,通灵股份
202403,方正证券,600223.SH,福瑞达
202403,方正证券,600309.SH,万华化学
202403,方正证券,601601.SH,中国太保
202403,方正证券,603197.SH,保隆科技
202403,方正证券,603501.SH,韦尔股份
202403,方正证券,688050.SH,爱博医疗
202403,民生证券,000066.SZ,中国长城
202403,民生证券,000625.SZ,长安汽车
202403,民生证券,002371.SZ,北方华创
202403,民生证券,300364.SZ,中文在线
202403,民生证券,300583.SZ,赛托生物
202403,民生证券,601001.SH,晋控煤业
202403,民生证券,601699.SH,潞安环能
202403,民生证券,603993.SH,洛阳钼业
202403,浙商证券,000423.SZ,东阿阿胶
202403,浙商证券,000425.SZ,徐工机械
202403,浙商证券,002624.SZ,完美世界
202403,浙商证券,600048.SH,保利发展
202403,浙商证券,600050.SH,中国联通
202403,浙商证券,601288.SH,农业银行
202403,浙商证券,603199.SH,九华旅游
202403,浙商证券,603568.SH,伟明环保
202403,浙商证券,603997.SH,继峰股份
202403,浙商证券,688111.SH,金山办公
202403,海通证券,000002.SZ,万科A
202403,海通证券,000338.SZ,潍柴动力
202403,海通证券,002353.SZ,杰瑞股份
202403,海通证券,002430.SZ,杭氧股份
202403,海通证券,300130.SZ,新国都
202403,海通证券,300832.SZ,新产业
202403,海通证券,600406.SH,国电南瑞
202403,海通证券,600803.SH,新奥股份
202403,海通证券,600926.SH,杭州银行
202403,海通证券,601665.SH,齐鲁银行
202403,申万宏源,002011.SZ,盾安环境
202403,申万宏源,002244.SZ,滨江集团
202403,申万宏源,002558.SZ,巨人网络
202403,申万宏源,002920.SZ,德赛西威
202403,申万宏源,600256.SH,广汇能源
202403,申万宏源,600803.SH,新奥股份
202403,申万宏源,601390.SH,中国中铁
202403,申万宏源,601872.SH,招商轮船
202403,申万宏源,688777.SH,中控技术
202404,东兴证券,000786.SZ,北新建材
202404,东兴证券,300124.SZ,汇川技术
202404,东兴证券,301168.SZ,通灵股份
202404,东兴证券,600233.SH,圆通速递
202404,东兴证券,600919.SH,江苏银行
202404,东兴证券,600938.SH,中国海油
202404,东兴证券,603278.SH,大业股份
202404,东兴证券,688162.SH,巨一科技
202404,东兴证券,688210.SH,统联精密
202404,东北证券,000685.SZ,中山公用
202404,东北证券,300251.SZ,光线传媒
202404,东北证券,301306.SZ,西测测试
202404,东北证券,301589.SZ,诺瓦星云
202404,东北证券,603939.SH,益丰药房
202404,东北证券,688041.SH,海光信息
202404,东北证券,688312.SH,燕麦科技
202404,东北证券,688776.SH,国光电气
202404,东吴证券,002739.SZ,万达电影
202404,东吴证券,300750.SZ,宁德时代
202404,东吴证券,600066.SH,宇通客车
202404,东吴证券,600557.SH,康缘药业
202404,东吴证券,688037.SH,芯源微
202404,东吴证券,688525.SH,佰维存储
202404,东吴证券,688631.SH,莱斯信息
202404,东海证券,002142.SZ,宁波银行
202404,东海证券,002648.SZ,卫星化学
202404,东海证券,002946.SZ,新乳业
202404,东海证券,300601.SZ,康泰生物
202404,东海证券,300633.SZ,开立医疗
202404,东海证券,301498.SZ,乖宝宠物
202404,东海证券,600933.SH,爱柯迪
202404,东海证券,601100.SH,恒立液压
202404,东海证券,601808.SH,中海油服
202404,东海证券,688711.SH,宏微科技
202404,中原证券,300251.SZ,光线传媒
202404,中原证券,300750.SZ,宁德时代
202404,中原证券,300777.SZ,中简科技
202404,中原证券,300791.SZ,仙乐健康
202404,中原证券,600685.SH,中船防务
202404,中原证券,600900.SH,长江电力
202404,中原证券,600989.SH,宝丰能源
202404,中原证券,601899.SH,紫金矿业
202404,中原证券,688041.SH,海光信息
202404,中原证券,688777.SH,中控技术
202404,中金公司,001965.SZ,招商公路
202404,中金公司,001979.SZ,招商蛇口
202404,中金公司,002011.SZ,盾安环境
202404,中金公司,601689.SH,拓普集团
202404,中金公司,603179.SH,新泉股份
202404,中金公司,603345.SH,安井食品
202404,中金公司,605196.SH,华通线缆
202404,信达证券,000625.SZ,长安汽车
202404,信达证券,002111.SZ,威海广泰
202404,信达证券,300750.SZ,宁德时代
202404,信达证券,600188.SH,兖矿能源
202404,信达证券,600603.SH,广汇物流
202404,信达证券,600938.SH,中国海油
202404,信达证券,601058.SH,赛轮轮胎
202404,信达证券,601138.SH,工业富联
202404,信达证券,601918.SH,新集能源
202404,信达证券,688111.SH,金山办公
202404,光大证券,001914.SZ,招商积余
202404,光大证券,600050.SH,中国联通
202404,光大证券,600161.SH,天坛生物
202404,光大证券,600938.SH,中国海油
202404,光大证券,600941.SH,中国移动
202404,光大证券,601857.SH,中国石油
202404,光大证券,603300.SH,华铁应急
202404,光大证券,603855.SH,华荣股份
202404,光大证券,688378.SH,奥来德
202404,光大证券,688409.SH,富创精密
202404,兴业证券,000333.SZ,美的集团
202404,兴业证券,000543.SZ,皖能电力
202404,兴业证券,300750.SZ,宁德时代
202404,兴业证券,600276.SH,恒瑞医药
202404,兴业证券,600600.SH,青岛啤酒
202404,兴业证券,601021.SH,春秋航空
202404,兴业证券,601390.SH,中国中铁
202404,兴业证券,688111.SH,金山办公
202404,兴业证券,688568.SH,中科星图
202404,兴业证券,688668.SH,鼎通科技
202404,华安证券,002648.SZ,卫星化学
202404,华安证券,002925.SZ,盈趣科技
202404,华安证券,300498.SZ,温氏股份
202404,华安证券,300698.SZ,万马科技
202404,华安证券,300750.SZ,宁德时代
202404,华安证券,600547.SH,山东黄金
202404,华安证券,600938.SH,中国海油
202404,华安证券,605499.SH,东鹏饮料
202404,华安证券,688337.SH,普源精电
202404,华安证券,688798.SH,艾为电子
202404,华泰证券,000039.SZ,中集集团
202404,华泰证券,000568.SZ,泸州老窖
202404,华泰证券,002262.SZ,恩华药业
202404,华泰证券,002371.SZ,北方华创
202404,华泰证券,300442.SZ,润泽科技
202404,华泰证券,300750.SZ,宁德时代
202404,华泰证券,600036.SH,招商银行
202404,华泰证券,600266.SH,城建发展
202404,华泰证券,600549.SH,厦门钨业
202404,华泰证券,601857.SH,中国石油
202404,国信证券,000333.SZ,美的集团
202404,国信证券,002920.SZ,德赛西威
202404,国信证券,300124.SZ,汇川技术
202404,国信证券,300685.SZ,艾德生物
202404,国信证券,300866.SZ,安克创新
202404,国信证券,600312.SH,平高电气
202404,国信证券,600398.SH,海澜之家
202404,国信证券,601128.SH,常熟银行
202404,国信证券,601919.SH,中远海控
202404,国泰君安,002222.SZ,福晶科技
202404,国泰君安,002254.SZ,泰和新材
202404,国泰君安,300567.SZ,精测电子
202404,国泰君安,600795.SH,国电电力
202404,国泰君安,600900.SH,长江电力
202404,国泰君安,601975.SH,招商南油
202404,国泰君安,688111.SH,金山办公
202404,国泰君安,688266.SH,泽璟制药-U
202404,国泰君安,688551.SH,科威尔
202404,国泰君安,688601.SH,力芯微
202404,太平洋证券,000333.SZ,美的集团
202404,太平洋证券,002028.SZ,思源电气
202404,太平洋证券,002991.SZ,甘源食品
202404,太平洋证券,300577.SZ,开润股份
202404,太平洋证券,300750.SZ,宁德时代
202404,太平洋证券,300857.SZ,协创数据
202404,太平洋证券,301185.SZ,鸥玛软件
202404,太平洋证券,601838.SH,成都银行
202404,太平洋证券,603619.SH,中曼石油
202404,太平洋证券,688621.SH,阳光诺和
202404,山西证券,002299.SZ,圣农发展
202404,山西证券,300308.SZ,中际旭创
202404,山西证券,301280.SZ,珠城科技
202404,山西证券,600600.SH,青岛啤酒
202404,山西证券,688582.SH,芯动联科
202404,平安证券,300433.SZ,蓝思科技
202404,平安证券,600066.SH,宇通客车
202404,平安证券,600547.SH,山东黄金
202404,平安证券,600938.SH,中国海油
202404,平安证券,601088.SH,中国神华
202404,平安证券,601881.SH,中国银河
202404,平安证券,603369.SH,今世缘
202404,平安证券,688041.SH,海光信息
202404,平安证券,688111.SH,金山办公
202404,平安证券,688351.SH,微电生理-U
202404,开源证券,000858.SZ,五粮液
202404,开源证券,002920.SZ,德赛西威
202404,开源证券,300002.SZ,神州泰岳
202404,开源证券,600160.SH,巨化股份
202404,开源证券,600188.SH,兖矿能源
202404,开源证券,600584.SH,长电科技
202404,开源证券,600845.SH,宝信软件
202404,开源证券,601998.SH,中信银行
202404,开源证券,603283.SH,赛腾股份
202404,开源证券,688169.SH,石头科技
202404,民生证券,000066.SZ,中国长城
202404,民生证券,000625.SZ,长安汽车
202404,民生证券,002371.SZ,北方华创
202404,民生证券,300364.SZ,中文在线
202404,民生证券,300583.SZ,赛托生物
202404,民生证券,601001.SH,晋控煤业
202404,民生证券,601699.SH,潞安环能
202404,民生证券,603993.SH,洛阳钼业
202404,浙商证券,000423.SZ,东阿阿胶
202404,浙商证券,000425.SZ,徐工机械
202404,浙商证券,002624.SZ,完美世界
202404,浙商证券,600048.SH,保利发展
202404,浙商证券,600050.SH,中国联通
202404,浙商证券,601288.SH,农业银行
202404,浙商证券,603199.SH,九华旅游
202404,浙商证券,603568.SH,伟明环保
202404,浙商证券,603997.SH,继峰股份
202404,浙商证券,688111.SH,金山办公
202404,海通证券,000002.SZ,万科A
202404,海通证券,000338.SZ,潍柴动力
202404,海通证券,002353.SZ,杰瑞股份
202404,海通证券,002430.SZ,杭氧股份
202404,海通证券,300130.SZ,新国都
202404,海通证券,300832.SZ,新产业
202404,海通证券,600406.SH,国电南瑞
202404,海通证券,600803.SH,新奥股份
202404,海通证券,600926.SH,杭州银行
202404,海通证券,601665.SH,齐鲁银行
202404,申万宏源,000568.SZ,泸州老窖
202404,申万宏源,001965.SZ,招商公路
202404,申万宏源,001979.SZ,招商蛇口
202404,申万宏源,002011.SZ,盾安环境
202404,申万宏源,002371.SZ,北方华创
202404,申万宏源,002920.SZ,德赛西威
202404,申万宏源,600900.SH,长江电力
202404,申万宏源,601390.SH,中国中铁
202404,申万宏源,601702.SH,华峰铝业
202404,西南证券,000338.SZ,潍柴动力
202404,西南证券,000630.SZ,铜陵有色
202404,西南证券,000661.SZ,长春高新
202404,西南证券,002483.SZ,润邦股份
202404,西南证券,300119.SZ,瑞普生物
202404,西南证券,300861.SZ,美畅股份
202404,西南证券,600054.SH,黄山旅游
202404,西南证券,603508.SH,思维列控
202404,西南证券,688556.SH,高测股份
202404,财通证券,002463.SZ,沪电股份
202404,财通证券,300049.SZ,福瑞股份
202404,财通证券,300360.SZ,炬华科技
202404,财通证券,300498.SZ,温氏股份
202404,财通证券,301376.SZ,致欧科技
202404,财通证券,600612.SH,老凤祥
202404,财通证券,600820.SH,隧道股份
202404,财通证券,600919.SH,江苏银行
202404,财通证券,688003.SH,天准科技
202404,财通证券,688041.SH,海光信息
202405,中国银河,001330.SZ,博纳影业
202405,中国银河,002837.SZ,英维克
202405,中国银河,300083.SZ,创世纪
202405,中国银河,300487.SZ,蓝晓科技
202405,中国银河,301215.SZ,中汽股份
202405,中国银河,600030.SH,中信证券
202405,中国银河,600989.SH,宝丰能源
202405,中国银河,603986.SH,兆易创新
202405,中国银河,688132.SH,邦彦技术
202405,中国银河,688208.SH,道通科技
202405,光大证券,000786.SZ,北新建材
202405,光大证券,002594.SZ,比亚迪
202405,光大证券,300475.SZ,香农芯创
202405,光大证券,300596.SZ,利安隆
202405,光大证券,600050.SH,中国联通
202405,光大证券,600938.SH,中国海油
202405,光大证券,600970.SH,中材国际
202405,光大证券,601857.SH,中国石油
202405,光大证券,601899.SH,紫金矿业
202405,光大证券,688378.SH,奥来德
202405,兴业证券,000034.SZ,神州数码
202405,兴业证券,300285.SZ,国瓷材料
202405,兴业证券,300395.SZ,菲利华
202405,兴业证券,300502.SZ,新易盛
202405,兴业证券,300760.SZ,迈瑞医疗
202405,兴业证券,600027.SH,华电国际
202405,兴业证券,600600.SH,青岛啤酒
202405,兴业证券,600690.SH,海尔智家
202405,兴业证券,601390.SH,中国中铁
202405,兴业证券,603606.SH,东方电缆
202405,国信证券,002959.SZ,小熊电器
202405,国信证券,300685.SZ,艾德生物
202405,国信证券,600584.SH,长电科技
202405,国信证券,600938.SH,中国海油
202405,国信证券,601899.SH,紫金矿业
202405,国信证券,601966.SH,玲珑轮胎
202405,国信证券,603056.SH,德邦股份
202405,国联证券,002311.SZ,海大集团
202405,国联证券,002594.SZ,比亚迪
202405,国联证券,300274.SZ,阳光电源
202405,国联证券,300308.SZ,中际旭创
202405,国联证券,600129.SH,太极集团
202405,国联证券,600559.SH,老白干酒
202405,国联证券,600760.SH,中航沈飞
202405,国联证券,601333.SH,广深铁路
202405,国联证券,688099.SH,晶晨股份
202405,国联证券,688777.SH,中控技术
202405,国金证券,000801.SZ,四川九洲
202405,国金证券,001965.SZ,招商公路
202405,国金证券,002155.SZ,湖南黄金
202405,国金证券,002714.SZ,牧原股份
202405,国金证券,002847.SZ,盐津铺子
202405,国金证券,300203.SZ,聚光科技
202405,国金证券,600547.SH,山东黄金
202405,国金证券,600872.SH,中炬高新
202405,国金证券,601608.SH,中信重工
202405,国金证券,688278.SH,特宝生物
202405,太平洋证券,002019.SZ,亿帆医药
202405,太平洋证券,002028.SZ,思源电气
202405,太平洋证券,002594.SZ,比亚迪
202405,太平洋证券,300633.SZ,开立医疗
202405,太平洋证券,300750.SZ,宁德时代
202405,太平洋证券,600600.SH,青岛啤酒
202405,太平洋证券,601818.SH,光大银行
202405,太平洋证券,688526.SH,科前生物
202405,山西证券,300747.SZ,锐科激光
202405,山西证券,301301.SZ,川宁生物
202405,山西证券,600600.SH,青岛啤酒
202405,山西证券,601088.SH,中国神华
202405,山西证券,601595.SH,上海电影
202405,山西证券,601865.SH,福莱特
202405,山西证券,688300.SH,联瑞新材
202405,山西证券,688352.SH,颀中科技
202405,山西证券,688639.SH,华恒生物
202405,平安证券,300433.SZ,蓝思科技
202405,平安证券,600066.SH,宇通客车
202405,平安证券,600547.SH,山东黄金
202405,平安证券,600938.SH,中国海油
202405,平安证券,601088.SH,中国神华
202405,平安证券,601138.SH,工业富联
202405,平安证券,601988.SH,中国银行
202405,平安证券,603993.SH,洛阳钼业
202405,平安证券,688351.SH,微电生理-U
202405,平安证券,688630.SH,芯碁微装
202405,开源证券,000960.SZ,锡业股份
202405,开源证券,002371.SZ,北方华创
202405,开源证券,002896.SZ,中大力德
202405,开源证券,002906.SZ,华阳集团
202405,开源证券,301188.SZ,力诺特玻
202405,开源证券,600486.SH,扬农化工
202405,开源证券,600845.SH,宝信软件
202405,开源证券,688076.SH,诺泰生物
202405,开源证券,688111.SH,金山办公
202405,开源证券,688169.SH,石头科技
202405,招商证券,001696.SZ,宗申动力
202405,招商证券,002327.SZ,富安娜
202405,招商证券,002475.SZ,立讯精密
202405,招商证券,600312.SH,平高电气
202405,招商证券,601872.SH,招商轮船
202405,招商证券,601899.SH,紫金矿业
202405,招商证券,603883.SH,老百姓
202405,招商证券,688111.SH,金山办公
202405,招商证券,689009.SH,九号公司-WD
202405,民生证券,000568.SZ,泸州老窖
202405,民生证券,000657.SZ,中钨高新
202405,民生证券,300133.SZ,华策影视
202405,民生证券,300740.SZ,水羊股份
202405,民生证券,600276.SH,恒瑞医药
202405,民生证券,600487.SH,亨通光电
202405,民生证券,601001.SH,晋控煤业
202405,民生证券,601689.SH,拓普集团
202405,民生证券,605166.SH,聚合顺
202405,民生证券,688088.SH,虹软科技
202405,海通证券,002273.SZ,水晶光电
202405,海通证券,002966.SZ,苏州银行
202405,海通证券,300339.SZ,润和软件
202405,海通证券,600309.SH,万华化学
202405,海通证券,600582.SH,天地科技
202405,海通证券,600926.SH,杭州银行
202405,海通证券,603871.SH,嘉友国际
202405,海通证券,688169.SH,石头科技
202405,海通证券,688191.SH,智洋创新
202405,海通证券,688321.SH,微芯生物
202405,申万宏源,002027.SZ,分众传媒
202405,申万宏源,002594.SZ,比亚迪
202405,申万宏源,301236.SZ,软通动力
202405,申万宏源,600893.SH,航发动力
202405,申万宏源,601390.SH,中国中铁
202405,申万宏源,601702.SH,华峰铝业
202405,申万宏源,601766.SH,中国中车
202405,申万宏源,601989.SH,中国重工
202405,申万宏源,603323.SH,苏农银行
202405,西部证券,000682.SZ,东方电子
202405,西部证券,000683.SZ,远兴能源
202405,西部证券,000729.SZ,燕京啤酒
202405,西部证券,002960.SZ,青鸟消防
202405,西部证券,300133.SZ,华策影视
202405,西部证券,300308.SZ,中际旭创
202405,西部证券,300567.SZ,精测电子
202405,西部证券,688122.SH,西部超导
202405,西部证券,688581.SH,安杰思
202405,财通证券,002271.SZ,东方雨虹
202405,财通证券,002463.SZ,沪电股份
202405,财通证券,300049.SZ,福瑞股份
202405,财通证券,300492.SZ,华图山鼎
202405,财通证券,300750.SZ,宁德时代
202405,财通证券,300857.SZ,协创数据
202405,财通证券,600600.SH,青岛啤酒
202405,财通证券,601995.SH,中金公司
202405,财通证券,603338.SH,浙江鼎力
202405,财通证券,603816.SH,顾家家居
202406,东北证券,001330.SZ,博纳影业
202406,东北证券,002073.SZ,软控股份
202406,东北证券,002225.SZ,濮耐股份
202406,东北证券,002372.SZ,伟星新材
202406,东北证券,002436.SZ,兴森科技
202406,东北证券,300552.SZ,万集科技
202406,东北证券,600161.SH,天坛生物
202406,东北证券,600456.SH,宝钛股份
202406,东北证券,600547.SH,山东黄金
202406,东北证券,603360.SH,百傲化学
202406,东北证券,603883.SH,老百姓
202406,东北证券,603939.SH,益丰药房
202406,东吴证券,002028.SZ,思源电气
202406,东吴证券,002230.SZ,科大讯飞
202406,东吴证券,002353.SZ,杰瑞股份
202406,东吴证券,300181.SZ,佐力药业
202406,东吴证券,300783.SZ,三只松鼠
202406,东吴证券,600057.SH,厦门象屿
202406,东吴证券,600256.SH,广汇能源
202406,东吴证券,601985.SH,中国核电
202406,东吴证券,688676.SH,金盘科技
202406,东方证券,000333.SZ,美的集团
202406,东方证券,000682.SZ,东方电子
202406,东方证券,300496.SZ,中科创达
202406,东方证券,300552.SZ,万集科技
202406,东方证券,300680.SZ,隆盛科技
202406,东方证券,301363.SZ,美好医疗
202406,东方证券,600900.SH,长江电力
202406,东方证券,601857.SH,中国石油
202406,东方证券,601899.SH,紫金矿业
202406,东方证券,688676.SH,金盘科技
202406,东海证券,000625.SZ,长安汽车
202406,东海证券,002550.SZ,千红制药
202406,东海证券,300001.SZ,特锐德
202406,东海证券,300761.SZ,立华股份
202406,东海证券,600346.SH,恒力石化
202406,东海证券,600583.SH,海油工程
202406,东海证券,603345.SH,安井食品
202406,东海证券,603883.SH,老百姓
202406,东海证券,688110.SH,东芯股份
202406,东海证券,688305.SH,科德数控
202406,中信建投,000425.SZ,徐工机械
202406,中信建投,000786.SZ,北新建材
202406,中信建投,002541.SZ,鸿路钢构
202406,中信建投,300502.SZ,新易盛
202406,中信建投,600021.SH,上海电力
202406,中信建投,600114.SH,东睦股份
202406,中信建投,600875.SH,东方电气
202406,中信建投,600916.SH,中国黄金
202406,中信建投,601838.SH,成都银行
202406,中信建投,603193.SH,润本股份
202406,中泰证券,002928.SZ,华夏航空
202406,中泰证券,300457.SZ,赢合科技
202406,中泰证券,300627.SZ,华测导航
202406,中泰证券,600398.SH,海澜之家
202406,中泰证券,600919.SH,江苏银行
202406,中泰证券,600938.SH,中国海油
202406,中泰证券,601077.SH,渝农商行
202406,中泰证券,601088.SH,中国神华
202406,中泰证券,603055.SH,台华新材
202406,中泰证券,688300.SH,联瑞新材
202406,中金公司,000876.SZ,新希望
202406,中金公司,002154.SZ,报喜鸟
202406,中金公司,300498.SZ,温氏股份
202406,中金公司,300795.SZ,米奥会展
202406,中金公司,601127.SH,赛力斯
202406,信达证券,002120.SZ,韵达股份
202406,信达证券,300750.SZ,宁德时代
202406,信达证券,600188.SH,兖矿能源
202406,信达证券,600938.SH,中国海油
202406,信达证券,600976.SH,健民集团
202406,信达证券,601058.SH,赛轮轮胎
202406,信达证券,601138.SH,工业富联
202406,信达证券,601665.SH,齐鲁银行
202406,信达证券,601918.SH,新集能源
202406,光大证券,000333.SZ,美的集团
202406,光大证券,002225.SZ,濮耐股份
202406,光大证券,002714.SZ,牧原股份
202406,光大证券,300596.SZ,利安隆
202406,光大证券,600048.SH,保利发展
202406,光大证券,600938.SH,中国海油
202406,光大证券,601857.SH,中国石油
202406,光大证券,601899.SH,紫金矿业
202406,光大证券,605296.SH,神农集团
202406,光大证券,688378.SH,奥来德
202406,兴业证券,002938.SZ,鹏鼎控股
202406,兴业证券,300274.SZ,阳光电源
202406,兴业证券,300502.SZ,新易盛
202406,兴业证券,300760.SZ,迈瑞医疗
202406,兴业证券,600048.SH,保利发展
202406,兴业证券,600600.SH,青岛啤酒
202406,兴业证券,600764.SH,中国海防
202406,兴业证券,600900.SH,长江电力
202406,兴业证券,601390.SH,中国中铁
202406,兴业证券,688777.SH,中控技术
202406,华创证券,001201.SZ,东瑞股份
202406,华创证券,300002.SZ,神州泰岳
202406,华创证券,300428.SZ,立中集团
202406,华创证券,300857.SZ,协创数据
202406,华创证券,600309.SH,万华化学
202406,华创证券,601390.SH,中国中铁
202406,华创证券,601872.SH,招商轮船
202406,华创证券,603129.SH,春风动力
202406,华创证券,603606.SH,东方电缆
202406,华创证券,688111.SH,金山办公
202406,华安证券,002078.SZ,太阳纸业
202406,华安证券,002594.SZ,比亚迪
202406,华安证券,300124.SZ,汇川技术
202406,华安证券,300298.SZ,三诺生物
202406,华安证券,300498.SZ,温氏股份
202406,华安证券,300627.SZ,华测导航
202406,华安证券,600938.SH,中国海油
202406,华安证券,601100.SH,恒立液压
202406,华安证券,601600.SH,中国铝业
202406,华安证券,605499.SH,东鹏饮料
202406,华泰证券,000039.SZ,中集集团
202406,华泰证券,000725.SZ,京东方A
202406,华泰证券,000729.SZ,燕京啤酒
202406,华泰证券,300750.SZ,宁德时代
202406,华泰证券,601088.SH,中国神华
202406,华泰证券,601117.SH,中国化学
202406,华泰证券,601156.SH,东航物流
202406,华泰证券,601166.SH,兴业银行
202406,华泰证券,603816.SH,顾家家居
202406,华泰证券,688169.SH,石头科技
202406,华福证券,002568.SZ,百润股份
202406,华福证券,300218.SZ,安利股份
202406,华福证券,300750.SZ,宁德时代
202406,华福证券,300832.SZ,新产业
202406,华福证券,600026.SH,中远海能
202406,华福证券,600976.SH,健民集团
202406,华福证券,601899.SH,紫金矿业
202406,华福证券,603296.SH,华勤技术
202406,华福证券,603713.SH,密尔克卫
202406,华福证券,688676.SH,金盘科技
202406,华鑫证券,000960.SZ,锡业股份
202406,华鑫证券,002922.SZ,伊戈尔
202406,华鑫证券,300115.SZ,长盈精密
202406,华鑫证券,300580.SZ,贝斯特
202406,华鑫证券,300786.SZ,国林科技
202406,华鑫证券,301128.SZ,强瑞技术
202406,华鑫证券,600418.SH,江淮汽车
202406,华鑫证券,601233.SH,桐昆股份
202406,华鑫证券,603103.SH,横店影视
202406,华鑫证券,688037.SH,芯源微
202406,国投证券,000333.SZ,美的集团
202406,国投证券,002299.SZ,圣农发展
202406,国投证券,003020.SZ,立方制药
202406,国投证券,003816.SZ,中国广核
202406,国投证券,300496.SZ,中科创达
202406,国投证券,600036.SH,招商银行
202406,国投证券,601369.SH,陕鼓动力
202406,国投证券,601918.SH,新集能源
202406,国投证券,603993.SH,洛阳钼业
202406,国投证券,688361.SH,中科飞测
202406,国海证券,000543.SZ,皖能电力
202406,国海证券,000977.SZ,浪潮信息
202406,国海证券,000999.SZ,华润三九
202406,国海证券,002128.SZ,电投能源
202406,国海证券,300498.SZ,温氏股份
202406,国海证券,600309.SH,万华化学
202406,国海证券,600522.SH,中天科技
202406,国海证券,600861.SH,北京人力
202406,国海证券,601799.SH,星宇股份
202406,国海证券,688480.SH,赛恩斯
202406,国金证券,001965.SZ,招商公路
202406,国金证券,002155.SZ,湖南黄金
202406,国金证券,002714.SZ,牧原股份
202406,国金证券,300751.SZ,迈为股份
202406,国金证券,600129.SH,太极集团
202406,国金证券,600547.SH,山东黄金
202406,国金证券,601857.SH,中国石油
202406,国金证券,603713.SH,密尔克卫
202406,国金证券,603939.SH,益丰药房
202406,天风证券,000002.SZ,万科A
202406,天风证券,000157.SZ,中联重科
202406,天风证券,000543.SZ,皖能电力
202406,天风证券,000651.SZ,格力电器
202406,天风证券,000657.SZ,中钨高新
202406,天风证券,000921.SZ,海信家电
202406,天风证券,001328.SZ,登康口腔
202406,天风证券,002541.SZ,鸿路钢构
202406,天风证券,002675.SZ,东诚药业
202406,天风证券,002739.SZ,万达电影
202406,天风证券,002918.SZ,蒙娜丽莎
202406,天风证券,002922.SZ,伊戈尔
202406,天风证券,002970.SZ,锐明技术
202406,天风证券,300308.SZ,中际旭创
202406,天风证券,300415.SZ,伊之密
202406,天风证券,300498.SZ,温氏股份
202406,天风证券,600428.SH,中远海特
202406,天风证券,600487.SH,亨通光电
202406,天风证券,600522.SH,中天科技
202406,天风证券,600566.SH,济川药业
202406,天风证券,600661.SH,昂立教育
202406,天风证券,600729.SH,重庆百货
202406,天风证券,601628.SH,中国人寿
202406,天风证券,603358.SH,华达科技
202406,天风证券,603383.SH,顶点软件
202406,天风证券,603661.SH,恒林股份
202406,天风证券,603885.SH,吉祥航空
202406,天风证券,603889.SH,新澳股份
202406,天风证券,688111.SH,金山办公
202406,天风证券,688136.SH,科兴制药
202406,天风证券,688150.SH,莱特光电
202406,天风证券,688522.SH,纳睿雷达
202406,天风证券,832982.BJ,锦波生物
202406,太平洋,002028.SZ,思源电气
202406,太平洋,002567.SZ,唐人神
202406,太平洋,002594.SZ,比亚迪
202406,太平洋,300750.SZ,宁德时代
202406,太平洋,600901.SH,江苏金租
202406,太平洋,601528.SH,瑞丰银行
202406,太平洋,603619.SH,中曼石油
202406,太平洋,688208.SH,道通科技
202406,山西证券,000830.SZ,鲁西化工
202406,山西证券,002025.SZ,航天电器
202406,山西证券,002299.SZ,圣农发展
202406,山西证券,300394.SZ,天孚通信
202406,山西证券,600546.SH,山煤国际
202406,山西证券,600600.SH,青岛啤酒
202406,山西证券,600976.SH,健民集团
202406,山西证券,601595.SH,上海电影
202406,山西证券,688281.SH,华秦科技
202406,平安证券,002675.SZ,东诚药业
202406,平安证券,300433.SZ,蓝思科技
202406,平安证券,600066.SH,宇通客车
202406,平安证券,600547.SH,山东黄金
202406,平安证券,600938.SH,中国海油
202406,平安证券,601088.SH,中国神华
202406,平安证券,601138.SH,工业富联
202406,平安证券,601398.SH,工商银行
202406,平安证券,603606.SH,东方电缆
202406,平安证券,603993.SH,洛阳钼业
202406,招商证券,000902.SZ,新洋丰
202406,招商证券,001696.SZ,宗申动力
202406,招商证券,002003.SZ,伟星股份
202406,招商证券,002475.SZ,立讯精密
202406,招商证券,002714.SZ,牧原股份
202406,招商证券,002837.SZ,英维克
202406,招商证券,600048.SH,保利发展
202406,招商证券,600521.SH,华海药业
202406,招商证券,601899.SH,紫金矿业
202406,民生证券,002594.SZ,比亚迪
202406,民生证券,002714.SZ,牧原股份
202406,民生证券,300604.SZ,长川科技
202406,民生证券,600546.SH,山煤国际
202406,民生证券,600585.SH,海螺水泥
202406,民生证券,600760.SH,中航沈飞
202406,民生证券,603236.SH,移远通信
202406,民生证券,603993.SH,洛阳钼业
202406,民生证券,688651.SH,盛邦安全
202406,浙商证券,002714.SZ,牧原股份
202406,浙商证券,002928.SZ,华夏航空
202406,浙商证券,300433.SZ,蓝思科技
202406,浙商证券,300680.SZ,隆盛科技
202406,浙商证券,600048.SH,保利发展
202406,浙商证券,600685.SH,中船防务
202406,浙商证券,601166.SH,兴业银行
202406,浙商证券,603568.SH,伟明环保
202406,浙商证券,603661.SH,恒林股份
202406,浙商证券,688256.SH,寒武纪-U
202406,海通证券,000002.SZ,万科A
202406,海通证券,002493.SZ,荣盛石化
202406,海通证券,600027.SH,华电国际
202406,海通证券,600161.SH,天坛生物
202406,海通证券,600309.SH,万华化学
202406,海通证券,600406.SH,国电南瑞
202406,海通证券,600486.SH,扬农化工
202406,海通证券,600926.SH,杭州银行
202406,海通证券,600938.SH,中国海油
202406,海通证券,688169.SH,石头科技
202406,申万宏源,002179.SZ,中航光电
202406,申万宏源,002182.SZ,宝武镁业
202406,申万宏源,002244.SZ,滨江集团
202406,申万宏源,002371.SZ,北方华创
202406,申万宏源,002594.SZ,比亚迪
202406,申万宏源,601919.SH,中远海控
202406,申万宏源,688088.SH,虹软科技
202406,申万宏源,688188.SH,柏楚电子
202406,申万宏源,688777.SH,中控技术
202406,西南证券,000338.SZ,潍柴动力
202406,西南证券,002019.SZ,亿帆医药
202406,西南证券,002409.SZ,雅克科技
202406,西南证券,002840.SZ,华统股份
202406,西南证券,600027.SH,华电国际
202406,西南证券,600054.SH,黄山旅游
202406,西南证券,600435.SH,北方导航
202406,西南证券,600900.SH,长江电力
202406,西南证券,605098.SH,行动教育
202406,西部证券,000426.SZ,兴业银锡
202406,西部证券,000682.SZ,东方电子
202406,西部证券,300133.SZ,华策影视
202406,西部证券,300308.SZ,中际旭创
202406,西部证券,301236.SZ,软通动力
202406,西部证券,601633.SH,长城汽车
202406,西部证券,603977.SH,国泰集团
202406,西部证券,603986.SH,兆易创新
202406,西部证券,688526.SH,科前生物
202406,财通证券,002126.SZ,银轮股份
202406,财通证券,002463.SZ,沪电股份
202406,财通证券,002541.SZ,鸿路钢构
202406,财通证券,002847.SZ,盐津铺子
202406,财通证券,300492.SZ,华图山鼎
202406,财通证券,300750.SZ,宁德时代
202406,财通证券,600036.SH,招商银行
202406,财通证券,601995.SH,中金公司
202406,财通证券,688169.SH,石头科技
202406,长江证券,001979.SZ,招商蛇口
202406,长江证券,002475.SZ,立讯精密
202406,长江证券,002532.SZ,天山铝业
202406,长江证券,600131.SH,国网信通
202406,长江证券,600150.SH,中国船舶
202406,长江证券,600309.SH,万华化学
202406,长江证券,600941.SH,中国移动
202406,长江证券,603477.SH,巨星农牧
202406,长江证券,603619.SH,中曼石油
202407,上海证券,000333.SZ,美的集团
202407,上海证券,000977.SZ,浪潮信息
202407,上海证券,002475.SZ,立讯精密
202407,上海证券,002594.SZ,比亚迪
202407,上海证券,002714.SZ,牧原股份
202407,上海证券,300496.SZ,中科创达
202407,上海证券,300498.SZ,温氏股份
202407,上海证券,300750.SZ,宁德时代
202407,上海证券,600048.SH,保利发展
202407,上海证券,600150.SH,中国船舶
202407,上海证券,600309.SH,万华化学
202407,上海证券,600900.SH,长江电力
202407,上海证券,600938.SH,中国海油
202407,上海证券,601857.SH,中国石油
202407,上海证券,601899.SH,紫金矿业
202407,上海证券,603606.SH,东方电缆
202407,上海证券,603993.SH,洛阳钼业
202407,东兴证券,000786.SZ,北新建材
202407,东兴证券,000977.SZ,浪潮信息
202407,东兴证券,002074.SZ,国轩高科
202407,东兴证券,300445.SZ,康斯特
202407,东兴证券,300783.SZ,三只松鼠
202407,东兴证券,600233.SH,圆通速递
202407,东兴证券,600938.SH,中国海油
202407,东兴证券,601028.SH,玉龙股份
202407,东北证券,000528.SZ,柳工
202407,东北证券,002043.SZ,兔宝宝
202407,东北证券,002225.SZ,濮耐股份
202407,东北证券,600389.SH,江山股份
202407,东北证券,603360.SH,百傲化学
202407,东北证券,688498.SH,源杰科技
202407,东方证券,000682.SZ,东方电子
202407,东方证券,002384.SZ,东山精密
202407,东方证券,002475.SZ,立讯精密
202407,东方证券,600584.SH,长电科技
202407,东方证券,600642.SH,申能股份
202407,东方证券,600900.SH,长江电力
202407,东方证券,601138.SH,工业富联
202407,东方证券,601567.SH,三星医疗
202407,东方证券,601857.SH,中国石油
202407,东方证券,601919.SH,中远海控
202407,东海证券,000625.SZ,长安汽车
202407,东海证券,002142.SZ,宁波银行
202407,东海证券,002550.SZ,千红制药
202407,东海证券,002648.SZ,卫星化学
202407,东海证券,300001.SZ,特锐德
202407,东海证券,300373.SZ,扬杰科技
202407,东海证券,300761.SZ,立华股份
202407,东海证券,601233.SH,桐昆股份
202407,东海证券,603338.SH,浙江鼎力
202407,东海证券,688139.SH,海尔生物
202407,东莞证券,002594.SZ,比亚迪
202407,东莞证券,600011.SH,华能国际
202407,东莞证券,600031.SH,三一重工
202407,东莞证券,600183.SH,生益科技
202407,东莞证券,600406.SH,国电南瑞
202407,东莞证券,600809.SH,山西汾酒
202407,东莞证券,601233.SH,桐昆股份
202407,东莞证券,601899.SH,紫金矿业
202407,东莞证券,601988.SH,中国银行
202407,东莞证券,603986.SH,兆易创新
202407,中信建投,000333.SZ,美的集团
202407,中信建投,002155.SZ,湖南黄金
202407,中信建投,002322.SZ,理工能科
202407,中信建投,300502.SZ,新易盛
202407,中信建投,600114.SH,东睦股份
202407,中信建投,600312.SH,平高电气
202407,中信建投,600483.SH,福能股份
202407,中信建投,600584.SH,长电科技
202407,中信建投,601611.SH,中国核建
202407,中信建投,601838.SH,成都银行
202407,中原证券,000938.SZ,紫光股份
202407,中原证券,001301.SZ,尚太科技
202407,中原证券,002027.SZ,分众传媒
202407,中原证券,002338.SZ,奥普光电
202407,中原证券,002594.SZ,比亚迪
202407,中原证券,600150.SH,中国船舶
202407,中原证券,600216.SH,浙江医药
202407,中原证券,601233.SH,桐昆股份
202407,中原证券,601899.SH,紫金矿业
202407,中原证券,603986.SH,兆易创新
202407,中国银河,600487.SH,亨通光电
202407,中国银河,600489.SH,中金黄金
202407,中国银河,600674.SH,川投能源
202407,中国银河,600760.SH,中航沈飞
202407,中国银河,600989.SH,宝丰能源
202407,中国银河,601088.SH,中国神华
202407,中国银河,601766.SH,中国中车
202407,中国银河,601939.SH,建设银行
202407,中国银河,603986.SH,兆易创新
202407,中国银河,688169.SH,石头科技
202407,中泰证券,000625.SZ,长安汽车
202407,中泰证券,002475.SZ,立讯精密
202407,中泰证券,002594.SZ,比亚迪
202407,中泰证券,002928.SZ,华夏航空
202407,中泰证券,003006.SZ,百亚股份
202407,中泰证券,300457.SZ,赢合科技
202407,中泰证券,600398.SH,海澜之家
202407,中泰证券,601019.SH,山东出版
202407,中泰证券,601088.SH,中国神华
202407,中泰证券,601233.SH,桐昆股份
202407,中航证券,002714.SZ,牧原股份
202407,中航证券,300760.SZ,迈瑞医疗
202407,中航证券,300811.SZ,铂科新材
202407,中航证券,600030.SH,中信证券
202407,中航证券,600150.SH,中国船舶
202407,中航证券,600875.SH,东方电气
202407,中航证券,601900.SH,南方传媒
202407,中航证券,603986.SH,兆易创新
202407,中航证券,688518.SH,联赢激光
202407,中邮证券,000426.SZ,兴业银锡
202407,中邮证券,002154.SZ,报喜鸟
202407,中邮证券,002371.SZ,北方华创
202407,中邮证券,002714.SZ,牧原股份
202407,中邮证券,300034.SZ,钢研高纳
202407,中邮证券,300181.SZ,佐力药业
202407,中邮证券,300996.SZ,普联软件
202407,中邮证券,600519.SH,贵州茅台
202407,中邮证券,603298.SH,杭叉集团
202407,中邮证券,603606.SH,东方电缆
202407,中金公司,000596.SZ,古井贡酒
202407,中金公司,000858.SZ,五粮液
202407,中金公司,002847.SZ,盐津铺子
202407,中金公司,600030.SH,中信证券
202407,中金公司,600809.SH,山西汾酒
202407,中金公司,601899.SH,紫金矿业
202407,中金公司,603486.SH,科沃斯
202407,中银证券,002409.SZ,雅克科技
202407,中银证券,002600.SZ,领益智造
202407,中银证券,300014.SZ,亿纬锂能
202407,中银证券,600054.SH,黄山旅游
202407,中银证券,601857.SH,中国石油
202407,中银证券,601872.SH,招商轮船
202407,中银证券,688085.SH,三友医疗
202407,中银证券,688097.SH,博众精工
202407,信达证券,300750.SZ,宁德时代
202407,信达证券,300926.SZ,博俊科技
202407,信达证券,600188.SH,兖矿能源
202407,信达证券,600765.SH,中航重机
202407,信达证券,600938.SH,中国海油
202407,信达证券,601058.SH,赛轮轮胎
202407,信达证券,601138.SH,工业富联
202407,信达证券,601665.SH,齐鲁银行
202407,信达证券,601918.SH,新集能源
202407,光大证券,000333.SZ,美的集团
202407,光大证券,000768.SZ,中航西飞
202407,光大证券,002225.SZ,濮耐股份
202407,光大证券,600050.SH,中国联通
202407,光大证券,600938.SH,中国海油
202407,光大证券,600941.SH,中国移动
202407,光大证券,601117.SH,中国化学
202407,光大证券,601728.SH,中国电信
202407,光大证券,601857.SH,中国石油
202407,光大证券,601899.SH,紫金矿业
202407,兴业证券,000977.SZ,浪潮信息
202407,兴业证券,002831.SZ,裕同科技
202407,兴业证券,002938.SZ,鹏鼎控股
202407,兴业证券,300498.SZ,温氏股份
202407,兴业证券,300502.SZ,新易盛
202407,兴业证券,300760.SZ,迈瑞医疗
202407,兴业证券,600048.SH,保利发展
202407,兴业证券,600600.SH,青岛啤酒
202407,兴业证券,600886.SH,国投电力
202407,兴业证券,603712.SH,七一二
202407,华创证券,002648.SZ,卫星化学
202407,华创证券,002947.SZ,恒铭达
202407,华创证券,300002.SZ,神州泰岳
202407,华创证券,300428.SZ,立中集团
202407,华创证券,300857.SZ,协创数据
202407,华创证券,300866.SZ,安克创新
202407,华创证券,600519.SH,贵州茅台
202407,华创证券,601288.SH,农业银行
202407,华创证券,601872.SH,招商轮船
202407,华创证券,688111.SH,金山办公
202407,华安证券,002078.SZ,太阳纸业
202407,华安证券,002252.SZ,上海莱士
202407,华安证券,002648.SZ,卫星化学
202407,华安证券,300498.SZ,温氏股份
202407,华安证券,300627.SZ,华测导航
202407,华安证券,300811.SZ,铂科新材
202407,华安证券,600547.SH,山东黄金
202407,华安证券,600699.SH,均胜电子
202407,华安证券,601600.SH,中国铝业
202407,华泰证券,300750.SZ,宁德时代
202407,华泰证券,600584.SH,长电科技
202407,华泰证券,601077.SH,渝农商行
202407,华泰证券,601211.SH,国泰君安
202407,华泰证券,601231.SH,环旭电子
202407,华福证券,300476.SZ,胜宏科技
202407,华福证券,300750.SZ,宁德时代
202407,华福证券,600420.SH,国药现代
202407,华福证券,601899.SH,紫金矿业
202407,华福证券,688037.SH,芯源微
202407,华福证券,688117.SH,圣诺生物
202407,华金证券,001282.SZ,三联锻造
202407,华金证券,002605.SZ,姚记科技
202407,华金证券,002984.SZ,森麒麟
202407,华金证券,600096.SH,云天化
202407,华金证券,600584.SH,长电科技
202407,华金证券,603191.SH,望变电气
202407,华金证券,603606.SH,东方电缆
202407,华金证券,605499.SH,东鹏饮料
202407,华金证券,688082.SH,盛美上海
202407,华金证券,688523.SH,航天环宇
202407,华鑫证券,000400.SZ,许继电气
202407,华鑫证券,002155.SZ,湖南黄金
202407,华鑫证券,300115.SZ,长盈精密
202407,华鑫证券,600160.SH,巨化股份
202407,华鑫证券,600418.SH,江淮汽车
202407,华鑫证券,601126.SH,四方股份
202407,华鑫证券,601233.SH,桐昆股份
202407,华鑫证券,603171.SH,税友股份
202407,华鑫证券,603283.SH,赛腾股份
202407,华鑫证券,688668.SH,鼎通科技
202407,国信证券,000333.SZ,美的集团
202407,国信证券,002594.SZ,比亚迪
202407,国信证券,002938.SZ,鹏鼎控股
202407,国信证券,003816.SZ,中国广核
202407,国信证券,300308.SZ,中际旭创
202407,国信证券,600595.SH,中孚实业
202407,国信证券,600900.SH,长江电力
202407,国信证券,600938.SH,中国海油
202407,国信证券,601857.SH,中国石油
202407,国信证券,688009.SH,中国通号
202407,国元证券,000960.SZ,锡业股份
202407,国元证券,002353.SZ,杰瑞股份
202407,国元证券,002594.SZ,比亚迪
202407,国元证券,300502.SZ,新易盛
202407,国元证券,301162.SZ,国能日新
202407,国元证券,603605.SH,珀莱雅
202407,国元证券,688410.SH,山外山
202407,国投证券,000333.SZ,美的集团
202407,国投证券,000977.SZ,浪潮信息
202407,国投证券,003816.SZ,中国广核
202407,国投证券,301061.SZ,匠心家居
202407,国投证券,600025.SH,华能水电
202407,国投证券,600036.SH,招商银行
202407,国投证券,600150.SH,中国船舶
202407,国投证券,603129.SH,春风动力
202407,国投证券,603993.SH,洛阳钼业
202407,国投证券,688361.SH,中科飞测
202407,国泰君安,001965.SZ,招商公路
202407,国泰君安,002025.SZ,航天电器
202407,国泰君安,002281.SZ,光迅科技
202407,国泰君安,002475.SZ,立讯精密
202407,国泰君安,300666.SZ,江丰电子
202407,国泰君安,300760.SZ,迈瑞医疗
202407,国泰君安,600031.SH,三一重工
202407,国泰君安,600050.SH,中国联通
202407,国泰君安,600160.SH,巨化股份
202407,国泰君安,600312.SH,平高电气
202407,国泰君安,600760.SH,中航沈飞
202407,国泰君安,600795.SH,国电电力
202407,国泰君安,600919.SH,江苏银行
202407,国泰君安,601601.SH,中国太保
202407,国泰君安,603203.SH,快克智能
202407,国泰君安,603986.SH,兆易创新
202407,国泰君安,688111.SH,金山办公
202407,国海证券,000858.SZ,五粮液
202407,国海证券,002073.SZ,软控股份
202407,国海证券,300014.SZ,亿纬锂能
202407,国海证券,300181.SZ,佐力药业
202407,国海证券,300498.SZ,温氏股份
202407,国海证券,600233.SH,圆通速递
202407,国海证券,600761.SH,安徽合力
202407,国海证券,601225.SH,陕西煤业
202407,国海证券,601799.SH,星宇股份
202407,国海证券,688522.SH,纳睿雷达
202407,国盛证券,002422.SZ,科伦药业
202407,国盛证券,002531.SZ,天顺风能
202407,国盛证券,002714.SZ,牧原股份
202407,国盛证券,603600.SH,永艺股份
202407,国盛证券,603661.SH,恒林股份
202407,国盛证券,603993.SH,洛阳钼业
202407,国联证券,000333.SZ,美的集团
202407,国联证券,002311.SZ,海大集团
202407,国联证券,600276.SH,恒瑞医药
202407,国联证券,600519.SH,贵州茅台
202407,国联证券,600529.SH,山东药玻
202407,国联证券,600861.SH,北京人力
202407,国金证券,000528.SZ,柳工
202407,国金证券,000543.SZ,皖能电力
202407,国金证券,001965.SZ,招商公路
202407,国金证券,002155.SZ,湖南黄金
202407,国金证券,600025.SH,华能水电
202407,国金证券,600150.SH,中国船舶
202407,国金证券,600941.SH,中国移动
202407,国金证券,601000.SH,唐山港
202407,国金证券,601567.SH,三星医疗
202407,国金证券,601985.SH,中国核电
202407,山西证券,300308.SZ,中际旭创
202407,山西证券,300498.SZ,温氏股份
202407,山西证券,300750.SZ,宁德时代
202407,山西证券,600469.SH,风神股份
202407,山西证券,600976.SH,健民集团
202407,山西证券,601088.SH,中国神华
202407,山西证券,603236.SH,移远通信
202407,山西证券,688281.SH,华秦科技
202407,山西证券,688352.SH,颀中科技
202407,平安证券,300433.SZ,蓝思科技
202407,平安证券,300760.SZ,迈瑞医疗
202407,平安证券,600066.SH,宇通客车
202407,平安证券,600547.SH,山东黄金
202407,平安证券,600938.SH,中国海油
202407,平安证券,601088.SH,中国神华
202407,平安证券,601138.SH,工业富联
202407,平安证券,601398.SH,工商银行
202407,平安证券,603606.SH,东方电缆
202407,平安证券,603993.SH,洛阳钼业
202407,开源证券,000552.SZ,甘肃能化
202407,开源证券,002262.SZ,恩华药业
202407,开源证券,002595.SZ,豪迈科技
202407,开源证券,002966.SZ,苏州银行
202407,开源证券,600584.SH,长电科技
202407,开源证券,600845.SH,宝信软件
202407,开源证券,601601.SH,中国太保
202407,开源证券,603025.SH,大豪科技
202407,开源证券,603225.SH,新凤鸣
202407,开源证券,689009.SH,九号公司-WD
202407,招商证券,002003.SZ,伟星股份
202407,招商证券,002475.SZ,立讯精密
202407,招商证券,002594.SZ,比亚迪
202407,招商证券,300394.SZ,天孚通信
202407,招商证券,600048.SH,保利发展
202407,招商证券,600521.SH,华海药业
202407,招商证券,601899.SH,紫金矿业
202407,招商证券,688300.SH,联瑞新材
202407,招商证券,689009.SH,九号公司-WD
202407,民生证券,000977.SZ,浪潮信息
202407,民生证券,002475.SZ,立讯精密
202407,民生证券,002594.SZ,比亚迪
202407,民生证券,002714.SZ,牧原股份
202407,民生证券,300308.SZ,中际旭创
202407,民生证券,600312.SH,平高电气
202407,民生证券,600585.SH,海螺水泥
202407,民生证券,601001.SH,晋控煤业
202407,民生证券,603993.SH,洛阳钼业
202407,民生证券,605166.SH,聚合顺
202407,浙商证券,000338.SZ,潍柴动力
202407,浙商证券,002739.SZ,万达电影
202407,浙商证券,002837.SZ,英维克
202407,浙商证券,300433.SZ,蓝思科技
202407,浙商证券,301236.SZ,软通动力
202407,浙商证券,600031.SH,三一重工
202407,浙商证券,600038.SH,中直股份
202407,浙商证券,600048.SH,保利发展
202407,浙商证券,600584.SH,长电科技
202407,浙商证券,688166.SH,博瑞医药
202407,申万宏源,000400.SZ,许继电气
202407,申万宏源,002027.SZ,分众传媒
202407,申万宏源,002179.SZ,中航光电
202407,申万宏源,002244.SZ,滨江集团
202407,申万宏源,002594.SZ,比亚迪
202407,申万宏源,300433.SZ,蓝思科技
202407,申万宏源,601088.SH,中国神华
202407,申万宏源,601702.SH,华峰铝业
202407,申万宏源,601919.SH,中远海控
202407,西南证券,000338.SZ,潍柴动力
202407,西南证券,002019.SZ,亿帆医药
202407,西南证券,002252.SZ,上海莱士
202407,西南证券,002714.SZ,牧原股份
202407,西南证券,300699.SZ,光威复材
202407,西南证券,600054.SH,黄山旅游
202407,西南证券,600900.SH,长江电力
202407,西南证券,600989.SH,宝丰能源
202407,西南证券,688378.SH,奥来德
202407,西部证券,000683.SZ,远兴能源
202407,西部证券,002840.SZ,华统股份
202407,西部证券,300133.SZ,华策影视
202407,西部证券,300308.SZ,中际旭创
202407,西部证券,300750.SZ,宁德时代
202407,西部证券,601633.SH,长城汽车
202407,西部证券,603612.SH,索通发展
202407,西部证券,603977.SH,国泰集团
202407,财信证券,000938.SZ,紫光股份
202407,财信证券,000975.SZ,银泰黄金
202407,财信证券,002318.SZ,久立特材
202407,财信证券,002463.SZ,沪电股份
202407,财信证券,002714.SZ,牧原股份
202407,财信证券,600761.SH,安徽合力
202407,财信证券,601233.SH,桐昆股份
202407,财信证券,603408.SH,建霖家居
202407,财信证券,603605.SH,珀莱雅
202407,财信证券,688169.SH,石头科技
202407,财通证券,002322.SZ,理工能科
202407,财通证券,002463.SZ,沪电股份
202407,财通证券,300049.SZ,福瑞股份
202407,财通证券,300498.SZ,温氏股份
202407,财通证券,300750.SZ,宁德时代
202407,财通证券,600919.SH,江苏银行
202407,财通证券,603338.SH,浙江鼎力
202407,财通证券,603816.SH,顾家家居
202407,财通证券,605499.SH,东鹏饮料
202407,长城证券,002142.SZ,宁波银行
202407,长城证券,002475.SZ,立讯精密
202407,长城证券,002906.SZ,华阳集团
202407,长城证券,002955.SZ,鸿合科技
202407,长城证券,600285.SH,羚锐制药
202407,长城证券,600529.SH,山东药玻
202407,长城证券,600875.SH,东方电气
202407,长城证券,600941.SH,中国移动
202407,长城证券,600971.SH,恒源煤电
202407,长城证券,605111.SH,新洁能
202407,长江证券,000333.SZ,美的集团
202407,长江证券,002475.SZ,立讯精密
202407,长江证券,002714.SZ,牧原股份
202407,长江证券,300394.SZ,天孚通信
202407,长江证券,601233.SH,桐昆股份
202407,长江证券,601899.SH,紫金矿业
202407,长江证券,603393.SH,新天然气
202407,长江证券,603871.SH,嘉友国际
202407,长江证券,688187.SH,时代电气
202408,东兴证券,000786.SZ,北新建材
202408,东兴证券,000977.SZ,浪潮信息
202408,东兴证券,002158.SZ,汉钟精机
202408,东兴证券,300623.SZ,捷捷微电
202408,东兴证券,600233.SH,圆通速递
202408,东兴证券,600938.SH,中国海油
202408,东兴证券,603019.SH,中科曙光
202408,东方证券,000682.SZ,东方电子
202408,东方证券,002384.SZ,东山精密
202408,东方证券,002600.SZ,领益智造
202408,东方证券,300347.SZ,泰格医药
202408,东方证券,300394.SZ,天孚通信
202408,东方证券,600316.SH,洪都航空
202408,东方证券,600900.SH,长江电力
202408,东方证券,601028.SH,玉龙股份
202408,东方证券,601985.SH,中国核电
202408,东方证券,601988.SH,中国银行
202408,中信建投,000425.SZ,徐工机械
202408,中信建投,002130.SZ,沃尔核材
202408,中信建投,300002.SZ,神州泰岳
202408,中信建投,300502.SZ,新易盛
202408,中信建投,600114.SH,东睦股份
202408,中信建投,600312.SH,平高电气
202408,中信建投,601033.SH,永兴股份
202408,中信建投,601611.SH,中国核建
202408,中信建投,601838.SH,成都银行
202408,中信建投,688692.SH,达梦数据
202408,中原证券,002371.SZ,北方华创
202408,中原证券,002517.SZ,恺英网络
202408,中原证券,300394.SZ,天孚通信
202408,中原证券,300750.SZ,宁德时代
202408,中原证券,600031.SH,三一重工
202408,中原证券,600216.SH,浙江医药
202408,中原证券,600685.SH,中船防务
202408,中原证券,601689.SH,拓普集团
202408,中原证券,688041.SH,海光信息
202408,中原证券,688507.SH,索辰科技
202408,中国银河,000625.SZ,长安汽车
202408,中国银河,003816.SZ,中国广核
202408,中国银河,301062.SZ,上海艾录
202408,中国银河,600760.SH,中航沈飞
202408,中国银河,600801.SH,华新水泥
202408,中国银河,600941.SH,中国移动
202408,中国银河,601766.SH,中国中车
202408,中国银河,601838.SH,成都银行
202408,中国银河,603707.SH,健友股份
202408,中国银河,688018.SH,乐鑫科技
202408,信达证券,000333.SZ,美的集团
202408,信达证券,002594.SZ,比亚迪
202408,信达证券,600188.SH,兖矿能源
202408,信达证券,600765.SH,中航重机
202408,信达证券,600938.SH,中国海油
202408,信达证券,601028.SH,玉龙股份
202408,信达证券,601058.SH,赛轮轮胎
202408,信达证券,601665.SH,齐鲁银行
202408,信达证券,601918.SH,新集能源
202408,光大证券,000333.SZ,美的集团
202408,光大证券,300354.SZ,东华测试
202408,光大证券,300750.SZ,宁德时代
202408,光大证券,600050.SH,中国联通
202408,光大证券,600938.SH,中国海油
202408,光大证券,600941.SH,中国移动
202408,光大证券,601668.SH,中国建筑
202408,光大证券,601728.SH,中国电信
202408,光大证券,601857.SH,中国石油
202408,光大证券,601899.SH,紫金矿业
202408,兴业证券,000333.SZ,美的集团
202408,兴业证券,000625.SZ,长安汽车
202408,兴业证券,002179.SZ,中航光电
202408,兴业证券,002938.SZ,鹏鼎控股
202408,兴业证券,300308.SZ,中际旭创
202408,兴业证券,600027.SH,华电国际
202408,兴业证券,600048.SH,保利发展
202408,兴业证券,600276.SH,恒瑞医药
202408,兴业证券,601825.SH,沪农商行
202408,兴业证券,688111.SH,金山办公
202408,华安证券,300037.SZ,新宙邦
202408,华安证券,300274.SZ,阳光电源
202408,华安证券,300498.SZ,温氏股份
202408,华安证券,300627.SZ,华测导航
202408,华安证券,300811.SZ,铂科新材
202408,华安证券,301004.SZ,嘉益股份
202408,华安证券,600547.SH,山东黄金
202408,华安证券,600699.SH,均胜电子
202408,华安证券,603236.SH,移远通信
202408,华安证券,605499.SH,东鹏饮料
202408,华金证券,001282.SZ,三联锻造
202408,华金证券,001380.SZ,华纬科技
202408,华金证券,002517.SZ,恺英网络
202408,华金证券,002938.SZ,鹏鼎控股
202408,华金证券,300274.SZ,阳光电源
202408,华金证券,600096.SH,云天化
202408,华金证券,600309.SH,万华化学
202408,华金证券,603517.SH,绝味食品
202408,华金证券,603606.SH,东方电缆
202408,华金证券,603986.SH,兆易创新
202408,华鑫证券,002475.SZ,立讯精密
202408,华鑫证券,002984.SZ,森麒麟
202408,华鑫证券,300580.SZ,贝斯特
202408,华鑫证券,300604.SZ,长川科技
202408,华鑫证券,300709.SZ,精研科技
202408,华鑫证券,301018.SZ,申菱环境
202408,华鑫证券,600418.SH,江淮汽车
202408,华鑫证券,601899.SH,紫金矿业
202408,华鑫证券,603516.SH,淳中科技
202408,华鑫证券,688668.SH,鼎通科技
202408,国信证券,000333.SZ,美的集团
202408,国信证券,000526.SZ,学大教育
202408,国信证券,002594.SZ,比亚迪
202408,国信证券,002922.SZ,伊戈尔
202408,国信证券,003816.SZ,中国广核
202408,国信证券,300308.SZ,中际旭创
202408,国信证券,300433.SZ,蓝思科技
202408,国信证券,600026.SH,中远海能
202408,国信证券,601799.SH,星宇股份
202408,国信证券,603929.SH,亚翔集成
202408,国投证券,000333.SZ,美的集团
202408,国投证券,002475.SZ,立讯精密
202408,国投证券,002594.SZ,比亚迪
202408,国投证券,301061.SZ,匠心家居
202408,国投证券,600036.SH,招商银行
202408,国投证券,601628.SH,中国人寿
202408,国投证券,601668.SH,中国建筑
202408,国投证券,601989.SH,中国重工
202408,国投证券,603689.SH,皖天然气
202408,国投证券,688361.SH,中科飞测
202408,国泰君安,001965.SZ,招商公路
202408,国泰君安,301339.SZ,通行宝
202408,国泰君安,600114.SH,东睦股份
202408,国泰君安,600312.SH,平高电气
202408,国泰君安,600760.SH,中航沈飞
202408,国泰君安,600926.SH,杭州银行
202408,国泰君安,601601.SH,中国太保
202408,国泰君安,603699.SH,纽威股份
202408,国海证券,000543.SZ,皖能电力
202408,国海证券,000999.SZ,华润三九
202408,国海证券,300498.SZ,温氏股份
202408,国海证券,600298.SH,安琪酵母
202408,国海证券,601799.SH,星宇股份
202408,国海证券,603067.SH,振华股份
202408,国海证券,605117.SH,德业股份
202408,国海证券,688256.SH,寒武纪-U
202408,国海证券,688522.SH,纳睿雷达
202408,国海证券,688789.SH,宏华数科
202408,国金证券,000543.SZ,皖能电力
202408,国金证券,002001.SZ,新和成
202408,国金证券,002155.SZ,湖南黄金
202408,国金证券,300161.SZ,华中数控
202408,国金证券,600150.SH,中国船舶
202408,国金证券,600765.SH,中航重机
202408,国金证券,600900.SH,长江电力
202408,国金证券,600941.SH,中国移动
202408,国金证券,601000.SH,唐山港
202408,国金证券,601816.SH,京沪高铁
202408,天风证券,000333.SZ,美的集团
202408,天风证券,000425.SZ,徐工机械
202408,天风证券,000526.SZ,学大教育
202408,天风证券,000651.SZ,格力电器
202408,天风证券,000921.SZ,海信家电
202408,天风证券,000975.SZ,山金国际
202408,天风证券,001979.SZ,招商蛇口
202408,天风证券,002299.SZ,圣农发展
202408,天风证券,003000.SZ,劲仔食品
202408,天风证券,003006.SZ,百亚股份
202408,天风证券,300308.SZ,中际旭创
202408,天风证券,300394.SZ,天孚通信
202408,天风证券,600309.SH,万华化学
202408,天风证券,600361.SH,创新新材
202408,天风证券,600487.SH,亨通光电
202408,天风证券,600522.SH,中天科技
202408,天风证券,600585.SH,海螺水泥
202408,天风证券,600661.SH,昂立教育
202408,天风证券,600674.SH,川投能源
202408,天风证券,600893.SH,航发动力
202408,天风证券,601628.SH,中国人寿
202408,天风证券,601766.SH,中国中车
202408,天风证券,603358.SH,华达科技
202408,天风证券,603565.SH,中谷物流
202408,天风证券,603889.SH,新澳股份
202408,天风证券,688041.SH,海光信息
202408,天风证券,688235.SH,百济神州-U
202408,天风证券,688522.SH,纳睿雷达
202408,天风证券,832982.BJ,锦波生物
202408,平安证券,000957.SZ,中通客车
202408,平安证券,002371.SZ,北方华创
202408,平安证券,300433.SZ,蓝思科技
202408,平安证券,600547.SH,山东黄金
202408,平安证券,601398.SH,工商银行
202408,平安证券,601939.SH,建设银行
202408,平安证券,601985.SH,中国核电
202408,平安证券,601989.SH,中国重工
202408,平安证券,603606.SH,东方电缆
202408,平安证券,605117.SH,德业股份
202408,开源证券,000625.SZ,长安汽车
202408,开源证券,002139.SZ,拓邦股份
202408,开源证券,002371.SZ,北方华创
202408,开源证券,300207.SZ,欣旺达
202408,开源证券,300705.SZ,九典制药
202408,开源证券,300860.SZ,锋尚文化
202408,开源证券,600845.SH,宝信软件
202408,开源证券,601601.SH,中国太保
202408,开源证券,601669.SH,中国电建
202408,开源证券,689009.SH,九号公司-WD
202408,招商证券,000768.SZ,中航西飞
202408,招商证券,002003.SZ,伟星股份
202408,招商证券,002332.SZ,仙琚制药
202408,招商证券,002475.SZ,立讯精密
202408,招商证券,002594.SZ,比亚迪
202408,招商证券,300014.SZ,亿纬锂能
202408,招商证券,300394.SZ,天孚通信
202408,招商证券,601899.SH,紫金矿业
202408,招商证券,689009.SH,九号公司-WD
202408,民生证券,002594.SZ,比亚迪
202408,民生证券,300347.SZ,泰格医药
202408,民生证券,300750.SZ,宁德时代
202408,民生证券,600536.SH,中国软件
202408,民生证券,600585.SH,海螺水泥
202408,民生证券,600760.SH,中航沈飞
202408,民生证券,601001.SH,晋控煤业
202408,民生证券,603993.SH,洛阳钼业
202408,民生证券,605589.SH,圣泉集团
202408,浙商证券,002429.SZ,兆驰股份
202408,浙商证券,002714.SZ,牧原股份
202408,浙商证券,300037.SZ,新宙邦
202408,浙商证券,301061.SZ,匠心家居
202408,浙商证券,600031.SH,三一重工
202408,浙商证券,600038.SH,中直股份
202408,浙商证券,600048.SH,保利发展
202408,浙商证券,600150.SH,中国船舶
202408,浙商证券,601288.SH,农业银行
202408,浙商证券,601881.SH,中国银河
202408,西部证券,002028.SZ,思源电气
202408,西部证券,300308.SZ,中际旭创
202408,西部证券,300761.SZ,立华股份
202408,西部证券,300855.SZ,图南股份
202408,西部证券,600160.SH,巨化股份
202408,西部证券,600988.SH,赤峰黄金
202408,西部证券,601633.SH,长城汽车
202408,西部证券,688120.SH,华海清科
202408,长江证券,000333.SZ,美的集团
202408,长江证券,000425.SZ,徐工机械
202408,长江证券,000975.SZ,山金国际
202408,长江证券,002384.SZ,东山精密
202408,长江证券,002594.SZ,比亚迪
202408,长江证券,300308.SZ,中际旭创
202408,长江证券,600026.SH,中远海能
202408,长江证券,600323.SH,瀚蓝环境
202408,长江证券,600926.SH,杭州银行
202409,东兴证券,000786.SZ,北新建材
202409,东兴证券,000975.SZ,山金国际
202409,东兴证券,002158.SZ,汉钟精机
202409,东兴证券,600938.SH,中国海油
202409,东兴证券,688387.SH,信科移动-U
202409,东北证券,000333.SZ,美的集团
202409,东北证券,000425.SZ,徐工机械
202409,东北证券,002130.SZ,沃尔核材
202409,东北证券,002475.SZ,立讯精密
202409,东北证券,301061.SZ,匠心家居
202409,东北证券,600418.SH,江淮汽车
202409,东北证券,600529.SH,山东药玻
202409,东吴证券,002241.SZ,歌尔股份
202409,东吴证券,300274.SZ,阳光电源
202409,东吴证券,300750.SZ,宁德时代
202409,东吴证券,600079.SH,人福医药
202409,东吴证券,600094.SH,大名城
202409,东吴证券,603699.SH,纽威股份
202409,东海证券,002142.SZ,宁波银行
202409,东海证券,002648.SZ,卫星化学
202409,东海证券,300782.SZ,卓胜微
202409,东海证券,301498.SZ,乖宝宠物
202409,东海证券,600346.SH,恒力石化
202409,东海证券,601100.SH,恒立液压
202409,东海证券,603338.SH,浙江鼎力
202409,东海证券,603997.SH,继峰股份
202409,东海证券,688076.SH,诺泰生物
202409,东海证券,688278.SH,特宝生物
202409,东莞证券,000858.SZ,五粮液
202409,东莞证券,002475.SZ,立讯精密
202409,东莞证券,300274.SZ,阳光电源
202409,东莞证券,600031.SH,三一重工
202409,东莞证券,600276.SH,恒瑞医药
202409,东莞证券,600406.SH,国电南瑞
202409,东莞证券,600584.SH,长电科技
202409,东莞证券,600660.SH,福耀玻璃
202409,东莞证券,601601.SH,中国太保
202409,东莞证券,601728.SH,中国电信
202409,中信建投,000543.SZ,皖能电力
202409,中信建投,000768.SZ,中航西飞
202409,中信建投,300274.SZ,阳光电源
202409,中信建投,300502.SZ,新易盛
202409,中信建投,600114.SH,东睦股份
202409,中信建投,601318.SH,中国平安
202409,中信建投,601611.SH,中国核建
202409,中信建投,601838.SH,成都银行
202409,中信建投,603766.SH,隆鑫通用
202409,中信建投,688777.SH,中控技术
202409,中原证券,001301.SZ,尚太科技
202409,中原证券,002371.SZ,北方华创
202409,中原证券,002555.SZ,三七互娱
202409,中原证券,601038.SH,一拖股份
202409,中原证券,601058.SH,赛轮轮胎
202409,中原证券,601677.SH,明泰铝业
202409,中原证券,601717.SH,郑煤机
202409,中原证券,601865.SH,福莱特
202409,中原证券,603108.SH,润达医疗
202409,中原证券,688777.SH,中控技术
202409,中国银河,000425.SZ,徐工机械
202409,中国银河,002608.SZ,江苏国信
202409,中国银河,300775.SZ,三角防务
202409,中国银河,301589.SZ,诺瓦星云
202409,中国银河,600519.SH,贵州茅台
202409,中国银河,600941.SH,中国移动
202409,中国银河,601398.SH,工商银行
202409,中国银河,603128.SH,华贸物流
202409,中泰证券,000975.SZ,山金国际
202409,中泰证券,002241.SZ,歌尔股份
202409,中泰证券,002594.SZ,比亚迪
202409,中泰证券,003006.SZ,百亚股份
202409,中泰证券,300002.SZ,神州泰岳
202409,中泰证券,600200.SH,江苏吴中
202409,中泰证券,601019.SH,山东出版
202409,中泰证券,603055.SH,台华新材
202409,中泰证券,688097.SH,博众精工
202409,中邮证券,000848.SZ,承德露露
202409,中邮证券,000922.SZ,佳电股份
202409,中邮证券,300395.SZ,菲利华
202409,中邮证券,300498.SZ,温氏股份
202409,中邮证券,300996.SZ,普联软件
202409,中邮证券,600233.SH,圆通速递
202409,中邮证券,600529.SH,山东药玻
202409,中邮证券,605499.SH,东鹏饮料
202409,中邮证券,688213.SH,思特威-W
202409,中金公司,002594.SZ,比亚迪
202409,中金公司,003006.SZ,百亚股份
202409,中金公司,300760.SZ,迈瑞医疗
202409,中金公司,600901.SH,江苏金租
202409,中金公司,601288.SH,农业银行
202409,中金公司,605099.SH,共创草坪
202409,中银证券,000524.SZ,岭南控股
202409,中银证券,002409.SZ,雅克科技
202409,中银证券,300750.SZ,宁德时代
202409,中银证券,600309.SH,万华化学
202409,中银证券,603203.SH,快克智能
202409,中银证券,688085.SH,三友医疗
202409,中银证券,688127.SH,蓝特光学
202409,中银证券,688198.SH,佰仁医疗
202409,信达证券,002353.SZ,杰瑞股份
202409,信达证券,002594.SZ,比亚迪
202409,信达证券,600188.SH,兖矿能源
202409,信达证券,600765.SH,中航重机
202409,信达证券,600938.SH,中国海油
202409,信达证券,601058.SH,赛轮轮胎
202409,信达证券,601138.SH,工业富联
202409,信达证券,601665.SH,齐鲁银行
202409,信达证券,601918.SH,新集能源
202409,光大证券,000059.SZ,华锦股份
202409,光大证券,002600.SZ,领益智造
202409,光大证券,600028.SH,中国石化
202409,光大证券,600050.SH,中国联通
202409,光大证券,600299.SH,安迪苏
202409,光大证券,600938.SH,中国海油
202409,光大证券,600941.SH,中国移动
202409,光大证券,601728.SH,中国电信
202409,光大证券,601857.SH,中国石油
202409,光大证券,601899.SH,紫金矿业
202409,兴业证券,000034.SZ,神州数码
202409,兴业证券,000333.SZ,美的集团
202409,兴业证券,002938.SZ,鹏鼎控股
202409,兴业证券,300395.SZ,菲利华
202409,兴业证券,300502.SZ,新易盛
202409,兴业证券,600027.SH,华电国际
202409,兴业证券,600233.SH,圆通速递
202409,兴业证券,600276.SH,恒瑞医药
202409,兴业证券,600901.SH,江苏金租
202409,兴业证券,601825.SH,沪农商行
202409,华创证券,000333.SZ,美的集团
202409,华创证券,001872.SZ,招商港口
202409,华创证券,002001.SZ,新和成
202409,华创证券,002594.SZ,比亚迪
202409,华创证券,300750.SZ,宁德时代
202409,华创证券,300866.SZ,安克创新
202409,华创证券,601398.SH,工商银行
202409,华创证券,601601.SH,中国太保
202409,华创证券,601668.SH,中国建筑
202409,华创证券,603661.SH,恒林股份
202409,华安证券,002078.SZ,太阳纸业
202409,华安证券,002475.SZ,立讯精密
202409,华安证券,002594.SZ,比亚迪
202409,华安证券,002648.SZ,卫星化学
202409,华安证券,300442.SZ,润泽科技
202409,华安证券,300498.SZ,温氏股份
202409,华安证券,300750.SZ,宁德时代
202409,华安证券,601899.SH,紫金矿业
202409,华安证券,603298.SH,杭叉集团
202409,华安证券,688375.SH,国博电子
202409,华泰证券,002653.SZ,海思科
202409,华泰证券,300750.SZ,宁德时代
202409,华泰证券,600298.SH,安琪酵母
202409,华泰证券,601211.SH,国泰君安
202409,华泰证券,601601.SH,中国太保
202409,华福证券,002568.SZ,百润股份
202409,华福证券,002600.SZ,领益智造
202409,华福证券,300151.SZ,昌红科技
202409,华福证券,300750.SZ,宁德时代
202409,华福证券,600489.SH,中金黄金
202409,华福证券,601333.SH,广深铁路
202409,华福证券,601899.SH,紫金矿业
202409,华福证券,688117.SH,圣诺生物
202409,华金证券,002517.SZ,恺英网络
202409,华金证券,002605.SZ,姚记科技
202409,华金证券,002938.SZ,鹏鼎控股
202409,华金证券,300274.SZ,阳光电源
202409,华金证券,300750.SZ,宁德时代
202409,华金证券,600096.SH,云天化
202409,华金证券,600309.SH,万华化学
202409,华金证券,603986.SH,兆易创新
202409,华金证券,605499.SH,东鹏饮料
202409,华金证券,688522.SH,纳睿雷达
202409,华鑫证券,002292.SZ,奥飞娱乐
202409,华鑫证券,002532.SZ,天山铝业
202409,华鑫证券,300100.SZ,双林股份
202409,华鑫证券,300832.SZ,新产业
202409,华鑫证券,301018.SZ,申菱环境
202409,华鑫证券,600028.SH,中国石化
202409,华鑫证券,600869.SH,远东股份
202409,华鑫证券,601567.SH,三星医疗
202409,华鑫证券,603283.SH,赛腾股份
202409,华鑫证券,603296.SH,华勤技术
202409,华龙证券,000786.SZ,北新建材
202409,华龙证券,002322.SZ,理工能科
202409,华龙证券,002456.SZ,欧菲光
202409,华龙证券,002594.SZ,比亚迪
202409,华龙证券,300274.SZ,阳光电源
202409,华龙证券,600141.SH,兴发集团
202409,华龙证券,688097.SH,博众精工
202409,华龙证券,832982.BJ,锦波生物
202409,国信证券,000333.SZ,美的集团
202409,国信证券,002714.SZ,牧原股份
202409,国信证券,002920.SZ,德赛西威
202409,国信证券,600900.SH,长江电力
202409,国信证券,601857.SH,中国石油
202409,国信证券,603979.SH,金诚信
202409,国信证券,688212.SH,澳华内镜
202409,国元证券,000960.SZ,锡业股份
202409,国元证券,002353.SZ,杰瑞股份
202409,国元证券,002475.SZ,立讯精密
202409,国元证券,002594.SZ,比亚迪
202409,国元证券,300002.SZ,神州泰岳
202409,国元证券,300453.SZ,三鑫医疗
202409,国元证券,300502.SZ,新易盛
202409,国元证券,688777.SH,中控技术
202409,国投证券,000333.SZ,美的集团
202409,国投证券,001286.SZ,陕西能源
202409,国投证券,002594.SZ,比亚迪
202409,国投证券,300979.SZ,华利集团
202409,国投证券,600036.SH,招商银行
202409,国投证券,601601.SH,中国太保
202409,国投证券,601668.SH,中国建筑
202409,国投证券,603337.SH,杰克股份
202409,国投证券,603993.SH,洛阳钼业
202409,国投证券,688036.SH,传音控股
202409,国海证券,300274.SZ,阳光电源
202409,国海证券,301498.SZ,乖宝宠物
202409,国海证券,600298.SH,安琪酵母
202409,国海证券,600309.SH,万华化学
202409,国海证券,601799.SH,星宇股份
202409,国海证券,688041.SH,海光信息
202409,国海证券,688522.SH,纳睿雷达
202409,国盛证券,002001.SZ,新和成
202409,国盛证券,002714.SZ,牧原股份
202409,国盛证券,688036.SH,传音控股
202409,国盛证券,688766.SH,普冉股份
202409,国联证券,000651.SZ,格力电器
202409,国联证券,000792.SZ,盐湖股份
202409,国联证券,002179.SZ,中航光电
202409,国联证券,002594.SZ,比亚迪
202409,国联证券,300207.SZ,欣旺达
202409,国联证券,300274.SZ,阳光电源
202409,国联证券,600298.SH,安琪酵母
202409,国联证券,688205.SH,德科立
202409,国联证券,688336.SH,三生国健
202409,国金证券,000543.SZ,皖能电力
202409,国金证券,002155.SZ,湖南黄金
202409,国金证券,600150.SH,中国船舶
202409,国金证券,600377.SH,宁沪高速
202409,国金证券,600547.SH,山东黄金
202409,国金证券,601000.SH,唐山港
202409,国金证券,601816.SH,京沪高铁
202409,天风证券,000333.SZ,美的集团
202409,天风证券,000526.SZ,学大教育
202409,天风证券,001339.SZ,智微智能
202409,天风证券,002444.SZ,巨星科技
202409,天风证券,002475.SZ,立讯精密
202409,天风证券,300002.SZ,神州泰岳
202409,天风证券,300308.SZ,中际旭创
202409,天风证券,300394.SZ,天孚通信
202409,天风证券,300498.SZ,温氏股份
202409,天风证券,300502.SZ,新易盛
202409,天风证券,300979.SZ,华利集团
202409,天风证券,301061.SZ,匠心家居
202409,天风证券,301498.SZ,乖宝宠物
202409,天风证券,600025.SH,华能水电
202409,天风证券,600031.SH,三一重工
202409,天风证券,600048.SH,保利发展
202409,天风证券,600361.SH,创新新材
202409,天风证券,600415.SH,小商品城
202409,天风证券,600487.SH,亨通光电
202409,天风证券,600522.SH,中天科技
202409,天风证券,600661.SH,昂立教育
202409,天风证券,601138.SH,工业富联
202409,天风证券,601628.SH,中国人寿
202409,天风证券,603358.SH,华达科技
202409,天风证券,603565.SH,中谷物流
202409,天风证券,688041.SH,海光信息
202409,天风证券,688095.SH,福昕软件
202409,天风证券,688235.SH,百济神州-U
202409,天风证券,688522.SH,纳睿雷达
202409,天风证券,832982.BJ,锦波生物
202409,太平洋,001328.SZ,登康口腔
202409,太平洋,002028.SZ,思源电气
202409,太平洋,002594.SZ,比亚迪
202409,太平洋,300750.SZ,宁德时代
202409,太平洋,301333.SZ,诺思格
202409,太平洋,600020.SH,中原高速
202409,太平洋,600031.SH,三一重工
202409,太平洋,603619.SH,中曼石油
202409,太平洋,688428.SH,诺诚健华-U
202409,平安证券,002371.SZ,北方华创
202409,平安证券,300274.SZ,阳光电源
202409,平安证券,300433.SZ,蓝思科技
202409,平安证券,600547.SH,山东黄金
202409,平安证券,601601.SH,中国太保
202409,平安证券,601881.SH,中国银河
202409,平安证券,601985.SH,中国核电
202409,平安证券,601989.SH,中国重工
202409,平安证券,603606.SH,东方电缆
202409,平安证券,688235.SH,百济神州-U
202409,开源证券,002605.SZ,姚记科技
202409,开源证券,002837.SZ,英维克
202409,开源证券,300274.SZ,阳光电源
202409,开源证券,301381.SZ,赛维时代
202409,开源证券,600219.SH,南山铝业
202409,开源证券,600584.SH,长电科技
202409,开源证券,600845.SH,宝信软件
202409,开源证券,601318.SH,中国平安
202409,开源证券,688169.SH,石头科技
202409,开源证券,688658.SH,悦康药业
202409,招商证券,002332.SZ,仙琚制药
202409,招商证券,002475.SZ,立讯精密
202409,招商证券,002594.SZ,比亚迪
202409,招商证券,300014.SZ,亿纬锂能
202409,招商证券,300979.SZ,华利集团
202409,招商证券,600941.SH,中国移动
202409,招商证券,601899.SH,紫金矿业
202409,招商证券,689009.SH,九号公司-WD
202409,方正证券,000333.SZ,美的集团
202409,方正证券,300476.SZ,胜宏科技
202409,方正证券,300487.SZ,蓝晓科技
202409,方正证券,601336.SH,新华保险
202409,方正证券,601872.SH,招商轮船
202409,方正证券,603283.SH,赛腾股份
202409,民生证券,002594.SZ,比亚迪
202409,民生证券,002600.SZ,领益智造
202409,民生证券,002738.SZ,中矿资源
202409,民生证券,600415.SH,小商品城
202409,民生证券,600487.SH,亨通光电
202409,民生证券,600585.SH,海螺水泥
202409,民生证券,601038.SH,一拖股份
202409,民生证券,601898.SH,中煤能源
202409,民生证券,688166.SH,博瑞医药
202409,民生证券,688651.SH,盛邦安全
202409,浙商证券,000423.SZ,东阿阿胶
202409,浙商证券,002597.SZ,金禾实业
202409,浙商证券,002714.SZ,牧原股份
202409,浙商证券,301589.SZ,诺瓦星云
202409,浙商证券,600031.SH,三一重工
202409,浙商证券,601166.SH,兴业银行
202409,浙商证券,601288.SH,农业银行
202409,浙商证券,601688.SH,华泰证券
202409,浙商证券,601872.SH,招商轮船
202409,浙商证券,603993.SH,洛阳钼业
202409,海通证券,000002.SZ,万科A
202409,海通证券,000603.SZ,盛达资源
202409,海通证券,002372.SZ,伟星新材
202409,海通证券,600011.SH,华能国际
202409,海通证券,600028.SH,中国石化
202409,海通证券,600036.SH,招商银行
202409,海通证券,600763.SH,通策医疗
202409,海通证券,600926.SH,杭州银行
202409,海通证券,601898.SH,中煤能源
202409,海通证券,603019.SH,中科曙光
202409,申万宏源,002244.SZ,滨江集团
202409,申万宏源,002415.SZ,海康威视
202409,申万宏源,600079.SH,人福医药
202409,申万宏源,600760.SH,中航沈飞
202409,申万宏源,600989.SH,宝丰能源
202409,申万宏源,601318.SH,中国平安
202409,申万宏源,601766.SH,中国中车
202409,申万宏源,601975.SH,招商南油
202409,申万宏源,688012.SH,中微公司
202409,西部证券,000807.SZ,云铝股份
202409,西部证券,002028.SZ,思源电气
202409,西部证券,002714.SZ,牧原股份
202409,西部证券,300855.SZ,图南股份
202409,西部证券,600160.SH,巨化股份
202409,西部证券,600941.SH,中国移动
202409,西部证券,600988.SH,赤峰黄金
202409,西部证券,601633.SH,长城汽车
202409,西部证券,688041.SH,海光信息
202409,财通证券,000526.SZ,学大教育
202409,财通证券,000858.SZ,五粮液
202409,财通证券,002043.SZ,兔宝宝
202409,财通证券,002463.SZ,沪电股份
202409,财通证券,300274.SZ,阳光电源
202409,财通证券,600030.SH,中信证券
202409,财通证券,600919.SH,江苏银行
202409,财通证券,601100.SH,恒立液压
202409,财通证券,688041.SH,海光信息
202409,长城证券,000858.SZ,五粮液
202409,长城证券,002142.SZ,宁波银行
202409,长城证券,002384.SZ,东山精密
202409,长城证券,301285.SZ,鸿日达
202409,长城证券,600163.SH,中闽能源
202409,长城证券,600216.SH,浙江医药
202409,长城证券,600941.SH,中国移动
202409,长城证券,601601.SH,中国太保
202409,长城证券,601898.SH,中煤能源
202409,长城证券,605117.SH,德业股份
202409,长江证券,000333.SZ,美的集团
202409,长江证券,000975.SZ,山金国际
202409,长江证券,002475.SZ,立讯精密
202409,长江证券,002594.SZ,比亚迪
202409,长江证券,300274.SZ,阳光电源
202409,长江证券,300308.SZ,中际旭创
202409,长江证券,600031.SH,三一重工
202409,长江证券,600233.SH,圆通速递
202409,长江证券,601665.SH,齐鲁银行
202410,东兴证券,000786.SZ,北新建材
202410,东兴证券,002158.SZ,汉钟精机
202410,东兴证券,002448.SZ,中原内配
202410,东兴证券,300979.SZ,华利集团
202410,东兴证券,600233.SH,圆通速递
202410,东兴证券,600256.SH,广汇能源
202410,东兴证券,600258.SH,首旅酒店
202410,东兴证券,600519.SH,贵州茅台
202410,东兴证券,600522.SH,中天科技
202410,东兴证券,600919.SH,江苏银行
202410,东兴证券,603979.SH,金诚信
202410,中国银河,000543.SZ,皖能电力
202410,中国银河,600030.SH,中信证券
202410,中国银河,600031.SH,三一重工
202410,中国银河,600489.SH,中金黄金
202410,中国银河,600941.SH,中国移动
202410,中国银河,601668.SH,中国建筑
202410,中国银河,688278.SH,特宝生物
202410,中国银河,688608.SH,恒玄科技
202410,光大证券,000651.SZ,格力电器
202410,光大证券,000858.SZ,五粮液
202410,光大证券,001914.SZ,招商积余
202410,光大证券,002225.SZ,濮耐股份
202410,光大证券,300750.SZ,宁德时代
202410,光大证券,600161.SH,天坛生物
202410,光大证券,600887.SH,伊利股份
202410,光大证券,601857.SH,中国石油
202410,光大证券,603993.SH,洛阳钼业
202410,光大证券,688008.SH,澜起科技
202410,兴业证券,002142.SZ,宁波银行
202410,兴业证券,300502.SZ,新易盛
202410,兴业证券,600027.SH,华电国际
202410,兴业证券,600276.SH,恒瑞医药
202410,兴业证券,600536.SH,中国软件
202410,兴业证券,601865.SH,福莱特
202410,兴业证券,601878.SH,浙商证券
202410,兴业证券,603193.SH,润本股份
202410,兴业证券,603369.SH,今世缘
202410,兴业证券,688002.SH,睿创微纳
202410,国信证券,000333.SZ,美的集团
202410,国信证券,001308.SZ,康冠科技
202410,国信证券,002738.SZ,中矿资源
202410,国信证券,601336.SH,新华保险
202410,国信证券,601966.SH,玲珑轮胎
202410,国泰君安,002271.SZ,东方雨虹
202410,国泰君安,002832.SZ,比音勒芬
202410,国泰君安,002850.SZ,科达利
202410,国泰君安,300803.SZ,指南针
202410,国泰君安,301236.SZ,软通动力
202410,国泰君安,601100.SH,恒立液压
202410,国泰君安,601456.SH,国联证券
202410,国泰君安,601888.SH,中国中免
202410,国泰君安,603885.SH,吉祥航空
202410,国泰君安,688608.SH,恒玄科技
202410,平安证券,000333.SZ,美的集团
202410,平安证券,002371.SZ,北方华创
202410,平安证券,300059.SZ,东方财富
202410,平安证券,600660.SH,福耀玻璃
202410,平安证券,601601.SH,中国太保
202410,平安证券,601633.SH,长城汽车
202410,平安证券,601899.SH,紫金矿业
202410,平安证券,601985.SH,中国核电
202410,平安证券,688111.SH,金山办公
202410,平安证券,688428.SH,诺诚健华-U
202410,开源证券,000528.SZ,柳工
202410,开源证券,002371.SZ,北方华创
202410,开源证券,002837.SZ,英维克
202410,开源证券,300002.SZ,神州泰岳
202410,开源证券,601899.SH,紫金矿业
202410,开源证券,603019.SH,中科曙光
202410,开源证券,603277.SH,银都股份
202410,开源证券,688169.SH,石头科技
202410,民生证券,002714.SZ,牧原股份
202410,民生证券,300593.SZ,新雷能
202410,民生证券,600887.SH,伊利股份
202410,民生证券,601001.SH,晋控煤业
202410,民生证券,603596.SH,伯特利
202410,民生证券,603993.SH,洛阳钼业
202410,民生证券,688166.SH,博瑞医药
202410,民生证券,688232.SH,新点软件
202410,浙商证券,000858.SZ,五粮液
202410,浙商证券,002597.SZ,金禾实业
202410,浙商证券,301589.SZ,诺瓦星云
202410,浙商证券,600031.SH,三一重工
202410,浙商证券,601155.SH,新城控股
202410,浙商证券,601628.SH,中国人寿
202410,浙商证券,601688.SH,华泰证券
202410,浙商证券,601825.SH,沪农商行
202410,浙商证券,601881.SH,中国银河
202410,浙商证券,603444.SH,吉比特
202410,海通证券,000002.SZ,万科A
202410,海通证券,000999.SZ,华润三九
202410,海通证券,600027.SH,华电国际
202410,海通证券,601600.SH,中国铝业
202410,海通证券,601898.SH,中煤能源
202410,海通证券,603871.SH,嘉友国际
202410,海通证券,688692.SH,达梦数据
202410,长江证券,000526.SZ,学大教育
202410,长江证券,002475.SZ,立讯精密
202410,长江证券,003006.SZ,百亚股份
202410,长江证券,600048.SH,保利发展
202410,长江证券,600809.SH,山西汾酒
202410,长江证券,600901.SH,江苏金租
202410,长江证券,603737.SH,三棵树
202410,长江证券,688256.SH,寒武纪-U
202411,东兴证券,000157.SZ,中联重科
202411,东兴证券,000786.SZ,北新建材
202411,东兴证券,002074.SZ,国轩高科
202411,东兴证券,300496.SZ,中科创达
202411,东兴证券,300666.SZ,江丰电子
202411,东兴证券,300783.SZ,三只松鼠
202411,东兴证券,300811.SZ,铂科新材
202411,东兴证券,300979.SZ,华利集团
202411,东兴证券,601808.SH,中海油服
202411,东兴证券,601869.SH,长飞光纤
202411,东北证券,000333.SZ,美的集团
202411,东北证券,002625.SZ,光启技术
202411,东北证券,002752.SZ,昇兴股份
202411,东北证券,300986.SZ,志特新材
202411,东北证券,301188.SZ,力诺特玻
202411,东北证券,600389.SH,江山股份
202411,东北证券,688498.SH,源杰科技
202411,东吴证券,000568.SZ,泸州老窖
202411,东吴证券,300181.SZ,佐力药业
202411,东吴证券,300750.SZ,宁德时代
202411,东吴证券,300783.SZ,三只松鼠
202411,东吴证券,301358.SZ,湖南裕能
202411,东吴证券,688631.SH,莱斯信息
202411,东方证券,000158.SZ,常山北明
202411,东方证券,002456.SZ,欧菲光
202411,东方证券,002865.SZ,钧达股份
202411,东方证券,300085.SZ,银之杰
202411,东方证券,300114.SZ,中航电测
202411,东方证券,601933.SH,永辉超市
202411,东方证券,603019.SH,中科曙光
202411,东方证券,603297.SH,永新光学
202411,东方证券,603887.SH,城地香江
202411,东方证券,688256.SH,寒武纪-U
202411,东海证券,000625.SZ,长安汽车
202411,东海证券,002648.SZ,卫星化学
202411,东海证券,300558.SZ,贝达药业
202411,东海证券,300601.SZ,康泰生物
202411,东海证券,300750.SZ,宁德时代
202411,东海证券,301498.SZ,乖宝宠物
202411,东海证券,600600.SH,青岛啤酒
202411,东海证券,601058.SH,赛轮轮胎
202411,东海证券,601100.SH,恒立液压
202411,东海证券,603986.SH,兆易创新
202411,中信建投,002517.SZ,恺英网络
202411,中信建投,300394.SZ,天孚通信
202411,中信建投,300525.SZ,博思软件
202411,中信建投,301377.SZ,鼎泰高科
202411,中信建投,600266.SH,城建发展
202411,中信建投,600298.SH,安琪酵母
202411,中信建投,600483.SH,福能股份
202411,中信建投,601668.SH,中国建筑
202411,中信建投,605166.SH,聚合顺
202411,中信建投,605589.SH,圣泉集团
202411,中原证券,002179.SZ,中航光电
202411,中原证券,002648.SZ,卫星化学
202411,中原证券,002714.SZ,牧原股份
202411,中原证券,300415.SZ,伊之密
202411,中原证券,301358.SZ,湖南裕能
202411,中原证券,601555.SH,东吴证券
202411,中原证券,688041.SH,海光信息
202411,中原证券,688111.SH,金山办公
202411,中原证券,688303.SH,大全能源
202411,中原证券,688777.SH,中控技术
202411,中国银河,000543.SZ,皖能电力
202411,中国银河,001979.SZ,招商蛇口
202411,中国银河,002049.SZ,紫光国微
202411,中国银河,300502.SZ,新易盛
202411,中国银河,300782.SZ,卓胜微
202411,中国银河,300795.SZ,米奥会展
202411,中国银河,600030.SH,中信证券
202411,中国银河,603369.SH,今世缘
202411,中国银河,603833.SH,欧派家居
202411,中金公司,000063.SZ,中兴通讯
202411,中金公司,000596.SZ,古井贡酒
202411,中金公司,000630.SZ,铜陵有色
202411,中金公司,000776.SZ,广发证券
202411,中金公司,000858.SZ,五粮液
202411,中金公司,000932.SZ,华菱钢铁
202411,中金公司,002011.SZ,盾安环境
202411,中金公司,002027.SZ,分众传媒
202411,中金公司,002028.SZ,思源电气
202411,中金公司,002120.SZ,韵达股份
202411,中金公司,002311.SZ,海大集团
202411,中金公司,002372.SZ,伟星新材
202411,中金公司,002415.SZ,海康威视
202411,中金公司,002422.SZ,科伦药业
202411,中金公司,002475.SZ,立讯精密
202411,中金公司,002541.SZ,鸿路钢构
202411,中金公司,002555.SZ,三七互娱
202411,中金公司,002594.SZ,比亚迪
202411,中金公司,002601.SZ,龙佰集团
202411,中金公司,002714.SZ,牧原股份
202411,中金公司,002847.SZ,盐津铺子
202411,中金公司,003006.SZ,百亚股份
202411,中金公司,300033.SZ,同花顺
202411,中金公司,300059.SZ,东方财富
202411,中金公司,300144.SZ,宋城演艺
202411,中金公司,300316.SZ,晶盛机电
202411,中金公司,300408.SZ,三环集团
202411,中金公司,300413.SZ,芒果超媒
202411,中金公司,300498.SZ,温氏股份
202411,中金公司,300662.SZ,科锐国际
202411,中金公司,300750.SZ,宁德时代
202411,中金公司,300760.SZ,迈瑞医疗
202411,中金公司,300795.SZ,米奥会展
202411,中金公司,300979.SZ,华利集团
202411,中金公司,301095.SZ,广立微
202411,中金公司,600019.SH,宝钢股份
202411,中金公司,600025.SH,华能水电
202411,中金公司,600030.SH,中信证券
202411,中金公司,600036.SH,招商银行
202411,中金公司,600183.SH,生益科技
202411,中金公司,600266.SH,城建发展
202411,中金公司,600309.SH,万华化学
202411,中金公司,600323.SH,瀚蓝环境
202411,中金公司,600325.SH,华发股份
202411,中金公司,600346.SH,恒力石化
202411,中金公司,600426.SH,华鲁恒升
202411,中金公司,600529.SH,山东药玻
202411,中金公司,600760.SH,中航沈飞
202411,中金公司,600765.SH,中航重机
202411,中金公司,600809.SH,山西汾酒
202411,中金公司,600861.SH,北京人力
202411,中金公司,600887.SH,伊利股份
202411,中金公司,600901.SH,江苏金租
202411,中金公司,600968.SH,海油发展
202411,中金公司,601077.SH,渝农商行
202411,中金公司,601318.SH,中国平安
202411,中金公司,601601.SH,中国太保
202411,中金公司,601688.SH,华泰证券
202411,中金公司,601689.SH,拓普集团
202411,中金公司,601717.SH,郑煤机
202411,中金公司,601899.SH,紫金矿业
202411,中金公司,601975.SH,招商南油
202411,中金公司,603193.SH,润本股份
202411,中金公司,603501.SH,韦尔股份
202411,中金公司,603529.SH,爱玛科技
202411,中金公司,603605.SH,珀莱雅
202411,中金公司,603833.SH,欧派家居
202411,中金公司,603871.SH,嘉友国际
202411,中金公司,603899.SH,晨光股份
202411,中金公司,605196.SH,华通线缆
202411,中金公司,605499.SH,东鹏饮料
202411,中金公司,688066.SH,航天宏图
202411,中金公司,688111.SH,金山办公
202411,中金公司,688271.SH,联影医疗
202411,中金公司,688700.SH,东威科技
202411,中银证券,000680.SZ,山推股份
202411,中银证券,000848.SZ,承德露露
202411,中银证券,002938.SZ,鹏鼎控股
202411,中银证券,300476.SZ,胜宏科技
202411,中银证券,300750.SZ,宁德时代
202411,中银证券,600309.SH,万华化学
202411,中银证券,600383.SH,金地集团
202411,中银证券,688019.SH,安集科技
202411,中银证券,688630.SH,芯碁微装
202411,信达证券,002352.SZ,顺丰控股
202411,信达证券,300750.SZ,宁德时代
202411,信达证券,600188.SH,兖矿能源
202411,信达证券,600765.SH,中航重机
202411,信达证券,600938.SH,中国海油
202411,信达证券,601058.SH,赛轮轮胎
202411,信达证券,601138.SH,工业富联
202411,信达证券,601665.SH,齐鲁银行
202411,信达证券,601918.SH,新集能源
202411,光大证券,000059.SZ,华锦股份
202411,光大证券,000651.SZ,格力电器
202411,光大证券,000858.SZ,五粮液
202411,光大证券,300596.SZ,利安隆
202411,光大证券,300750.SZ,宁德时代
202411,光大证券,601601.SH,中国太保
202411,光大证券,601728.SH,中国电信
202411,光大证券,688008.SH,澜起科技
202411,光大证券,688378.SH,奥来德
202411,光大证券,688981.SH,中芯国际
202411,兴业证券,000932.SZ,华菱钢铁
202411,兴业证券,002739.SZ,万达电影
202411,兴业证券,300502.SZ,新易盛
202411,兴业证券,300772.SZ,运达股份
202411,兴业证券,600570.SH,恒生电子
202411,兴业证券,601688.SH,华泰证券
202411,兴业证券,601800.SH,中国交建
202411,兴业证券,688002.SH,睿创微纳
202411,兴业证券,688111.SH,金山办公
202411,兴业证券,688326.SH,经纬恒润-W
202411,华创证券,002517.SZ,恺英网络
202411,华创证券,002947.SZ,恒铭达
202411,华创证券,300002.SZ,神州泰岳
202411,华创证券,300119.SZ,瑞普生物
202411,华创证券,300857.SZ,协创数据
202411,华创证券,301078.SZ,孩子王
202411,华创证券,600163.SH,中闽能源
202411,华创证券,600458.SH,时代新材
202411,华创证券,603416.SH,信捷电气
202411,华创证券,688212.SH,澳华内镜
202411,华泰证券,002714.SZ,牧原股份
202411,华泰证券,301153.SZ,中科江南
202411,华泰证券,600649.SH,城投控股
202411,华泰证券,601117.SH,中国化学
202411,华泰证券,601156.SH,东航物流
202411,华泰证券,688361.SH,中科飞测
202411,华源证券,002223.SZ,鱼跃医疗
202411,华源证券,300811.SZ,铂科新材
202411,华源证券,600310.SH,广西能源
202411,华源证券,600585.SH,海螺水泥
202411,华源证券,600642.SH,申能股份
202411,华源证券,603056.SH,德邦股份
202411,华源证券,603737.SH,三棵树
202411,华源证券,603993.SH,洛阳钼业
202411,华福证券,002019.SZ,亿帆医药
202411,华福证券,002568.SZ,百润股份
202411,华福证券,300151.SZ,昌红科技
202411,华福证券,300750.SZ,宁德时代
202411,华福证券,600000.SH,浦发银行
202411,华福证券,600900.SH,长江电力
202411,华福证券,601899.SH,紫金矿业
202411,华福证券,603283.SH,赛腾股份
202411,华福证券,688239.SH,航宇科技
202411,华金证券,002865.SZ,钧达股份
202411,华金证券,002991.SZ,甘源食品
202411,华金证券,300182.SZ,捷成股份
202411,华金证券,301358.SZ,湖南裕能
202411,华金证券,600160.SH,巨化股份
202411,华金证券,603711.SH,香飘飘
202411,华金证券,688012.SH,中微公司
202411,华金证券,688019.SH,安集科技
202411,华金证券,688522.SH,纳睿雷达
202411,华鑫证券,000829.SZ,天音控股
202411,华鑫证券,002317.SZ,众生药业
202411,华鑫证券,300033.SZ,同花顺
202411,华鑫证券,300652.SZ,雷迪克
202411,华鑫证券,300684.SZ,中石科技
202411,华鑫证券,600986.SH,浙文互联
202411,华鑫证券,601865.SH,福莱特
202411,华鑫证券,603119.SH,浙江荣泰
202411,华鑫证券,603297.SH,永新光学
202411,华鑫证券,688035.SH,德邦科技
202411,华龙证券,002456.SZ,欧菲光
202411,华龙证券,002966.SZ,苏州银行
202411,华龙证券,301029.SZ,怡合达
202411,华龙证券,601633.SH,长城汽车
202411,华龙证券,601865.SH,福莱特
202411,华龙证券,603019.SH,中科曙光
202411,国信证券,001301.SZ,尚太科技
202411,国信证券,002142.SZ,宁波银行
202411,国信证券,002352.SZ,顺丰控股
202411,国信证券,002920.SZ,德赛西威
202411,国信证券,600111.SH,北方稀土
202411,国信证券,600458.SH,时代新材
202411,国元证券,000777.SZ,中核科技
202411,国元证券,002517.SZ,恺英网络
202411,国元证券,002594.SZ,比亚迪
202411,国元证券,301548.SZ,崇德科技
202411,国元证券,688208.SH,道通科技
202411,国元证券,688410.SH,山外山
202411,国投证券,000333.SZ,美的集团
202411,国投证券,002371.SZ,北方华创
202411,国投证券,002475.SZ,立讯精密
202411,国投证券,600036.SH,招商银行
202411,国投证券,601336.SH,新华保险
202411,国投证券,601800.SH,中国交建
202411,国投证券,603019.SH,中科曙光
202411,国投证券,603100.SH,川仪股份
202411,国投证券,603993.SH,洛阳钼业
202411,国投证券,603997.SH,继峰股份
202411,国泰君安,002271.SZ,东方雨虹
202411,国泰君安,002368.SZ,太极股份
202411,国泰君安,300395.SZ,菲利华
202411,国泰君安,300415.SZ,伊之密
202411,国泰君安,600026.SH,中远海能
202411,国泰君安,600438.SH,通威股份
202411,国泰君安,600642.SH,申能股份
202411,国泰君安,600760.SH,中航沈飞
202411,国泰君安,600900.SH,长江电力
202411,国泰君安,600919.SH,江苏银行
202411,国泰君安,601100.SH,恒立液压
202411,国泰君安,601111.SH,中国国航
202411,国泰君安,601628.SH,中国人寿
202411,国泰君安,601689.SH,拓普集团
202411,国泰君安,601800.SH,中国交建
202411,国泰君安,601827.SH,三峰环境
202411,国泰君安,603087.SH,甘李药业
202411,国泰君安,688036.SH,传音控股
202411,国泰君安,688593.SH,新相微
202411,国海证券,002043.SZ,兔宝宝
202411,国海证券,002475.SZ,立讯精密
202411,国海证券,002517.SZ,恺英网络
202411,国海证券,002648.SZ,卫星化学
202411,国海证券,002906.SZ,华阳集团
202411,国海证券,300803.SZ,指南针
202411,国海证券,600256.SH,广汇能源
202411,国海证券,600438.SH,通威股份
202411,国海证券,600861.SH,北京人力
202411,国海证券,688582.SH,芯动联科
202411,国盛证券,000786.SZ,北新建材
202411,国盛证券,003001.SZ,中岩大地
202411,国盛证券,601636.SH,旗滨集团
202411,国盛证券,603606.SH,东方电缆
202411,国盛证券,603800.SH,洪田股份
202411,国盛证券,603920.SH,世运电路
202411,国盛证券,603993.SH,洛阳钼业
202411,国联证券,000568.SZ,泸州老窖
202411,国联证券,001979.SZ,招商蛇口
202411,国联证券,002508.SZ,老板电器
202411,国联证券,300145.SZ,中金环境
202411,国联证券,600066.SH,宇通客车
202411,国联证券,600584.SH,长电科技
202411,国联证券,601156.SH,东航物流
202411,国联证券,601628.SH,中国人寿
202411,国联证券,601857.SH,中国石油
202411,国联证券,603993.SH,洛阳钼业
202411,国金证券,000887.SZ,中鼎股份
202411,国金证券,002517.SZ,恺英网络
202411,国金证券,300856.SZ,科思股份
202411,国金证券,600183.SH,生益科技
202411,国金证券,688278.SH,特宝生物
202411,国金证券,688318.SH,财富趋势
202411,国金证券,688320.SH,禾川科技
202411,国金证券,688351.SH,微电生理-U
202411,国金证券,688516.SH,奥特维
202411,天风证券,000333.SZ,美的集团
202411,天风证券,000516.SZ,国际医学
202411,天风证券,000917.SZ,电广传媒
202411,天风证券,000921.SZ,海信家电
202411,天风证券,001979.SZ,招商蛇口
202411,天风证券,002475.SZ,立讯精密
202411,天风证券,002541.SZ,鸿路钢构
202411,天风证券,003000.SZ,劲仔食品
202411,天风证券,300308.SZ,中际旭创
202411,天风证券,300394.SZ,天孚通信
202411,天风证券,300498.SZ,温氏股份
202411,天风证券,300502.SZ,新易盛
202411,天风证券,300979.SZ,华利集团
202411,天风证券,600487.SH,亨通光电
202411,天风证券,600522.SH,中天科技
202411,天风证券,600566.SH,济川药业
202411,天风证券,600585.SH,海螺水泥
202411,天风证券,600642.SH,申能股份
202411,天风证券,600661.SH,昂立教育
202411,天风证券,600861.SH,北京人力
202411,天风证券,601138.SH,工业富联
202411,天风证券,601211.SH,国泰君安
202411,天风证券,603358.SH,华达科技
202411,天风证券,603565.SH,中谷物流
202411,天风证券,603678.SH,火炬电子
202411,天风证券,603816.SH,顾家家居
202411,天风证券,603885.SH,吉祥航空
202411,天风证券,605108.SH,同庆楼
202411,天风证券,688041.SH,海光信息
202411,天风证券,688050.SH,爱博医疗
202411,天风证券,688111.SH,金山办公
202411,天风证券,688235.SH,百济神州-U
202411,天风证券,688382.SH,益方生物-U
202411,天风证券,688522.SH,纳睿雷达
202411,天风证券,688633.SH,星球石墨
202411,天风证券,688692.SH,达梦数据
202411,天风证券,832982.BJ,锦波生物
202411,太平洋,002351.SZ,漫步者
202411,太平洋,300750.SZ,宁德时代
202411,太平洋,300783.SZ,三只松鼠
202411,太平洋,301333.SZ,诺思格
202411,太平洋,603659.SH,璞泰来
202411,太平洋,688506.SH,百利天恒-U
202411,太平洋,688522.SH,纳睿雷达
202411,平安证券,000333.SZ,美的集团
202411,平安证券,000977.SZ,浪潮信息
202411,平安证券,002371.SZ,北方华创
202411,平安证券,300363.SZ,博腾股份
202411,平安证券,600438.SH,通威股份
202411,平安证券,601601.SH,中国太保
202411,平安证券,601615.SH,明阳智能
202411,平安证券,688136.SH,科兴制药
202411,平安证券,688150.SH,莱特光电
202411,平安证券,688582.SH,芯动联科
202411,开源证券,002920.SZ,德赛西威
202411,开源证券,002991.SZ,甘源食品
202411,开源证券,300274.SZ,阳光电源
202411,开源证券,600487.SH,亨通光电
202411,开源证券,600584.SH,长电科技
202411,开源证券,601595.SH,上海电影
202411,开源证券,601601.SH,中国太保
202411,开源证券,603259.SH,药明康德
202411,开源证券,603605.SH,珀莱雅
202411,开源证券,688169.SH,石头科技
202411,招商证券,000768.SZ,中航西飞
202411,招商证券,002475.SZ,立讯精密
202411,招商证券,300750.SZ,宁德时代
202411,招商证券,600660.SH,福耀玻璃
202411,招商证券,601963.SH,重庆银行
202411,招商证券,688169.SH,石头科技
202411,民生证券,000408.SZ,藏格矿业
202411,民生证券,002271.SZ,东方雨虹
202411,民生证券,002777.SZ,久远银海
202411,民生证券,300203.SZ,聚光科技
202411,民生证券,300593.SZ,新雷能
202411,民生证券,301078.SZ,孩子王
202411,民生证券,600546.SH,山煤国际
202411,浙商证券,000933.SZ,神火股份
202411,浙商证券,002624.SZ,完美世界
202411,浙商证券,002837.SZ,英维克
202411,浙商证券,300207.SZ,欣旺达
202411,浙商证券,300443.SZ,金雷股份
202411,浙商证券,300743.SZ,天地数码
202411,浙商证券,600030.SH,中信证券
202411,浙商证券,600316.SH,洪都航空
202411,浙商证券,601155.SH,新城控股
202411,浙商证券,688133.SH,泰坦科技
202411,海通证券,000002.SZ,万科A
202411,海通证券,000333.SZ,美的集团
202411,海通证券,300836.SZ,佰奥智能
202411,海通证券,600011.SH,华能国际
202411,海通证券,600079.SH,人福医药
202411,海通证券,600690.SH,海尔智家
202411,海通证券,603799.SH,华友钴业
202411,海通证券,688111.SH,金山办公
202411,申万宏源,000977.SZ,浪潮信息
202411,申万宏源,002409.SZ,雅克科技
202411,申万宏源,002966.SZ,苏州银行
202411,申万宏源,300628.SZ,亿联网络
202411,申万宏源,301187.SZ,欧圣电气
202411,申万宏源,600233.SH,圆通速递
202411,申万宏源,600325.SH,华发股份
202411,申万宏源,600989.SH,宝丰能源
202411,申万宏源,601702.SH,华峰铝业
202411,西部证券,000034.SZ,神州数码
202411,西部证券,002230.SZ,科大讯飞
202411,西部证券,601138.SH,工业富联
202411,西部证券,688041.SH,海光信息
202411,西部证券,688111.SH,金山办公
202411,西部证券,688256.SH,寒武纪-U
202411,财通证券,002271.SZ,东方雨虹
202411,财通证券,002353.SZ,杰瑞股份
202411,财通证券,002463.SZ,沪电股份
202411,财通证券,300049.SZ,福瑞股份
202411,财通证券,600030.SH,中信证券
202411,财通证券,600585.SH,海螺水泥
202411,财通证券,600861.SH,北京人力
202411,财通证券,603816.SH,顾家家居
202411,财通证券,605499.SH,东鹏饮料
202411,财通证券,688041.SH,海光信息
202411,长江证券,000333.SZ,美的集团
202411,长江证券,000932.SZ,华菱钢铁
202411,长江证券,002043.SZ,兔宝宝
202411,长江证券,002128.SZ,电投能源
202411,长江证券,002281.SZ,光迅科技
202411,长江证券,002384.SZ,东山精密
202411,长江证券,002465.SZ,海格通信
202411,长江证券,002517.SZ,恺英网络
202411,长江证券,002532.SZ,天山铝业
202411,长江证券,002541.SZ,鸿路钢构
202411,长江证券,002605.SZ,姚记科技
202411,长江证券,002648.SZ,卫星化学
202411,长江证券,300037.SZ,新宙邦
202411,长江证券,300776.SZ,帝尔激光
202411,长江证券,600048.SH,保利发展
202411,长江证券,600131.SH,国网信通
202411,长江证券,600323.SH,瀚蓝环境
202411,长江证券,600388.SH,龙净环保
202411,长江证券,600438.SH,通威股份
202411,长江证券,600584.SH,长电科技
202411,长江证券,600760.SH,中航沈飞
202411,长江证券,600901.SH,江苏金租
202411,长江证券,600919.SH,江苏银行
202411,长江证券,600989.SH,宝丰能源
202411,长江证券,601668.SH,中国建筑
202411,长江证券,601800.SH,中国交建
202411,长江证券,603056.SH,德邦股份
202411,长江证券,603062.SH,麦加芯彩
202411,长江证券,603393.SH,新天然气
202411,长江证券,603737.SH,三棵树
202411,长江证券,603801.SH,志邦家居
202411,长江证券,603885.SH,吉祥航空
202411,长江证券,605589.SH,圣泉集团
202411,长江证券,688256.SH,寒武纪-U
202412,东兴证券,002142.SZ,宁波银行
202412,东兴证券,300547.SZ,川环科技
202412,东兴证券,300783.SZ,三只松鼠
202412,东兴证券,600176.SH,中国巨石
202412,东兴证券,600938.SH,中国海油
202412,东兴证券,605218.SH,伟时电子
202412,东北证券,000333.SZ,美的集团
202412,东北证券,002625.SZ,光启技术
202412,东北证券,002752.SZ,昇兴股份
202412,东北证券,300986.SZ,志特新材
202412,东北证券,301188.SZ,力诺药包
202412,东北证券,600389.SH,江山股份
202412,东北证券,688498.SH,源杰科技
202412,东吴证券,300033.SZ,同花顺
202412,东吴证券,300750.SZ,宁德时代
202412,东吴证券,300751.SZ,迈为股份
202412,东吴证券,301236.SZ,软通动力
202412,东吴证券,301285.SZ,鸿日达
202412,东吴证券,600104.SH,上汽集团
202412,东吴证券,600415.SH,小商品城
202412,东吴证券,600702.SH,舍得酒业
202412,东吴证券,600879.SH,航天电子
202412,东海证券,000625.SZ,长安汽车
202412,东海证券,002142.SZ,宁波银行
202412,东海证券,002422.SZ,科伦药业
202412,东海证券,002648.SZ,卫星化学
202412,东海证券,300558.SZ,贝达药业
202412,东海证券,300761.SZ,立华股份
202412,东海证券,600600.SH,青岛啤酒
202412,东海证券,601058.SH,赛轮轮胎
202412,东海证券,603338.SH,浙江鼎力
202412,东海证券,603986.SH,兆易创新
202412,中信建投,300059.SZ,东方财富
202412,中信建投,300827.SZ,上能电气
202412,中信建投,300973.SZ,立高食品
202412,中信建投,601611.SH,中国核建
202412,中信建投,603950.SH,长源东谷
202412,中信建投,605376.SH,博迁新材
202412,中信建投,688208.SH,道通科技
202412,中信建投,688548.SH,广钢气体
202412,中信建投,688596.SH,正帆科技
202412,中信建投,688692.SH,达梦数据
202412,中原证券,001215.SZ,千味央厨
202412,中原证券,300850.SZ,新强联
202412,中原证券,301358.SZ,湖南裕能
202412,中原证券,301498.SZ,乖宝宠物
202412,中原证券,600096.SH,云天化
202412,中原证券,600941.SH,中国移动
202412,中原证券,603338.SH,浙江鼎力
202412,中原证券,688303.SH,大全能源
202412,中原证券,688578.SH,艾力斯
202412,中原证券,688608.SH,恒玄科技
202412,中国银河,000333.SZ,美的集团
202412,中国银河,002049.SZ,紫光国微
202412,中国银河,300502.SZ,新易盛
202412,中国银河,300634.SZ,彩讯股份
202412,中国银河,300760.SZ,迈瑞医疗
202412,中国银河,301062.SZ,上海艾录
202412,中国银河,600027.SH,华电国际
202412,中国银河,601975.SH,招商南油
202412,中国银河,603288.SH,海天味业
202412,中国银河,688349.SH,三一重能
202412,中泰证券,002241.SZ,歌尔股份
202412,中泰证券,002605.SZ,姚记科技
202412,中泰证券,002928.SZ,华夏航空
202412,中泰证券,600176.SH,中国巨石
202412,中泰证券,600258.SH,首旅酒店
202412,中泰证券,601088.SH,中国神华
202412,中泰证券,601900.SH,南方传媒
202412,中泰证券,605499.SH,东鹏饮料
202412,中泰证券,688535.SH,华海诚科
202412,中泰证券,688702.SH,盛科通信-U
202412,中金公司,000998.SZ,隆平高科
202412,中金公司,001979.SZ,招商蛇口
202412,中金公司,605108.SH,同庆楼
202412,信达证券,000333.SZ,美的集团
202412,信达证券,002352.SZ,顺丰控股
202412,信达证券,300418.SZ,昆仑万维
202412,信达证券,600188.SH,兖矿能源
202412,信达证券,600765.SH,中航重机
202412,信达证券,600938.SH,中国海油
202412,信达证券,601058.SH,赛轮轮胎
202412,信达证券,601595.SH,上海电影
202412,信达证券,601918.SH,新集能源
202412,光大证券,300059.SZ,东方财富
202412,光大证券,600887.SH,伊利股份
202412,光大证券,600941.SH,中国移动
202412,光大证券,601088.SH,中国神华
202412,光大证券,601857.SH,中国石油
202412,光大证券,601933.SH,永辉超市
202412,光大证券,603517.SH,绝味食品
202412,光大证券,688041.SH,海光信息
202412,光大证券,688256.SH,寒武纪-U
202412,光大证券,688378.SH,奥来德
202412,兴业证券,000785.SZ,居然之家
202412,兴业证券,000932.SZ,华菱钢铁
202412,兴业证券,002241.SZ,歌尔股份
202412,兴业证券,300502.SZ,新易盛
202412,兴业证券,600276.SH,恒瑞医药
202412,兴业证券,601318.SH,中国平安
202412,兴业证券,601878.SH,浙商证券
202412,兴业证券,603977.SH,国泰集团
202412,兴业证券,688041.SH,海光信息
202412,兴业证券,688548.SH,广钢气体
202412,华创证券,000099.SZ,中信海直
202412,华创证券,002292.SZ,奥飞娱乐
202412,华创证券,002517.SZ,恺英网络
202412,华创证券,301078.SZ,孩子王
202412,华创证券,600163.SH,中闽能源
202412,华创证券,603179.SH,新泉股份
202412,华创证券,603416.SH,信捷电气
202412,华创证券,605108.SH,同庆楼
202412,华创证券,688111.SH,金山办公
202412,华创证券,688361.SH,中科飞测
202412,华安证券,002044.SZ,美年健康
202412,华安证券,002138.SZ,顺络电子
202412,华安证券,002572.SZ,索菲亚
202412,华安证券,002714.SZ,牧原股份
202412,华安证券,002738.SZ,中矿资源
202412,华安证券,300442.SZ,润泽科技
202412,华安证券,300498.SZ,温氏股份
202412,华安证券,300750.SZ,宁德时代
202412,华安证券,600760.SH,中航沈飞
202412,华泰证券,002311.SZ,海大集团
202412,华泰证券,002315.SZ,焦点科技
202412,华泰证券,002837.SZ,英维克
202412,华泰证券,300037.SZ,新宙邦
202412,华泰证券,600893.SH,航发动力
202412,华泰证券,601077.SH,渝农商行
202412,华源证券,002738.SZ,中矿资源
202412,华源证券,300705.SZ,九典制药
202412,华源证券,300979.SZ,华利集团
202412,华源证券,600310.SH,广西能源
202412,华源证券,603056.SH,德邦股份
202412,华源证券,603977.SH,国泰集团
202412,华源证券,605598.SH,上海港湾
202412,华福证券,002352.SZ,顺丰控股
202412,华福证券,002568.SZ,百润股份
202412,华福证券,002608.SZ,江苏国信
202412,华福证券,300260.SZ,新莱应材
202412,华福证券,300705.SZ,九典制药
202412,华福证券,601088.SH,中国神华
202412,华福证券,601899.SH,紫金矿业
202412,华福证券,603283.SH,赛腾股份
202412,华福证券,603606.SH,东方电缆
202412,华福证券,688658.SH,悦康药业
202412,华金证券,002371.SZ,北方华创
202412,华金证券,002517.SZ,恺英网络
202412,华金证券,002846.SZ,英联股份
202412,华金证券,300182.SZ,捷成股份
202412,华金证券,301358.SZ,湖南裕能
202412,华金证券,600096.SH,云天化
202412,华金证券,600160.SH,巨化股份
202412,华金证券,688072.SH,拓荆科技
202412,华金证券,688522.SH,纳睿雷达
202412,华金证券,688800.SH,瑞可达
202412,华鑫证券,002738.SZ,中矿资源
202412,华鑫证券,002739.SZ,万达电影
202412,华鑫证券,300100.SZ,双林股份
202412,华鑫证券,300783.SZ,三只松鼠
202412,华鑫证券,300788.SZ,中信出版
202412,华鑫证券,301326.SZ,捷邦科技
202412,华鑫证券,600869.SH,远东股份
202412,华鑫证券,601233.SH,桐昆股份
202412,华鑫证券,603341.SH,龙旗科技
202412,华鑫证券,688246.SH,嘉和美康
202412,华龙证券,002384.SZ,东山精密
202412,华龙证券,002517.SZ,恺英网络
202412,华龙证券,002920.SZ,德赛西威
202412,华龙证券,300620.SZ,光库科技
202412,华龙证券,600019.SH,宝钢股份
202412,华龙证券,600438.SH,通威股份
202412,华龙证券,601456.SH,国联证券
202412,华龙证券,688097.SH,博众精工
202412,国信证券,000333.SZ,美的集团
202412,国信证券,002533.SZ,金杯电工
202412,国信证券,300119.SZ,瑞普生物
202412,国信证券,600310.SH,广西能源
202412,国信证券,601111.SH,中国国航
202412,国信证券,601128.SH,常熟银行
202412,国信证券,601799.SH,星宇股份
202412,国信证券,688050.SH,爱博医疗
202412,国元证券,002465.SZ,海格通信
202412,国元证券,002472.SZ,双环传动
202412,国元证券,002605.SZ,姚记科技
202412,国元证券,603606.SH,东方电缆
202412,国元证券,603920.SH,世运电路
202412,国元证券,688008.SH,澜起科技
202412,国元证券,688111.SH,金山办公
202412,国投证券,000333.SZ,美的集团
202412,国投证券,000685.SZ,中山公用
202412,国投证券,600030.SH,中信证券
202412,国投证券,600036.SH,招商银行
202412,国投证券,600536.SH,中国软件
202412,国投证券,601668.SH,中国建筑
202412,国投证券,603338.SH,浙江鼎力
202412,国投证券,688037.SH,芯源微
202412,国投证券,688322.SH,奥比中光-UW
202412,国投证券,688361.SH,中科飞测
202412,国泰君安,001979.SZ,招商蛇口
202412,国泰君安,002271.SZ,东方雨虹
202412,国泰君安,002891.SZ,中宠股份
202412,国泰君安,003010.SZ,若羽臣
202412,国泰君安,600258.SH,首旅酒店
202412,国泰君安,601111.SH,中国国航
202412,国泰君安,603606.SH,东方电缆
202412,国泰君安,688512.SH,慧智微-U
202412,国泰君安,688608.SH,恒玄科技
202412,国海证券,002475.SZ,立讯精密
202412,国海证券,002568.SZ,百润股份
202412,国海证券,300014.SZ,亿纬锂能
202412,国海证券,301127.SZ,天源环保
202412,国海证券,603019.SH,中科曙光
202412,国海证券,603067.SH,振华股份
202412,国海证券,603833.SH,欧派家居
202412,国海证券,688582.SH,芯动联科
202412,国盛证券,000932.SZ,华菱钢铁
202412,国盛证券,003001.SZ,中岩大地
202412,国盛证券,300783.SZ,三只松鼠
202412,国盛证券,600782.SH,新钢股份
202412,国盛证券,601636.SH,旗滨集团
202412,国盛证券,603606.SH,东方电缆
202412,国盛证券,688256.SH,寒武纪-U
202412,国联证券,000426.SZ,兴业银锡
202412,国联证券,300450.SZ,先导智能
202412,国联证券,600901.SH,江苏金租
202412,国联证券,601111.SH,中国国航
202412,国联证券,601857.SH,中国石油
202412,国金证券,000680.SZ,山推股份
202412,国金证券,002475.SZ,立讯精密
202412,国金证券,003005.SZ,竞业达
202412,国金证券,300394.SZ,天孚通信
202412,国金证券,600079.SH,人福医药
202412,国金证券,600765.SH,中航重机
202412,国金证券,688150.SH,莱特光电
202412,国金证券,688305.SH,科德数控
202412,天风证券,000516.SZ,国际医学
202412,天风证券,000921.SZ,海信家电
202412,天风证券,001328.SZ,登康口腔
202412,天风证券,001979.SZ,招商蛇口
202412,天风证券,002311.SZ,海大集团
202412,天风证券,002465.SZ,海格通信
202412,天风证券,002475.SZ,立讯精密
202412,天风证券,002517.SZ,恺英网络
202412,天风证券,002739.SZ,万达电影
202412,天风证券,300308.SZ,中际旭创
202412,天风证券,300413.SZ,芒果超媒
202412,天风证券,300979.SZ,华利集团
202412,天风证券,600323.SH,瀚蓝环境
202412,天风证券,600522.SH,中天科技
202412,天风证券,600661.SH,昂立教育
202412,天风证券,600893.SH,航发动力
202412,天风证券,601138.SH,工业富联
202412,天风证券,601211.SH,国泰君安
202412,天风证券,603358.SH,华达科技
202412,天风证券,603678.SH,火炬电子
202412,天风证券,603885.SH,吉祥航空
202412,天风证券,605108.SH,同庆楼
202412,天风证券,605376.SH,博迁新材
202412,天风证券,688041.SH,海光信息
202412,天风证券,688235.SH,百济神州-U
202412,天风证券,688271.SH,联影医疗
202412,天风证券,688382.SH,益方生物-U
202412,天风证券,688522.SH,纳睿雷达
202412,天风证券,688633.SH,星球石墨
202412,天风证券,688692.SH,达梦数据
202412,天风证券,832982.BJ,锦波生物
202412,太平洋,300750.SZ,宁德时代
202412,太平洋,301158.SZ,德石股份
202412,太平洋,603258.SH,电魂网络
202412,太平洋,603659.SH,璞泰来
202412,太平洋,605499.SH,东鹏饮料
202412,太平洋,688559.SH,海目星
202412,太平洋,689009.SH,九号公司-WD
202412,平安证券,000333.SZ,美的集团
202412,平安证券,002371.SZ,北方华创
202412,平安证券,300059.SZ,东方财富
202412,平安证券,601127.SH,赛力斯
202412,平安证券,601615.SH,明阳智能
202412,平安证券,688041.SH,海光信息
202412,平安证券,688095.SH,福昕软件
202412,平安证券,688136.SH,科兴制药
202412,平安证券,688428.SH,诺诚健华-U
202412,平安证券,688608.SH,恒玄科技
202412,开源证券,002605.SZ,姚记科技
202412,开源证券,002991.SZ,甘源食品
202412,开源证券,600312.SH,平高电气
202412,开源证券,600547.SH,山东黄金
202412,开源证券,600584.SH,长电科技
202412,开源证券,601108.SH,财通证券
202412,开源证券,603477.SH,巨星农牧
202412,开源证券,688073.SH,毕得医药
202412,开源证券,688111.SH,金山办公
202412,德邦证券,002568.SZ,百润股份
202412,德邦证券,300896.SZ,爱美客
202412,德邦证券,600079.SH,人福医药
202412,德邦证券,600219.SH,南山铝业
202412,德邦证券,600989.SH,宝丰能源
202412,德邦证券,603197.SH,保隆科技
202412,德邦证券,603806.SH,福斯特
202412,德邦证券,605090.SH,九丰能源
202412,德邦证券,688111.SH,金山办公
202412,招商证券,000425.SZ,徐工机械
202412,招商证券,000921.SZ,海信家电
202412,招商证券,002475.SZ,立讯精密
202412,招商证券,600036.SH,招商银行
202412,招商证券,600642.SH,申能股份
202412,招商证券,600660.SH,福耀玻璃
202412,招商证券,600732.SH,爱旭股份
202412,招商证券,600941.SH,中国移动
202412,方正证券,000425.SZ,徐工机械
202412,方正证券,002465.SZ,海格通信
202412,方正证券,600576.SH,祥源文旅
202412,方正证券,601318.SH,中国平安
202412,方正证券,603151.SH,邦基科技
202412,方正证券,603170.SH,宝立食品
202412,方正证券,603529.SH,爱玛科技
202412,方正证券,603606.SH,东方电缆
202412,民生证券,000408.SZ,藏格矿业
202412,民生证券,300593.SZ,新雷能
202412,民生证券,300762.SZ,上海瀚讯
202412,民生证券,301078.SZ,孩子王
202412,民生证券,301556.SZ,托普云农
202412,民生证券,600546.SH,山煤国际
202412,民生证券,603871.SH,嘉友国际
202412,民生证券,688196.SH,卓越新能
202412,浙商证券,000680.SZ,山推股份
202412,浙商证券,002624.SZ,完美世界
202412,浙商证券,300037.SZ,新宙邦
202412,浙商证券,600048.SH,保利发展
202412,浙商证券,600728.SH,佳都科技
202412,浙商证券,601229.SH,上海银行
202412,浙商证券,603799.SH,华友钴业
202412,浙商证券,605128.SH,上海沿浦
202412,浙商证券,605507.SH,国邦医药
202412,浙商证券,688408.SH,中信博
202412,海通证券,000997.SZ,新大陆
202412,海通证券,002460.SZ,赣锋锂业
202412,海通证券,002517.SZ,恺英网络
202412,海通证券,300558.SZ,贝达药业
202412,海通证券,600027.SH,华电国际
202412,海通证券,600309.SH,万华化学
202412,海通证券,600438.SH,通威股份
202412,海通证券,600926.SH,杭州银行
202412,海通证券,601665.SH,齐鲁银行
202412,海通证券,603558.SH,健盛集团
202412,申万宏源,000997.SZ,新大陆
202412,申万宏源,002064.SZ,华峰化学
202412,申万宏源,300762.SZ,上海瀚讯
202412,申万宏源,301187.SZ,欧圣电气
202412,申万宏源,600989.SH,宝丰能源
202412,申万宏源,601155.SH,新城控股
202412,申万宏源,601225.SH,陕西煤业
202412,申万宏源,601963.SH,重庆银行
202412,申万宏源,688362.SH,甬矽电子
202412,西部证券,000681.SZ,视觉中国
202412,西部证券,002299.SZ,圣农发展
202412,西部证券,002531.SZ,天顺风能
202412,西部证券,300308.SZ,中际旭创
202412,西部证券,300558.SZ,贝达药业
202412,西部证券,300679.SZ,电连技术
202412,西部证券,601702.SH,华峰铝业
202412,西部证券,603979.SH,金诚信
202412,西部证券,688608.SH,恒玄科技
202412,西部证券,688692.SH,达梦数据
202412,财通证券,002142.SZ,宁波银行
202412,财通证券,002463.SZ,沪电股份
202412,财通证券,300049.SZ,福瑞股份
202412,财通证券,300783.SZ,三只松鼠
202412,财通证券,600585.SH,海螺水泥
202412,财通证券,600999.SH,招商证券
202412,财通证券,601615.SH,明阳智能
202412,财通证券,603338.SH,浙江鼎力
202412,财通证券,603816.SH,顾家家居
202412,财通证券,688041.SH,海光信息
202412,长江证券,000893.SZ,亚钾国际
202412,长江证券,001979.SZ,招商蛇口
202412,长江证券,002465.SZ,海格通信
202412,长江证券,002475.SZ,立讯精密
202412,长江证券,301358.SZ,湖南裕能
202412,长江证券,600036.SH,招商银行
202412,长江证券,600862.SH,中航高科
202412,长江证券,601111.SH,中国国航
202412,长江证券,601800.SH,中国交建
202501,东兴证券,000975.SZ,山金国际
202501,东兴证券,000988.SZ,华工科技
202501,东兴证券,300547.SZ,川环科技
202501,东兴证券,600176.SH,中国巨石
202501,东兴证券,600919.SH,江苏银行
202501,东兴证券,600938.SH,中国海油
202501,东兴证券,688627.SH,精智达
202501,东吴证券,000568.SZ,泸州老窖
202501,东吴证券,002241.SZ,歌尔股份
202501,东吴证券,002463.SZ,沪电股份
202501,东吴证券,300418.SZ,昆仑万维
202501,东吴证券,301236.SZ,软通动力
202501,东吴证券,600066.SH,宇通客车
202501,东吴证券,600104.SH,上汽集团
202501,东吴证券,603699.SH,纽威股份
202501,东吴证券,688208.SH,道通科技
202501,东吴证券,688981.SH,中芯国际
202501,东海证券,000625.SZ,长安汽车
202501,东海证券,002648.SZ,卫星化学
202501,东海证券,301061.SZ,匠心家居
202501,东海证券,301498.SZ,乖宝宠物
202501,东海证券,600600.SH,青岛啤酒
202501,东海证券,600761.SH,安徽合力
202501,东海证券,601058.SH,赛轮轮胎
202501,东海证券,603939.SH,益丰药房
202501,东海证券,603986.SH,兆易创新
202501,东海证券,688278.SH,特宝生物
202501,中信证券,002351.SZ,漫步者
202501,中信证券,002697.SZ,红旗连锁
202501,中信证券,002831.SZ,裕同科技
202501,中信证券,002867.SZ,周大生
202501,中信证券,003021.SZ,兆威机电
202501,中信证券,600674.SH,川投能源
202501,中信证券,600887.SH,伊利股份
202501,中信证券,600941.SH,中国移动
202501,中信证券,601598.SH,中国外运
202501,中信证券,601607.SH,上海医药
202501,中国银河,002739.SZ,万达电影
202501,中国银河,600096.SH,云天化
202501,中国银河,600674.SH,川投能源
202501,中国银河,600941.SH,中国移动
202501,中国银河,601398.SH,工商银行
202501,中国银河,601668.SH,中国建筑
202501,中国银河,603707.SH,健友股份
202501,中国银河,603893.SH,瑞芯微
202501,中国银河,605499.SH,东鹏饮料
202501,中国银河,688568.SH,中科星图
202501,中泰证券,000063.SZ,中兴通讯
202501,中泰证券,000785.SZ,居然智家
202501,中泰证券,002594.SZ,比亚迪
202501,中泰证券,002928.SZ,华夏航空
202501,中泰证券,301045.SZ,天禄科技
202501,中泰证券,600862.SH,中航高科
202501,中泰证券,601088.SH,中国神华
202501,中泰证券,603986.SH,兆易创新
202501,中泰证券,605499.SH,东鹏饮料
202501,信达证券,000333.SZ,美的集团
202501,信达证券,002180.SZ,纳思达
202501,信达证券,002948.SZ,青岛银行
202501,信达证券,300433.SZ,蓝思科技
202501,信达证券,300662.SZ,科锐国际
202501,信达证券,600188.SH,兖矿能源
202501,信达证券,600938.SH,中国海油
202501,信达证券,601058.SH,赛轮轮胎
202501,信达证券,601918.SH,新集能源
202501,兴业证券,000333.SZ,美的集团
202501,兴业证券,002463.SZ,沪电股份
202501,兴业证券,002739.SZ,万达电影
202501,兴业证券,002938.SZ,鹏鼎控股
202501,兴业证券,300395.SZ,菲利华
202501,兴业证券,300750.SZ,宁德时代
202501,兴业证券,600036.SH,招商银行
202501,兴业证券,601336.SH,新华保险
202501,兴业证券,601878.SH,浙商证券
202501,兴业证券,688111.SH,金山办公
202501,华安证券,000951.SZ,中国重汽
202501,华安证券,002138.SZ,顺络电子
202501,华安证券,002568.SZ,百润股份
202501,华安证券,002738.SZ,中矿资源
202501,华安证券,300638.SZ,广和通
202501,华安证券,600938.SH,中国海油
202501,华安证券,601288.SH,农业银行
202501,华安证券,603833.SH,欧派家居
202501,华安证券,688575.SH,亚辉龙
202501,华安证券,688696.SH,极米科技
202501,华源证券,002517.SZ,恺英网络
202501,华源证券,002605.SZ,姚记科技
202501,华源证券,300979.SZ,华利集团
202501,华源证券,600310.SH,广西能源
202501,华源证券,600422.SH,昆药集团
202501,华源证券,600585.SH,海螺水泥
202501,华源证券,601611.SH,中国核建
202501,华源证券,601702.SH,华峰铝业
202501,国信证券,000858.SZ,五粮液
202501,国信证券,000998.SZ,隆平高科
202501,国信证券,300308.SZ,中际旭创
202501,国信证券,600036.SH,招商银行
202501,国信证券,600310.SH,广西能源
202501,国信证券,600941.SH,中国移动
202501,国海证券,002444.SZ,巨星科技
202501,国海证券,002475.SZ,立讯精密
202501,国海证券,002568.SZ,百润股份
202501,国海证券,002648.SZ,卫星化学
202501,国海证券,300979.SZ,华利集团
202501,国海证券,601088.SH,中国神华
202501,国海证券,603833.SH,欧派家居
202501,国海证券,688041.SH,海光信息
202501,国海证券,688582.SH,芯动联科
202501,国联证券,000333.SZ,美的集团
202501,国联证券,002517.SZ,恺英网络
202501,国联证券,002946.SZ,新乳业
202501,国联证券,600104.SH,上汽集团
202501,国联证券,600346.SH,恒力石化
202501,国联证券,601688.SH,华泰证券
202501,国联证券,601899.SH,紫金矿业
202501,国联证券,603100.SH,川仪股份
202501,太平洋,002991.SZ,甘源食品
202501,太平洋,300750.SZ,宁德时代
202501,太平洋,600938.SH,中国海油
202501,太平洋,603659.SH,璞泰来
202501,太平洋,605507.SH,国邦医药
202501,太平洋,688208.SH,道通科技
202501,太平洋,689009.SH,九号公司-WD
202501,平安证券,000333.SZ,美的集团
202501,平安证券,002371.SZ,北方华创
202501,平安证券,300059.SZ,东方财富
202501,平安证券,300476.SZ,胜宏科技
202501,平安证券,600660.SH,福耀玻璃
202501,平安证券,601615.SH,明阳智能
202501,平安证券,688041.SH,海光信息
202501,平安证券,688136.SH,科兴制药
202501,平安证券,688428.SH,诺诚健华-U
202501,平安证券,688608.SH,恒玄科技
202501,开源证券,000938.SZ,紫光股份
202501,开源证券,002991.SZ,甘源食品
202501,开源证券,600901.SH,江苏金租
202501,开源证券,601088.SH,中国神华
202501,开源证券,603214.SH,爱婴室
202501,开源证券,603477.SH,巨星农牧
202501,开源证券,688111.SH,金山办公
202501,开源证券,688169.SH,石头科技
202501,开源证券,688798.SH,艾为电子
202501,德邦证券,000807.SZ,云铝股份
202501,德邦证券,002226.SZ,江南化工
202501,德邦证券,002991.SZ,甘源食品
202501,德邦证券,300750.SZ,宁德时代
202501,德邦证券,600079.SH,人福医药
202501,德邦证券,600422.SH,昆药集团
202501,德邦证券,603193.SH,润本股份
202501,德邦证券,603283.SH,赛腾股份
202501,德邦证券,688111.SH,金山办公
202501,德邦证券,688629.SH,华丰科技
202501,招商证券,000921.SZ,海信家电
202501,招商证券,002003.SZ,伟星股份
202501,招商证券,002475.SZ,立讯精密
202501,招商证券,300750.SZ,宁德时代
202501,招商证券,600036.SH,招商银行
202501,招商证券,600642.SH,申能股份
202501,招商证券,600660.SH,福耀玻璃
202501,招商证券,600941.SH,中国移动
202501,招商证券,601298.SH,青岛港
202501,浙商证券,000423.SZ,东阿阿胶
202501,浙商证券,000596.SZ,古井贡酒
202501,浙商证券,000938.SZ,紫光股份
202501,浙商证券,002780.SZ,三夫户外
202501,浙商证券,300207.SZ,欣旺达
202501,浙商证券,600690.SH,海尔智家
202501,浙商证券,600919.SH,江苏银行
202501,浙商证券,601111.SH,中国国航
202501,浙商证券,601225.SH,陕西煤业
202501,浙商证券,603119.SH,浙江荣泰
202501,海通证券,000002.SZ,万科A
202501,海通证券,002532.SZ,天山铝业
202501,海通证券,002970.SZ,锐明技术
202501,海通证券,600027.SH,华电国际
202501,海通证券,600422.SH,昆药集团
202501,海通证券,600438.SH,通威股份
202501,海通证券,600690.SH,海尔智家
202501,海通证券,600919.SH,江苏银行
202501,海通证券,600926.SH,杭州银行
202501,海通证券,600986.SH,浙文互联
202501,海通证券,688169.SH,石头科技
202501,西部证券,000063.SZ,中兴通讯
202501,西部证券,002851.SZ,麦格米特
202501,西部证券,300308.SZ,中际旭创
202501,西部证券,300558.SZ,贝达药业
202501,西部证券,300761.SZ,立华股份
202501,西部证券,601688.SH,华泰证券
202501,西部证券,601702.SH,华峰铝业
202501,西部证券,603979.SH,金诚信
202501,西部证券,688279.SH,峰岹科技
202501,西部证券,688300.SH,联瑞新材
202501,财通证券,000425.SZ,徐工机械
202501,财通证券,002463.SZ,沪电股份
202501,财通证券,002991.SZ,甘源食品
202501,财通证券,300049.SZ,福瑞股份
202501,财通证券,600585.SH,海螺水泥
202501,财通证券,601077.SH,渝农商行
202501,财通证券,601456.SH,国联证券
202501,财通证券,603816.SH,顾家家居
202501,财通证券,688041.SH,海光信息
202502,东兴证券,000988.SZ,华工科技
202502,东兴证券,002387.SZ,维信诺
202502,东兴证券,002847.SZ,盐津铺子
202502,东兴证券,300547.SZ,川环科技
202502,东兴证券,600012.SH,皖通高速
202502,东兴证券,600176.SH,中国巨石
202502,东兴证券,688047.SH,龙芯中科
202502,东吴证券,002050.SZ,三花智控
202502,东吴证券,002353.SZ,杰瑞股份
202502,东吴证券,300433.SZ,蓝思科技
202502,东吴证券,300866.SZ,安克创新
202502,东吴证券,301220.SZ,亚香股份
202502,东吴证券,600066.SH,宇通客车
202502,东吴证券,600323.SH,瀚蓝环境
202502,东吴证券,605598.SH,上海港湾
202502,东吴证券,688208.SH,道通科技
202502,东吴证券,688281.SH,华秦科技
202502,东海证券,000625.SZ,长安汽车
202502,东海证券,002648.SZ,卫星化学
202502,东海证券,300558.SZ,贝达药业
202502,东海证券,301061.SZ,匠心家居
202502,东海证券,301080.SZ,百普赛斯
202502,东海证券,301498.SZ,乖宝宠物
202502,东海证券,600160.SH,巨化股份
202502,东海证券,600761.SH,安徽合力
202502,东海证券,601100.SH,恒立液压
202502,东海证券,688711.SH,宏微科技
202502,中原证券,002046.SZ,国机精工
202502,中原证券,002311.SZ,海大集团
202502,中原证券,002517.SZ,恺英网络
202502,中原证券,002747.SZ,埃斯顿
202502,中原证券,300910.SZ,瑞丰新材
202502,中原证券,600066.SH,宇通客车
202502,中原证券,601058.SH,赛轮轮胎
202502,中原证券,688313.SH,仕佳光子
202502,中原证券,688578.SH,艾力斯
202502,中原证券,688777.SH,中控技术
202502,中国银河,000333.SZ,美的集团
202502,中国银河,000338.SZ,潍柴动力
202502,中国银河,000425.SZ,徐工机械
202502,中国银河,300308.SZ,中际旭创
202502,中国银河,300433.SZ,蓝思科技
202502,中国银河,300788.SZ,中信出版
202502,中国银河,600674.SH,川投能源
202502,中国银河,601975.SH,招商南油
202502,中国银河,688088.SH,虹软科技
202502,中泰证券,000768.SZ,中航西飞
202502,中泰证券,000785.SZ,居然智家
202502,中泰证券,000807.SZ,云铝股份
202502,中泰证券,002928.SZ,华夏航空
202502,中泰证券,300750.SZ,宁德时代
202502,中泰证券,600398.SH,海澜之家
202502,中泰证券,601088.SH,中国神华
202502,中泰证券,603855.SH,华荣股份
202502,中泰证券,605088.SH,冠盛股份
202502,中泰证券,605499.SH,东鹏饮料
202502,信达证券,000333.SZ,美的集团
202502,信达证券,300170.SZ,汉得信息
202502,信达证券,300433.SZ,蓝思科技
202502,信达证券,300750.SZ,宁德时代
202502,信达证券,300972.SZ,万辰集团
202502,信达证券,600188.SH,兖矿能源
202502,信达证券,600938.SH,中国海油
202502,信达证券,601058.SH,赛轮轮胎
202502,信达证券,601665.SH,齐鲁银行
202502,信达证券,601918.SH,新集能源
202502,光大证券,000651.SZ,格力电器
202502,光大证券,300274.SZ,阳光电源
202502,光大证券,300733.SZ,西菱动力
202502,光大证券,600036.SH,招商银行
202502,光大证券,601933.SH,永辉超市
202502,光大证券,603259.SH,药明康德
202502,光大证券,603306.SH,华懋科技
202502,光大证券,603979.SH,金诚信
202502,光大证券,688256.SH,寒武纪-U
202502,光大证券,688378.SH,奥来德
202502,华安证券,002078.SZ,太阳纸业
202502,华安证券,002460.SZ,赣锋锂业
202502,华安证券,002648.SZ,卫星化学
202502,华安证券,002714.SZ,牧原股份
202502,华安证券,002891.SZ,中宠股份
202502,华安证券,300698.SZ,万马科技
202502,华安证券,300750.SZ,宁德时代
202502,华安证券,300783.SZ,三只松鼠
202502,华安证券,603228.SH,景旺电子
202502,华安证券,605499.SH,东鹏饮料
202502,华泰证券,000963.SZ,华东医药
202502,华泰证券,002311.SZ,海大集团
202502,华泰证券,002850.SZ,科达利
202502,华泰证券,600183.SH,生益科技
202502,华泰证券,601100.SH,恒立液压
202502,华泰证券,601838.SH,成都银行
202502,华西证券,000048.SZ,京基智农
202502,华西证券,000858.SZ,五粮液
202502,华西证券,000938.SZ,紫光股份
202502,华西证券,002946.SZ,新乳业
202502,华西证券,600316.SH,洪都航空
202502,华西证券,601881.SH,中国银河
202502,国信证券,000333.SZ,美的集团
202502,国信证券,002142.SZ,宁波银行
202502,国信证券,600595.SH,中孚实业
202502,国信证券,600885.SH,宏发股份
202502,国信证券,600900.SH,长江电力
202502,国信证券,600933.SH,爱柯迪
202502,国信证券,688615.SH,合合信息
202502,太平洋证券,002991.SZ,甘源食品
202502,太平洋证券,300750.SZ,宁德时代
202502,太平洋证券,603338.SH,浙江鼎力
202502,太平洋证券,603659.SH,璞泰来
202502,太平洋证券,605080.SH,浙江自然
202502,平安证券,000333.SZ,美的集团
202502,平安证券,300476.SZ,胜宏科技
202502,平安证券,600160.SH,巨化股份
202502,平安证券,601127.SH,赛力斯
202502,平安证券,601838.SH,成都银行
202502,平安证券,603986.SH,兆易创新
202502,平安证券,688041.SH,海光信息
202502,平安证券,688428.SH,诺诚健华-U
202502,平安证券,688582.SH,芯动联科
202502,平安证券,688608.SH,恒玄科技
202502,民生证券,000400.SZ,许继电气
202502,民生证券,001979.SZ,招商蛇口
202502,民生证券,300496.SZ,中科创达
202502,民生证券,601088.SH,中国神华
202502,民生证券,601702.SH,华峰铝业
202502,民生证券,603338.SH,浙江鼎力
202502,民生证券,603871.SH,嘉友国际
202502,民生证券,688981.SH,中芯国际
202503,中原证券,000063.SZ,中兴通讯
202503,中原证券,000425.SZ,徐工机械
202503,中原证券,000895.SZ,双汇发展
202503,中原证券,002891.SZ,中宠股份
202503,中原证券,300073.SZ,当升科技
202503,中原证券,300415.SZ,伊之密
202503,中原证券,601058.SH,赛轮轮胎
202503,中原证券,601865.SH,福莱特
202503,中原证券,605089.SH,味知香
202503,中原证券,688041.SH,海光信息
202503,中国银河,000157.SZ,中联重科
202503,中国银河,300308.SZ,中际旭创
202503,中国银河,300795.SZ,米奥会展
202503,中国银河,300952.SZ,恒辉安防
202503,中国银河,600023.SH,浙能电力
202503,中国银河,600845.SH,宝信软件
202503,中国银河,600879.SH,航天电子
202503,中国银河,601658.SH,邮储银行
202503,中国银河,603986.SH,兆易创新
202503,中泰证券,000977.SZ,浪潮信息
202503,中泰证券,002410.SZ,广联达
202503,中泰证券,002928.SZ,华夏航空
202503,中泰证券,300638.SZ,广和通
202503,中泰证券,601900.SH,南方传媒
202503,中泰证券,603986.SH,兆易创新
202503,中泰证券,605088.SH,冠盛股份
202503,信达证券,002011.SZ,盾安环境
202503,信达证券,002517.SZ,恺英网络
202503,信达证券,300192.SZ,科德教育
202503,信达证券,300433.SZ,蓝思科技
202503,信达证券,300972.SZ,万辰集团
202503,信达证券,301257.SZ,普蕊斯
202503,信达证券,601058.SH,赛轮轮胎
202503,信达证券,603733.SH,仙鹤股份
202503,信达证券,688258.SH,卓易信息
202503,华安证券,002142.SZ,宁波银行
202503,华安证券,002460.SZ,赣锋锂业
202503,华安证券,002714.SZ,牧原股份
202503,华安证券,300037.SZ,新宙邦
202503,华安证券,300698.SZ,万马科技
202503,华安证券,600699.SH,均胜电子
202503,华安证券,601882.SH,海天精工
202503,华安证券,605499.SH,东鹏饮料
202503,华安证券,688536.SH,思瑞浦
202503,华泰证券,002311.SZ,海大集团
202503,华泰证券,002517.SZ,恺英网络
202503,华泰证券,600036.SH,招商银行
202503,华泰证券,600398.SH,海澜之家
202503,华源证券,002311.SZ,海大集团
202503,华源证券,002517.SZ,恺英网络
202503,华源证券,300811.SZ,铂科新材
202503,华源证券,605598.SH,上海港湾
202503,华源证券,688072.SH,拓荆科技
202503,华源证券,830839.BJ,万通液压
202503,国信证券,000333.SZ,美的集团
202503,国信证券,002352.SZ,顺丰控股
202503,国信证券,002533.SZ,金杯电工
202503,国信证券,301498.SZ,乖宝宠物
202503,国信证券,600036.SH,招商银行
202503,国信证券,600066.SH,宇通客车
202503,国信证券,600595.SH,中孚实业
202503,国信证券,601336.SH,新华保险
202503,国信证券,688220.SH,翱捷科技-U
202503,开源证券,002484.SZ,江海股份
202503,开源证券,002837.SZ,英维克
202503,开源证券,300803.SZ,指南针
202503,开源证券,601998.SH,中信银行
202503,开源证券,603067.SH,振华股份
202503,开源证券,603667.SH,五洲新春
202503,开源证券,689009.SH,九号公司-WD
202503,海通证券,000002.SZ,万科A
202503,海通证券,002335.SZ,科华数据
202503,海通证券,002756.SZ,永兴材料
202503,海通证券,600027.SH,华电国际
202503,海通证券,600415.SH,小商品城
202503,海通证券,603197.SH,保隆科技
202503,海通证券,688169.SH,石头科技
202503,西部证券,000932.SZ,华菱钢铁
202503,西部证券,000977.SZ,浪潮信息
202503,西部证券,003021.SZ,兆威机电
202503,西部证券,601633.SH,长城汽车
202503,西部证券,601688.SH,华泰证券
202503,西部证券,601702.SH,华峰铝业
202503,西部证券,688279.SH,峰岹科技
202503,西部证券,832982.BJ,锦波生物
202504,东兴证券,000881.SZ,中广核技
202504,东兴证券,000975.SZ,山金国际
202504,东兴证券,002436.SZ,兴森科技
202504,东兴证券,002847.SZ,盐津铺子
202504,东兴证券,600486.SH,扬农化工
202504,东兴证券,600519.SH,贵州茅台
202504,东兴证券,603565.SH,中谷物流
202504,东海证券,002648.SZ,卫星化学
202504,东海证券,002946.SZ,新乳业
202504,东海证券,300558.SZ,贝达药业
202504,东海证券,600346.SH,恒力石化
202504,东海证券,600761.SH,安徽合力
202504,东海证券,601689.SH,拓普集团
202504,东海证券,603477.SH,巨星农牧
202504,东海证券,603883.SH,老百姓
202504,东海证券,688018.SH,乐鑫科技
202504,东海证券,688305.SH,科德数控
202504,中国银河,000651.SZ,格力电器
202504,中国银河,002281.SZ,光迅科技
202504,中国银河,300010.SZ,豆神教育
202504,中国银河,300750.SZ,宁德时代
202504,中国银河,300952.SZ,恒辉安防
202504,中国银河,600919.SH,江苏银行
202504,中国银河,605499.SH,东鹏饮料
202504,中国银河,688018.SH,乐鑫科技
202504,中国银河,688190.SH,云路股份
202504,中泰证券,002318.SZ,久立特材
202504,中泰证券,300687.SZ,赛意信息
202504,中泰证券,600398.SH,海澜之家
202504,中泰证券,600600.SH,青岛啤酒
202504,中泰证券,603236.SH,移远通信
202504,中泰证券,603885.SH,吉祥航空
202504,中泰证券,688220.SH,翱捷科技-U
202504,中泰证券,688301.SH,奕瑞科技
202504,光大证券,000651.SZ,格力电器
202504,光大证券,002225.SZ,濮耐股份
202504,光大证券,002714.SZ,牧原股份
202504,光大证券,300498.SZ,温氏股份
202504,光大证券,600938.SH,中国海油
202504,光大证券,600941.SH,中国移动
202504,光大证券,601857.SH,中国石油
202504,光大证券,603979.SH,金诚信
202504,光大证券,605296.SH,神农集团
202504,光大证券,688737.SH,中自科技
202504,兴业证券,000600.SZ,建投能源
202504,兴业证券,000997.SZ,新大陆
202504,兴业证券,002594.SZ,比亚迪
202504,兴业证券,002850.SZ,科达利
202504,兴业证券,300416.SZ,苏试试验
202504,兴业证券,300442.SZ,润泽科技
202504,兴业证券,600029.SH,南方航空
202504,兴业证券,600276.SH,恒瑞医药
202504,兴业证券,600809.SH,山西汾酒
202504,兴业证券,688548.SH,广钢气体
202504,国盛证券,002384.SZ,东山精密
202504,国盛证券,300476.SZ,胜宏科技
202504,国盛证券,300750.SZ,宁德时代
202504,国盛证券,600282.SH,南钢股份
202504,国盛证券,600600.SH,青岛啤酒
202504,国盛证券,600602.SH,云赛智联
202504,国盛证券,600673.SH,东阳光
202504,国盛证券,600809.SH,山西汾酒
202504,国盛证券,601636.SH,旗滨集团
202504,国盛证券,688501.SH,青达环保
202504,国盛证券,688788.SH,科思科技
202504,国金证券,000425.SZ,徐工机械
202504,国金证券,000733.SZ,振华科技
202504,国金证券,000963.SZ,华东医药
202504,国金证券,002155.SZ,湖南黄金
202504,国金证券,002891.SZ,中宠股份
202504,国金证券,600039.SH,四川路桥
202504,国金证券,605098.SH,行动教育
202504,国金证券,688428.SH,诺诚健华-U
202504,太平洋,603659.SH,璞泰来
202504,太平洋,603665.SH,康隆达
202504,太平洋,603697.SH,有友食品
202504,太平洋,605080.SH,浙江自然
202504,太平洋,605116.SH,奥锐特
202504,太平洋,688200.SH,华峰测控
202504,平安证券,601127.SH,赛力斯
202504,平安证券,601398.SH,工商银行
202504,平安证券,601615.SH,明阳智能
202504,平安证券,603737.SH,三棵树
202504,平安证券,603993.SH,洛阳钼业
202504,平安证券,688111.SH,金山办公
202504,平安证券,688131.SH,皓元医药
202504,平安证券,688169.SH,石头科技
202504,平安证券,688288.SH,鸿泉物联
202504,平安证券,688519.SH,南亚新材
202504,开源证券,002714.SZ,牧原股份
202504,开源证券,300803.SZ,指南针
202504,开源证券,300860.SZ,锋尚文化
202504,开源证券,300953.SZ,震裕科技
202504,开源证券,601985.SH,中国核电
202504,开源证券,603193.SH,润本股份
202504,开源证券,688076.SH,诺泰生物
202504,开源证券,688258.SH,卓易信息
202504,开源证券,688608.SH,恒玄科技
202504,开源证券,689009.SH,九号公司-WD
202504,招商证券,000425.SZ,徐工机械
202504,招商证券,000651.SZ,格力电器
202504,招商证券,002475.SZ,立讯精密
202504,招商证券,002594.SZ,比亚迪
202504,招商证券,600036.SH,招商银行
202504,招商证券,603063.SH,禾望电气
202504,招商证券,689009.SH,九号公司-WD
202504,民生证券,301556.SZ,托普云农
202504,民生证券,600184.SH,光电股份
202504,民生证券,600600.SH,青岛啤酒
202504,民生证券,601001.SH,晋控煤业
202504,民生证券,603477.SH,巨星农牧
202504,民生证券,603707.SH,健友股份
202504,民生证券,603799.SH,华友钴业
202504,民生证券,688521.SH,芯原股份
202504,浙商证券,000423.SZ,东阿阿胶
202504,浙商证券,002444.SZ,巨星科技
202504,浙商证券,002668.SZ,TCL智家
202504,浙商证券,600031.SH,三一重工
202504,浙商证券,600345.SH,长江通信
202504,浙商证券,600600.SH,青岛啤酒
202504,浙商证券,600919.SH,江苏银行
202504,浙商证券,601111.SH,中国国航
202504,浙商证券,601211.SH,国泰海通
202504,浙商证券,603112.SH,华翔股份
202505,东兴证券,000881.SZ,中广核技
202505,东兴证券,002436.SZ,兴森科技
202505,东兴证券,300496.SZ,中科创达
202505,东兴证券,300547.SZ,川环科技
202505,东兴证券,600519.SH,贵州茅台
202505,东兴证券,601168.SH,西部矿业
202505,东兴证券,603605.SH,珀莱雅
202505,东北证券,002625.SZ,光启技术
202505,东北证券,002648.SZ,卫星化学
202505,东北证券,002956.SZ,西麦食品
202505,东北证券,300373.SZ,扬杰科技
202505,东北证券,600027.SH,华电国际
202505,东北证券,600988.SH,赤峰黄金
202505,东北证券,601825.SH,沪农商行
202505,东北证券,603062.SH,麦加芯彩
202505,东北证券,688259.SH,创耀科技
202505,东吴证券,000032.SZ,深桑达A
202505,东吴证券,002050.SZ,三花智控
202505,东吴证券,002558.SZ,巨人网络
202505,东吴证券,300034.SZ,钢研高纳
202505,东吴证券,300124.SZ,汇川技术
202505,东吴证券,600323.SH,瀚蓝环境
202505,东吴证券,600415.SH,小商品城
202505,东吴证券,688235.SH,百济神州-U
202505,东吴证券,688627.SH,精智达
202505,东海证券,002142.SZ,宁波银行
202505,东海证券,300761.SZ,立华股份
202505,东海证券,600285.SH,羚锐制药
202505,东海证券,600346.SH,恒力石化
202505,东海证券,600600.SH,青岛啤酒
202505,东海证券,600933.SH,爱柯迪
202505,东海证券,601100.SH,恒立液压
202505,东海证券,688018.SH,乐鑫科技
202505,东海证券,688076.SH,诺泰生物
202505,东海证券,688305.SH,科德数控
202505,中原证券,000783.SZ,长江证券
202505,中原证券,000893.SZ,亚钾国际
202505,中原证券,002594.SZ,比亚迪
202505,中原证券,002624.SZ,完美世界
202505,中原证券,301269.SZ,华大九天
202505,中原证券,603308.SH,应流股份
202505,中原证券,605499.SH,东鹏饮料
202505,中原证券,688005.SH,容百科技
202505,中原证券,688313.SH,仕佳光子
202505,中原证券,688608.SH,恒玄科技
202505,中国银河,000651.SZ,格力电器
202505,中国银河,300502.SZ,新易盛
202505,中国银河,601658.SH,邮储银行
202505,中国银河,601899.SH,紫金矿业
202505,中国银河,603986.SH,兆易创新
202505,中国银河,605499.SH,东鹏饮料
202505,中国银河,688041.SH,海光信息
202505,中泰证券,000661.SZ,长春高新
202505,中泰证券,000729.SZ,燕京啤酒
202505,中泰证券,002517.SZ,恺英网络
202505,中泰证券,002891.SZ,中宠股份
202505,中泰证券,300896.SZ,爱美客
202505,中泰证券,600398.SH,海澜之家
202505,中泰证券,603893.SH,瑞芯微
202505,中泰证券,603986.SH,兆易创新
202505,中泰证券,605499.SH,东鹏饮料
202505,中泰证券,688220.SH,翱捷科技-U
202505,中泰证券,688636.SH,智明达
202505,中泰证券,688686.SH,奥普特
202505,中金公司,002244.SZ,滨江集团
202505,中金公司,600020.SH,中原高速
202505,中金公司,600919.SH,江苏银行
202505,中金公司,601288.SH,农业银行
202505,中金公司,601838.SH,成都银行
202505,中金公司,603605.SH,珀莱雅
202505,中金公司,832982.BJ,锦波生物
202505,中银证券,000524.SZ,岭南控股
202505,中银证券,002352.SZ,顺丰控股
202505,中银证券,300014.SZ,亿纬锂能
202505,中银证券,301236.SZ,软通动力
202505,中银证券,600519.SH,贵州茅台
202505,中银证券,603181.SH,皇马科技
202505,中银证券,688198.SH,佰仁医疗
202505,中银证券,688519.SH,南亚新材
202505,信达证券,002860.SZ,星帅尔
202505,信达证券,002948.SZ,青岛银行
202505,信达证券,300433.SZ,蓝思科技
202505,信达证券,300972.SZ,万辰集团
202505,信达证券,600188.SH,兖矿能源
202505,信达证券,601918.SH,新集能源
202505,信达证券,603733.SH,仙鹤股份
202505,信达证券,688258.SH,卓易信息
202505,光大证券,000651.SZ,格力电器
202505,光大证券,002225.SZ,濮耐股份
202505,光大证券,002541.SZ,鸿路钢构
202505,光大证券,002714.SZ,牧原股份
202505,光大证券,600276.SH,恒瑞医药
202505,光大证券,600690.SH,海尔智家
202505,光大证券,600968.SH,海油发展
202505,光大证券,601857.SH,中国石油
202505,光大证券,601899.SH,紫金矿业
202505,光大证券,688737.SH,中自科技
202505,兴业证券,002517.SZ,恺英网络
202505,兴业证券,300395.SZ,菲利华
202505,兴业证券,300416.SZ,苏试试验
202505,兴业证券,600011.SH,华能国际
202505,兴业证券,600029.SH,南方航空
202505,兴业证券,600060.SH,海信视像
202505,兴业证券,600276.SH,恒瑞医药
202505,兴业证券,600600.SH,青岛啤酒
202505,兴业证券,603986.SH,兆易创新
202505,兴业证券,688111.SH,金山办公
202505,华创证券,300119.SZ,瑞普生物
202505,华创证券,600418.SH,江淮汽车
202505,华创证券,600519.SH,贵州茅台
202505,华创证券,600600.SH,青岛啤酒
202505,华创证券,600919.SH,江苏银行
202505,华创证券,601107.SH,四川成渝
202505,华创证券,603416.SH,信捷电气
202505,华创证券,688608.SH,恒玄科技
202505,华安证券,002142.SZ,宁波银行
202505,华安证券,002648.SZ,卫星化学
202505,华安证券,002714.SZ,牧原股份
202505,华安证券,300638.SZ,广和通
202505,华安证券,300866.SZ,安克创新
202505,华安证券,600031.SH,三一重工
202505,华安证券,603596.SH,伯特利
202505,华安证券,688271.SH,联影医疗
202505,华安证券,688536.SH,思瑞浦
202505,华泰证券,000651.SZ,格力电器
202505,华泰证券,002311.SZ,海大集团
202505,华泰证券,002517.SZ,恺英网络
202505,华泰证券,603986.SH,兆易创新
202505,华源证券,000415.SZ,渤海租赁
202505,华源证券,002311.SZ,海大集团
202505,华源证券,002517.SZ,恺英网络
202505,华源证券,300553.SZ,集智股份
202505,华源证券,600988.SH,赤峰黄金
202505,华源证券,603227.SH,雪峰科技
202505,华源证券,688114.SH,华大智造
202505,华源证券,688200.SH,华峰测控
202505,华源证券,835174.BJ,五新隧装
202505,华鑫证券,002605.SZ,姚记科技
202505,华鑫证券,002765.SZ,蓝黛科技
202505,华鑫证券,300723.SZ,一品红
202505,华鑫证券,300910.SZ,瑞丰新材
202505,华鑫证券,301196.SZ,唯科科技
202505,华鑫证券,301486.SZ,致尚科技
202505,华鑫证券,301536.SZ,星宸科技
202505,华鑫证券,603918.SH,金桥信息
202505,华鑫证券,605133.SH,嵘泰股份
202505,华鑫证券,688685.SH,迈信林
202505,华龙证券,002126.SZ,银轮股份
202505,华龙证券,002170.SZ,芭田股份
202505,华龙证券,002380.SZ,科远智慧
202505,华龙证券,002896.SZ,中大力德
202505,华龙证券,300680.SZ,隆盛科技
202505,华龙证券,300896.SZ,爱美客
202505,华龙证券,600143.SH,金发科技
202505,华龙证券,600415.SH,小商品城
202505,华龙证券,600584.SH,长电科技
202505,华龙证券,605376.SH,博迁新材
202505,国信证券,000893.SZ,亚钾国际
202505,国信证券,002311.SZ,海大集团
202505,国信证券,002352.SZ,顺丰控股
202505,国信证券,003001.SZ,中岩大地
202505,国信证券,300001.SZ,特锐德
202505,国信证券,300662.SZ,科锐国际
202505,国信证券,600900.SH,长江电力
202505,国信证券,600919.SH,江苏银行
202505,国信证券,603259.SH,药明康德
202505,国元证券,002472.SZ,双环传动
202505,国元证券,002517.SZ,恺英网络
202505,国元证券,300354.SZ,东华测试
202505,国元证券,300502.SZ,新易盛
202505,国元证券,688136.SH,科兴制药
202505,国元证券,688208.SH,道通科技
202505,国泰海通,000333.SZ,美的集团
202505,国泰海通,000729.SZ,燕京啤酒
202505,国泰海通,001965.SZ,招商公路
202505,国泰海通,002891.SZ,中宠股份
202505,国泰海通,300059.SZ,东方财富
202505,国泰海通,301269.SZ,华大九天
202505,国泰海通,600027.SH,华电国际
202505,国泰海通,600259.SH,广晟有色
202505,国泰海通,600585.SH,海螺水泥
202505,国泰海通,600919.SH,江苏银行
202505,国泰海通,601088.SH,中国神华
202505,国泰海通,601100.SH,恒立液压
202505,国泰海通,603986.SH,兆易创新
202505,国泰海通,688552.SH,航天南湖
202505,国海证券,002170.SZ,芭田股份
202505,国海证券,002847.SZ,盐津铺子
202505,国海证券,300014.SZ,亿纬锂能
202505,国海证券,300888.SZ,稳健医疗
202505,国海证券,301498.SZ,乖宝宠物
202505,国海证券,600166.SH,福田汽车
202505,国海证券,600694.SH,大商股份
202505,国海证券,688041.SH,海光信息
202505,国盛证券,000729.SZ,燕京啤酒
202505,国盛证券,002487.SZ,大金重工
202505,国盛证券,002532.SZ,天山铝业
202505,国盛证券,002568.SZ,百润股份
202505,国盛证券,003001.SZ,中岩大地
202505,国盛证券,003002.SZ,壶化股份
202505,国盛证券,300502.SZ,新易盛
202505,国盛证券,600782.SH,新钢股份
202505,国盛证券,600809.SH,山西汾酒
202505,国盛证券,603969.SH,银龙股份
202505,国联民生,000513.SZ,丽珠集团
202505,国联民生,000651.SZ,格力电器
202505,国联民生,002594.SZ,比亚迪
202505,国联民生,300973.SZ,立高食品
202505,国联民生,301498.SZ,乖宝宠物
202505,国联民生,600941.SH,中国移动
202505,国联民生,601899.SH,紫金矿业
202505,国联民生,603100.SH,川仪股份
202505,国联民生,603605.SH,珀莱雅
202505,国金证券,000975.SZ,山金国际
202505,国金证券,002155.SZ,湖南黄金
202505,国金证券,002352.SZ,顺丰控股
202505,国金证券,002847.SZ,盐津铺子
202505,国金证券,300666.SZ,江丰电子
202505,国金证券,600039.SH,四川路桥
202505,国金证券,600050.SH,中国联通
202505,国金证券,603308.SH,应流股份
202505,国金证券,688428.SH,诺诚健华-U
202505,天风证券,000651.SZ,格力电器
202505,天风证券,000690.SZ,宝新能源
202505,天风证券,000921.SZ,海信家电
202505,天风证券,001328.SZ,登康口腔
202505,天风证券,001339.SZ,智微智能
202505,天风证券,002299.SZ,圣农发展
202505,天风证券,002315.SZ,焦点科技
202505,天风证券,002345.SZ,潮宏基
202505,天风证券,002469.SZ,三维化学
202505,天风证券,002568.SZ,百润股份
202505,天风证券,002597.SZ,金禾实业
202505,天风证券,300454.SZ,深信服
202505,天风证券,300723.SZ,一品红
202505,天风证券,300973.SZ,立高食品
202505,天风证券,600233.SH,圆通速递
202505,天风证券,600258.SH,首旅酒店
202505,天风证券,600391.SH,航发科技
202505,天风证券,600487.SH,亨通光电
202505,天风证券,600522.SH,中天科技
202505,天风证券,600967.SH,内蒙一机
202505,天风证券,601138.SH,工业富联
202505,天风证券,601595.SH,上海电影
202505,天风证券,601628.SH,中国人寿
202505,天风证券,601899.SH,紫金矿业
202505,天风证券,603167.SH,渤海轮渡
202505,天风证券,603383.SH,顶点软件
202505,天风证券,603486.SH,科沃斯
202505,天风证券,688111.SH,金山办公
202505,天风证券,688235.SH,百济神州-U
202505,天风证券,688266.SH,泽璟制药-U
202505,天风证券,688382.SH,益方生物-U
202505,天风证券,688522.SH,纳睿雷达
202505,天风证券,832982.BJ,锦波生物
202505,太平洋,300888.SZ,稳健医疗
202505,太平洋,600583.SH,海油工程
202505,太平洋,603659.SH,璞泰来
202505,太平洋,688636.SH,智明达
202505,太平洋,689009.SH,九号公司-WD
202505,平安证券,002675.SZ,东诚药业
202505,平安证券,601127.SH,赛力斯
202505,平安证券,601398.SH,工商银行
202505,平安证券,603737.SH,三棵树
202505,平安证券,603993.SH,洛阳钼业
202505,平安证券,605499.SH,东鹏饮料
202505,平安证券,688041.SH,海光信息
202505,平安证券,688095.SH,福昕软件
202505,平安证券,688235.SH,百济神州-U
202505,平安证券,688608.SH,恒玄科技
202505,开源证券,002270.SZ,华明装备
202505,开源证券,002311.SZ,海大集团
202505,开源证券,002487.SZ,大金重工
202505,开源证券,002920.SZ,德赛西威
202505,开源证券,300502.SZ,新易盛
202505,开源证券,300803.SZ,指南针
202505,开源证券,300953.SZ,震裕科技
202505,开源证券,603529.SH,爱玛科技
202505,开源证券,603605.SH,珀莱雅
202505,开源证券,688111.SH,金山办公
202505,德邦证券,000807.SZ,云铝股份
202505,德邦证券,002956.SZ,西麦食品
202505,德邦证券,603605.SH,珀莱雅
202505,德邦证券,688068.SH,热景生物
202505,德邦证券,688219.SH,会通股份
202505,德邦证券,688568.SH,中科星图
202505,德邦证券,688608.SH,恒玄科技
202505,德邦证券,688629.SH,华丰科技
202505,招商证券,002475.SZ,立讯精密
202505,招商证券,002801.SZ,微光股份
202505,招商证券,002891.SZ,中宠股份
202505,招商证券,300680.SZ,隆盛科技
202505,招商证券,300984.SZ,金沃股份
202505,招商证券,603063.SH,禾望电气
202505,招商证券,689009.SH,九号公司-WD
202505,民生证券,000426.SZ,兴业银锡
202505,民生证券,300499.SZ,高澜股份
202505,民生证券,300783.SZ,三只松鼠
202505,民生证券,600184.SH,光电股份
202505,民生证券,601001.SH,晋控煤业
202505,民生证券,603596.SH,伯特利
202505,民生证券,603605.SH,珀莱雅
202505,民生证券,603918.SH,金桥信息
202505,民生证券,605589.SH,圣泉集团
202505,民生证券,688521.SH,芯原股份
202505,浙商证券,000519.SZ,中兵红箭
202505,浙商证券,002127.SZ,南极电商
202505,浙商证券,002311.SZ,海大集团
202505,浙商证券,002352.SZ,顺丰控股
202505,浙商证券,002847.SZ,盐津铺子
202505,浙商证券,002928.SZ,华夏航空
202505,浙商证券,600000.SH,浦发银行
202505,浙商证券,600919.SH,江苏银行
202505,浙商证券,688351.SH,微电生理
202505,浙商证券,688525.SH,佰维存储
202505,甬兴证券,001306.SZ,夏厦精密
202505,甬兴证券,002517.SZ,恺英网络
202505,甬兴证券,300926.SZ,博俊科技
202505,甬兴证券,601689.SH,拓普集团
202505,甬兴证券,603312.SH,西典新能
202505,甬兴证券,688110.SH,东芯股份
202505,申万宏源,000997.SZ,新大陆
202505,申万宏源,002244.SZ,滨江集团
202505,申万宏源,300395.SZ,菲利华
202505,申万宏源,301109.SZ,军信股份
202505,申万宏源,600585.SH,海螺水泥
202505,申万宏源,600642.SH,申能股份
202505,申万宏源,601872.SH,招商轮船
202505,申万宏源,688630.SH,芯碁微装
202505,西部证券,000932.SZ,华菱钢铁
202505,西部证券,002410.SZ,广联达
202505,西部证券,300001.SZ,特锐德
202505,西部证券,600519.SH,贵州茅台
202505,西部证券,601633.SH,长城汽车
202505,西部证券,601702.SH,华峰铝业
202505,西部证券,603605.SH,珀莱雅
202505,西部证券,688179.SH,阿拉丁
202505,西部证券,688266.SH,泽璟制药-U
202505,财通证券,002463.SZ,沪电股份
202505,财通证券,002891.SZ,中宠股份
202505,财通证券,300049.SZ,福瑞股份
202505,财通证券,300973.SZ,立高食品
202505,财通证券,600933.SH,爱柯迪
202505,财通证券,601077.SH,渝农商行
202505,财通证券,603737.SH,三棵树
202505,财通证券,688003.SH,天准科技
202505,财通证券,688041.SH,海光信息
202505,长江证券,000893.SZ,亚钾国际
202505,长江证券,300662.SZ,科锐国际
202505,长江证券,600163.SH,中闽能源
202505,长江证券,600415.SH,小商品城
202505,长江证券,600760.SH,中航沈飞
202505,长江证券,600919.SH,江苏银行
202505,长江证券,600988.SH,赤峰黄金
202505,长江证券,601336.SH,新华保险
202505,长江证券,688256.SH,寒武纪-U
202506,东兴证券,000881.SZ,中广核技
202506,东兴证券,000975.SZ,山金国际
202506,东兴证券,002891.SZ,中宠股份
202506,东兴证券,003000.SZ,劲仔食品
202506,东兴证券,600426.SH,华鲁恒升
202506,东兴证券,603565.SH,中谷物流
202506,东兴证券,688095.SH,福昕软件
202506,东兴证券,688531.SH,日联科技
202506,东吴证券,002027.SZ,分众传媒
202506,东吴证券,002050.SZ,三花智控
202506,东吴证券,002550.SZ,千红制药
202506,东吴证券,300124.SZ,汇川技术
202506,东吴证券,600415.SH,小商品城
202506,东吴证券,600600.SH,青岛啤酒
202506,东吴证券,600879.SH,航天电子
202506,东吴证券,601330.SH,绿色动力
202506,东吴证券,603699.SH,纽威股份
202506,东吴证券,688627.SH,精智达
202506,东海证券,300558.SZ,贝达药业
202506,东海证券,600160.SH,巨化股份
202506,东海证券,600346.SH,恒力石化
202506,东海证券,600600.SH,青岛啤酒
202506,东海证券,600761.SH,安徽合力
202506,东海证券,601689.SH,拓普集团
202506,东海证券,603477.SH,巨星农牧
202506,东海证券,603690.SH,至纯科技
202506,东海证券,688278.SH,特宝生物
202506,东海证券,834599.BJ,同力股份
202506,中原证券,000719.SZ,中原传媒
202506,中原证券,000893.SZ,亚钾国际
202506,中原证券,002624.SZ,完美世界
202506,中原证券,600025.SH,华能水电
202506,中原证券,600817.SH,宇通重工
202506,中原证券,600941.SH,中国移动
202506,中原证券,603566.SH,普莱柯
202506,中原证券,605499.SH,东鹏饮料
202506,中原证券,688122.SH,西部超导
202506,中原证券,688313.SH,仕佳光子
202506,中泰证券,000661.SZ,长春高新
202506,中泰证券,000729.SZ,燕京啤酒
202506,中泰证券,002318.SZ,久立特材
202506,中泰证券,300682.SZ,朗新集团
202506,中泰证券,300896.SZ,爱美客
202506,中泰证券,601900.SH,南方传媒
202506,中泰证券,603009.SH,北特科技
202506,中泰证券,603885.SH,吉祥航空
202506,中泰证券,605499.SH,东鹏饮料
202506,中泰证券,688059.SH,华锐精密
202506,中泰证券,688498.SH,源杰科技
202506,信达证券,002011.SZ,盾安环境
202506,信达证券,002463.SZ,沪电股份
202506,信达证券,002948.SZ,青岛银行
202506,信达证券,300010.SZ,豆神教育
202506,信达证券,300750.SZ,宁德时代
202506,信达证券,300972.SZ,万辰集团
202506,信达证券,600188.SH,兖矿能源
202506,信达证券,600418.SH,江淮汽车
202506,信达证券,600938.SH,中国海油
202506,华安证券,000831.SZ,中国稀土
202506,华安证券,000893.SZ,亚钾国际
202506,华安证券,002019.SZ,亿帆医药
202506,华安证券,002138.SZ,顺络电子
202506,华安证券,002701.SZ,奥瑞金
202506,华安证券,002714.SZ,牧原股份
202506,华安证券,300698.SZ,万马科技
202506,华安证券,600036.SH,招商银行
202506,华安证券,600600.SH,青岛啤酒
202506,华安证券,688531.SH,日联科技
202506,华泰证券,000729.SZ,燕京啤酒
202506,华泰证券,002025.SZ,航天电器
202506,华泰证券,600183.SH,生益科技
202506,华源证券,002311.SZ,海大集团
202506,华源证券,002517.SZ,恺英网络
202506,华源证券,300553.SZ,集智股份
202506,华源证券,430476.BJ,海能技术
202506,华源证券,600221.SH,海航控股
202506,华源证券,601033.SH,永兴股份
202506,华源证券,601318.SH,中国平安
202506,华源证券,601898.SH,中煤能源
202506,华源证券,603799.SH,华友钴业
202506,华源证券,688799.SH,华纳药厂
202506,太平洋,300354.SZ,东华测试
202506,太平洋,300698.SZ,万马科技
202506,太平洋,603659.SH,璞泰来
202506,太平洋,603697.SH,有友食品
202506,太平洋,605507.SH,国邦医药
202506,太平洋,688200.SH,华峰测控
202506,开源证券,002487.SZ,大金重工
202506,开源证券,300502.SZ,新易盛
202506,开源证券,600901.SH,江苏金租
202506,开源证券,601595.SH,上海电影
202506,开源证券,601985.SH,中国核电
202506,开源证券,603067.SH,振华股份
202506,开源证券,688258.SH,卓易信息
202506,开源证券,689009.SH,九号公司-WD
202506,甬兴证券,001306.SZ,夏厦精密
202506,甬兴证券,002438.SZ,江苏神通
202506,甬兴证券,002517.SZ,恺英网络
202506,甬兴证券,605333.SH,沪光股份
202506,甬兴证券,688110.SH,东芯股份
202506,甬兴证券,688136.SH,科兴制药
202506,甬兴证券,688192.SH,迪哲医药-U
202506,申万宏源证券,000893.SZ,亚钾国际
202506,申万宏源证券,002352.SZ,顺丰控股
202506,申万宏源证券,002558.SZ,巨人网络
202506,申万宏源证券,600153.SH,建发股份
202506,申万宏源证券,600160.SH,巨化股份
202506,申万宏源证券,601100.SH,恒立液压
202506,申万宏源证券,601899.SH,紫金矿业
202506,申万宏源证券,688213.SH,思特威-W
202506,财通证券,000776.SZ,广发证券
202506,财通证券,002463.SZ,沪电股份
202506,财通证券,002949.SZ,华阳国际
202506,财通证券,300119.SZ,瑞普生物
202506,财通证券,300857.SZ,协创数据
202506,财通证券,300973.SZ,立高食品
202506,财通证券,601077.SH,渝农商行
202506,财通证券,688003.SH,天准科技
202506,财通证券,688321.SH,微芯生物
202507,东兴证券,000881.SZ,中广核技
202507,东兴证券,002074.SZ,国轩高科
202507,东兴证券,003000.SZ,劲仔食品
202507,东兴证券,600426.SH,华鲁恒升
202507,东兴证券,600887.SH,伊利股份
202507,东兴证券,688210.SH,统联精密
202507,东兴证券,688557.SH,兰剑智能
202507,东北证券,002625.SZ,光启技术
202507,东北证券,002648.SZ,卫星化学
202507,东北证券,300003.SZ,乐普医疗
202507,东北证券,300476.SZ,胜宏科技
202507,东北证券,600363.SH,联创光电
202507,东北证券,605080.SH,浙江自然
202507,东北证券,688087.SH,英科再生
202507,东北证券,688379.SH,华光新材
202507,东吴证券,000032.SZ,深桑达A
202507,东吴证券,002555.SZ,三七互娱
202507,东吴证券,300750.SZ,宁德时代
202507,东吴证券,600879.SH,航天电子
202507,东吴证券,600882.SH,妙可蓝多
202507,东吴证券,601033.SH,永兴股份
202507,东吴证券,603699.SH,纽威股份
202507,东吴证券,688166.SH,博瑞医药
202507,东吴证券,688627.SH,精智达
202507,东海证券,002648.SZ,卫星化学
202507,东海证券,300558.SZ,贝达药业
202507,东海证券,301498.SZ,乖宝宠物
202507,东海证券,600160.SH,巨化股份
202507,东海证券,600600.SH,青岛啤酒
202507,东海证券,600761.SH,安徽合力
202507,东海证券,601100.SH,恒立液压
202507,东海证券,603883.SH,老百姓
202507,东海证券,688018.SH,乐鑫科技
202507,中原证券,000519.SZ,中兵红箭
202507,中原证券,000893.SZ,亚钾国际
202507,中原证券,001301.SZ,尚太科技
202507,中原证券,002517.SZ,恺英网络
202507,中原证券,300442.SZ,润泽科技
202507,中原证券,300502.SZ,新易盛
202507,中原证券,300791.SZ,仙乐健康
202507,中原证券,601127.SH,赛力斯
202507,中原证券,688041.SH,海光信息
202507,中原证券,688503.SH,聚和材料
202507,中国银河,000893.SZ,亚钾国际
202507,中国银河,002049.SZ,紫光国微
202507,中国银河,300003.SZ,乐普医疗
202507,中国银河,300308.SZ,中际旭创
202507,中国银河,301326.SZ,捷邦科技
202507,中国银河,601009.SH,南京银行
202507,中国银河,688208.SH,道通科技
202507,中泰证券,000661.SZ,长春高新
202507,中泰证券,000729.SZ,燕京啤酒
202507,中泰证券,000932.SZ,华菱钢铁
202507,中泰证券,002837.SZ,英维克
202507,中泰证券,301231.SZ,荣信文化
202507,中泰证券,601318.SH,中国平安
202507,中泰证券,603688.SH,石英股份
202507,中泰证券,603855.SH,华荣股份
202507,中泰证券,603885.SH,吉祥航空
202507,中泰证券,603893.SH,瑞芯微
202507,中泰证券,605499.SH,东鹏饮料
202507,中银证券,002244.SZ,滨江集团
202507,中银证券,002352.SZ,顺丰控股
202507,中银证券,002648.SZ,卫星化学
202507,中银证券,300476.SZ,胜宏科技
202507,中银证券,600054.SH,黄山旅游
202507,中银证券,603011.SH,合锻智能
202507,中银证券,688019.SH,安集科技
202507,中银证券,688519.SH,南亚新材
202507,中银证券,688680.SH,海优新材
202507,交银国际,603501.SH,豪威集团
202507,信达证券,002027.SZ,分众传媒
202507,信达证券,002352.SZ,顺丰控股
202507,信达证券,002948.SZ,青岛银行
202507,信达证券,300010.SZ,豆神教育
202507,信达证券,300972.SZ,万辰集团
202507,信达证券,600188.SH,兖矿能源
202507,信达证券,600418.SH,江淮汽车
202507,信达证券,601918.SH,新集能源
202507,信达证券,688258.SH,卓易信息
202507,光大证券,000651.SZ,格力电器
202507,光大证券,002080.SZ,中材科技
202507,光大证券,300059.SZ,东方财富
202507,光大证券,300130.SZ,新国都
202507,光大证券,600570.SH,恒生电子
202507,光大证券,600690.SH,海尔智家
202507,光大证券,601336.SH,新华保险
202507,光大证券,601628.SH,中国人寿
202507,光大证券,603722.SH,阿科力
202507,光大证券,603799.SH,华友钴业
202507,兴业证券,000768.SZ,中航西飞
202507,兴业证券,000807.SZ,云铝股份
202507,兴业证券,000997.SZ,新大陆
202507,兴业证券,002463.SZ,沪电股份
202507,兴业证券,002736.SZ,国信证券
202507,兴业证券,003021.SZ,兆威机电
202507,兴业证券,600000.SH,浦发银行
202507,兴业证券,600011.SH,华能国际
202507,兴业证券,600660.SH,福耀玻璃
202507,兴业证券,688235.SH,百济神州-U
202507,华创证券,000333.SZ,美的集团
202507,华创证券,300866.SZ,安克创新
202507,华创证券,600298.SH,安琪酵母
202507,华创证券,600919.SH,江苏银行
202507,华创证券,601107.SH,四川成渝
202507,华创证券,601319.SH,中国人保
202507,华创证券,601615.SH,明阳智能
202507,华创证券,601899.SH,紫金矿业
202507,华创证券,603306.SH,华懋科技
202507,华创证券,603416.SH,信捷电气
202507,华安证券,002648.SZ,卫星化学
202507,华安证券,002714.SZ,牧原股份
202507,华安证券,300274.SZ,阳光电源
202507,华安证券,300638.SZ,广和通
202507,华安证券,603298.SH,杭叉集团
202507,华安证券,603799.SH,华友钴业
202507,华安证券,688621.SH,阳光诺和
202507,华安证券,688627.SH,精智达
202507,华安证券,689009.SH,九号公司-WD
202507,华泰证券,002463.SZ,沪电股份
202507,华泰证券,600398.SH,海澜之家
202507,华泰证券,600426.SH,华鲁恒升
202507,华泰证券,601899.SH,紫金矿业
202507,华泰证券,603267.SH,鸿远电子
202507,华源证券,002517.SZ,恺英网络
202507,华源证券,300553.SZ,集智股份
202507,华源证券,430476.BJ,海能技术
202507,华源证券,600039.SH,四川路桥
202507,华源证券,601318.SH,中国平安
202507,华源证券,601898.SH,中煤能源
202507,华源证券,603799.SH,华友钴业
202507,华源证券,688068.SH,热景生物
202507,华鑫证券,002180.SZ,纳思达
202507,华鑫证券,300059.SZ,东方财富
202507,华鑫证券,300148.SZ,天舟文化
202507,华鑫证券,300153.SZ,科泰电源
202507,华鑫证券,300233.SZ,金城医药
202507,华鑫证券,300433.SZ,蓝思科技
202507,华鑫证券,605133.SH,嵘泰股份
202507,华鑫证券,605288.SH,凯迪股份
202507,华鑫证券,688167.SH,炬光科技
202507,华鑫证券,688981.SH,中芯国际
202507,华龙证券,002080.SZ,中材科技
202507,华龙证券,002517.SZ,恺英网络
202507,华龙证券,002946.SZ,新乳业
202507,华龙证券,300680.SZ,隆盛科技
202507,华龙证券,301029.SZ,怡合达
202507,华龙证券,600415.SH,小商品城
202507,华龙证券,600761.SH,安徽合力
202507,华龙证券,601456.SH,国联民生
202507,华龙证券,605376.SH,博迁新材
202507,华龙证券,688258.SH,卓易信息
202507,国信证券,002142.SZ,宁波银行
202507,国信证券,002714.SZ,牧原股份
202507,国信证券,002959.SZ,小熊电器
202507,国信证券,300308.SZ,中际旭创
202507,国信证券,600761.SH,安徽合力
202507,国信证券,603179.SH,新泉股份
202507,国信证券,603606.SH,东方电缆
202507,国信证券,603993.SH,洛阳钼业
202507,国信证券,688220.SH,翱捷科技-U
202507,国元证券,001283.SZ,豪鹏科技
202507,国元证券,002558.SZ,巨人网络
202507,国元证券,603596.SH,伯特利
202507,国元证券,688208.SH,道通科技
202507,国元证券,688219.SH,会通股份
202507,国元证券,688410.SH,山外山
202507,国元证券,688498.SH,源杰科技
202507,国泰海通,000997.SZ,新大陆
202507,国泰海通,002714.SZ,牧原股份
202507,国泰海通,300059.SZ,东方财富
202507,国泰海通,601100.SH,恒立液压
202507,国泰海通,601225.SH,陕西煤业
202507,国泰海通,601728.SH,中国电信
202507,国泰海通,601939.SH,建设银行
202507,国泰海通,603538.SH,美诺华
202507,国泰海通,688981.SH,中芯国际
202507,国海证券,002714.SZ,牧原股份
202507,国海证券,300014.SZ,亿纬锂能
202507,国海证券,300602.SZ,飞荣达
202507,国海证券,600547.SH,山东黄金
202507,国海证券,601898.SH,中煤能源
202507,国海证券,603067.SH,振华股份
202507,国海证券,603129.SH,春风动力
202507,国海证券,688036.SH,传音控股
202507,国盛证券,002487.SZ,大金重工
202507,国盛证券,002532.SZ,天山铝业
202507,国盛证券,600673.SH,东阳光
202507,国盛证券,601898.SH,中煤能源
202507,国盛证券,603969.SH,银龙股份
202507,国联民生,002371.SZ,北方华创
202507,国联民生,300750.SZ,宁德时代
202507,国联民生,300973.SZ,立高食品
202507,国联民生,600066.SH,宇通客车
202507,国联民生,600764.SH,中国海防
202507,国联民生,601899.SH,紫金矿业
202507,国联民生,688382.SH,益方生物-U
202507,国金证券,000951.SZ,中国重汽
202507,国金证券,002025.SZ,航天电器
202507,国金证券,002487.SZ,大金重工
202507,国金证券,002847.SZ,盐津铺子
202507,国金证券,600050.SH,中国联通
202507,国金证券,600486.SH,扬农化工
202507,国金证券,601100.SH,恒立液压
202507,天风证券,002345.SZ,潮宏基
202507,天风证券,002469.SZ,三维化学
202507,天风证券,002517.SZ,恺英网络
202507,天风证券,002891.SZ,中宠股份
202507,天风证券,300308.SZ,中际旭创
202507,天风证券,300454.SZ,深信服
202507,天风证券,300498.SZ,温氏股份
202507,天风证券,300740.SZ,水羊股份
202507,天风证券,301061.SZ,匠心家居
202507,天风证券,301308.SZ,江波龙
202507,天风证券,600060.SH,海信视像
202507,天风证券,600391.SH,航发科技
202507,天风证券,600710.SH,苏美达
202507,天风证券,600862.SH,中航高科
202507,天风证券,600882.SH,妙可蓝多
202507,天风证券,600967.SH,内蒙一机
202507,天风证券,601211.SH,国泰海通
202507,天风证券,601899.SH,紫金矿业
202507,天风证券,603275.SH,众辰科技
202507,天风证券,603518.SH,锦泓集团
202507,天风证券,603885.SH,吉祥航空
202507,天风证券,688041.SH,海光信息
202507,天风证券,688235.SH,百济神州-U
202507,天风证券,688382.SH,益方生物-U
202507,天风证券,688522.SH,纳睿雷达
202507,天风证券,688696.SH,极米科技
202507,太平洋,600583.SH,海油工程
202507,太平洋,603296.SH,华勤技术
202507,太平洋,603659.SH,璞泰来
202507,太平洋,605080.SH,浙江自然
202507,平安证券,002371.SZ,北方华创
202507,平安证券,300674.SZ,宇信科技
202507,平安证券,601127.SH,赛力斯
202507,平安证券,601166.SH,兴业银行
202507,平安证券,601601.SH,中国太保
202507,平安证券,601615.SH,明阳智能
202507,平安证券,603590.SH,康辰药业
202507,平安证券,603993.SH,洛阳钼业
202507,平安证券,688111.SH,金山办公
202507,平安证券,688513.SH,苑东生物
202507,开源证券,002463.SZ,沪电股份
202507,开源证券,002487.SZ,大金重工
202507,开源证券,002956.SZ,西麦食品
202507,开源证券,300502.SZ,新易盛
202507,开源证券,601998.SH,中信银行
202507,开源证券,688258.SH,卓易信息
202507,德邦证券,002049.SZ,紫光国微
202507,德邦证券,002096.SZ,易普力
202507,德邦证券,301018.SZ,申菱环境
202507,德邦证券,600547.SH,山东黄金
202507,德邦证券,601899.SH,紫金矿业
202507,德邦证券,688068.SH,热景生物
202507,德邦证券,688196.SH,卓越新能
202507,德邦证券,688361.SH,中科飞测
202507,德邦证券,688629.SH,华丰科技
202507,招商证券,000768.SZ,中航西飞
202507,招商证券,001696.SZ,宗申动力
202507,招商证券,002475.SZ,立讯精密
202507,招商证券,301080.SZ,百普赛斯
202507,招商证券,600036.SH,招商银行
202507,招商证券,600183.SH,生益科技
202507,招商证券,603063.SH,禾望电气
202507,招商证券,688297.SH,中无人机
202507,民生证券,002738.SZ,中矿资源
202507,民生证券,301155.SZ,海力风电
202507,民生证券,600348.SH,华阳股份
202507,民生证券,600435.SH,北方导航
202507,民生证券,600536.SH,中国软件
202507,民生证券,688622.SH,禾信仪器
202507,民生证券,688981.SH,中芯国际
202507,浙商证券,000768.SZ,中航西飞
202507,浙商证券,000776.SZ,广发证券
202507,浙商证券,002536.SZ,飞龙股份
202507,浙商证券,301270.SZ,汉仪股份
202507,浙商证券,600000.SH,浦发银行
202507,浙商证券,600345.SH,长江通信
202507,浙商证券,603171.SH,税友股份
202507,浙商证券,603859.SH,能科科技
202507,浙商证券,605128.SH,上海沿浦
202507,浙商证券,688525.SH,佰维存储
202507,海通国际,000333.SZ,美的集团
202507,海通国际,002050.SZ,三花智控
202507,海通国际,002241.SZ,歌尔股份
202507,海通国际,600660.SH,福耀玻璃
202507,海通国际,600690.SH,海尔智家
202507,海通国际,603259.SH,药明康德
202507,海通国际,688027.SH,国盾量子
202507,申万宏源,300014.SZ,亿纬锂能
202507,申万宏源,600276.SH,恒瑞医药
202507,申万宏源,600690.SH,海尔智家
202507,申万宏源,601963.SH,重庆银行
202507,申万宏源,603171.SH,税友股份
202507,申万宏源,603885.SH,吉祥航空
202507,申万宏源,688333.SH,铂力特
202507,西部证券,000651.SZ,格力电器
202507,西部证券,300207.SZ,欣旺达
202507,西部证券,300558.SZ,贝达药业
202507,西部证券,300979.SZ,华利集团
202507,西部证券,301379.SZ,天山电子
202507,西部证券,600282.SH,南钢股份
202507,西部证券,601155.SH,新城控股
202507,西部证券,601702.SH,华峰铝业
202507,西部证券,603233.SH,大参林
202507,财信证券,002273.SZ,水晶光电
202507,财信证券,002517.SZ,恺英网络
202507,财信证券,002683.SZ,广东宏大
202507,财信证券,002690.SZ,美亚光电
202507,财信证券,300740.SZ,水羊股份
202507,财信证券,301033.SZ,迈普医学
202507,财信证券,301196.SZ,唯科科技
202507,财信证券,600000.SH,浦发银行
202507,财信证券,605499.SH,东鹏饮料
202507,财信证券,688668.SH,鼎通科技
202507,财通证券,002463.SZ,沪电股份
202507,财通证券,002891.SZ,中宠股份
202507,财通证券,300204.SZ,舒泰神
202507,财通证券,300421.SZ,力星股份
202507,财通证券,300857.SZ,协创数据
202507,财通证券,601117.SH,中国化学
202507,财通证券,605499.SH,东鹏饮料
202507,长城证券,002475.SZ,立讯精密
202507,长城证券,002626.SZ,金达威
202507,长城证券,300285.SZ,国瓷材料
202507,长城证券,300378.SZ,鼎捷数智
202507,长城证券,301285.SZ,鸿日达
202507,长城证券,301308.SZ,江波龙
202507,长城证券,600166.SH,福田汽车
202507,长城证券,600886.SH,国投电力
202507,长城证券,600941.SH,中国移动
202507,长城证券,688300.SH,联瑞新材
202507,长江证券,000893.SZ,亚钾国际
202507,长江证券,002025.SZ,航天电器
202507,长江证券,002352.SZ,顺丰控股
202507,长江证券,002384.SZ,东山精密
202507,长江证券,002444.SZ,巨星科技
202507,长江证券,002714.SZ,牧原股份
202507,长江证券,600483.SH,福能股份
202507,长江证券,600901.SH,江苏金租
202507,长江证券,601665.SH,齐鲁银行
202508,东兴证券,002881.SZ,美格智能
202508,东兴证券,300666.SZ,江丰电子
202508,东兴证券,600186.SH,莲花控股
202508,东兴证券,600426.SH,华鲁恒升
202508,东兴证券,600585.SH,海螺水泥
202508,东兴证券,600887.SH,伊利股份
202508,东兴证券,600938.SH,中国海油
202508,东兴证券,601168.SH,西部矿业
202508,东兴证券,688095.SH,福昕软件
202508,东兴证券,688557.SH,兰剑智能
202508,东吴证券,002001.SZ,新和成
202508,东吴证券,002315.SZ,焦点科技
202508,东吴证券,002487.SZ,大金重工
202508,东吴证券,300450.SZ,先导智能
202508,东吴证券,300866.SZ,安克创新
202508,东吴证券,605499.SH,东鹏饮料
202508,东吴证券,688166.SH,博瑞医药
202508,东吴证券,688281.SH,华秦科技
202508,东吴证券,688627.SH,精智达
202508,东吴证券,688787.SH,海天瑞声
202508,东海证券,002648.SZ,卫星化学
202508,东海证券,002946.SZ,新乳业
202508,东海证券,300558.SZ,贝达药业
202508,东海证券,300633.SZ,开立医疗
202508,东海证券,300761.SZ,立华股份
202508,东海证券,603203.SH,快克智能
202508,东海证券,603599.SH,广信股份
202508,东海证券,688018.SH,乐鑫科技
202508,东海证券,688305.SH,科德数控
202508,中原证券,000625.SZ,长安汽车
202508,中原证券,000988.SZ,华工科技
202508,中原证券,002624.SZ,完美世界
202508,中原证券,300207.SZ,欣旺达
202508,中原证券,600109.SH,国金证券
202508,中原证券,601233.SH,桐昆股份
202508,中原证券,603993.SH,洛阳钼业
202508,中原证券,688041.SH,海光信息
202508,中原证券,688122.SH,西部超导
202508,中原证券,688303.SH,大全能源
202508,中国银河,002027.SZ,分众传媒
202508,中国银河,002049.SZ,紫光国微
202508,中国银河,002128.SZ,电投能源
202508,中国银河,002170.SZ,芭田股份
202508,中国银河,002487.SZ,大金重工
202508,中国银河,002544.SZ,普天科技
202508,中国银河,300244.SZ,迪安诊断
202508,中国银河,688088.SH,虹软科技
202508,中泰证券,300059.SZ,东方财富
202508,中泰证券,300662.SZ,科锐国际
202508,中泰证券,600019.SH,宝钢股份
202508,中泰证券,600309.SH,万华化学
202508,中泰证券,600684.SH,珠江股份
202508,中泰证券,601208.SH,东材科技
202508,中泰证券,603166.SH,福达股份
202508,中泰证券,603809.SH,豪能股份
202508,中泰证券,603899.SH,晨光股份
202508,中泰证券,688636.SH,智明达
202508,中航证券,300002.SZ,神州泰岳
202508,中航证券,300138.SZ,晨光生物
202508,中航证券,300648.SZ,星云股份
202508,中航证券,300872.SZ,天阳科技
202508,中航证券,600160.SH,巨化股份
202508,中航证券,600410.SH,华胜天成
202508,中航证券,600438.SH,通威股份
202508,中航证券,600601.SH,方正科技
202508,中航证券,600893.SH,航发动力
202508,中航证券,601688.SH,华泰证券
202508,中航证券,688048.SH,长光华芯
202508,中航证券,688102.SH,斯瑞新材
202508,光大证券,002230.SZ,科大讯飞
202508,光大证券,300059.SZ,东方财富
202508,光大证券,300502.SZ,新易盛
202508,光大证券,301092.SZ,争光股份
202508,光大证券,600690.SH,海尔智家
202508,光大证券,601857.SH,中国石油
202508,光大证券,603298.SH,杭叉集团
202508,光大证券,603300.SH,海南华铁
202508,光大证券,603799.SH,华友钴业
202508,光大证券,688981.SH,中芯国际
202508,兴业证券,000932.SZ,华菱钢铁
202508,兴业证券,002463.SZ,沪电股份
202508,兴业证券,003021.SZ,兆威机电
202508,兴业证券,600309.SH,万华化学
202508,兴业证券,600570.SH,恒生电子
202508,兴业证券,601555.SH,东吴证券
202508,兴业证券,688281.SH,华秦科技
202508,华安证券,002430.SZ,杭氧股份
202508,华安证券,300633.SZ,开立医疗
202508,华安证券,300638.SZ,广和通
202508,华安证券,600111.SH,北方稀土
202508,华安证券,600141.SH,兴发集团
202508,华安证券,600480.SH,凌云股份
202508,华安证券,600760.SH,中航沈飞
202508,华安证券,605499.SH,东鹏饮料
202508,华安证券,688627.SH,精智达
202508,华泰证券,000651.SZ,格力电器
202508,华泰证券,000830.SZ,鲁西化工
202508,华泰证券,002396.SZ,星网锐捷
202508,华泰证券,600879.SH,航天电子
202508,华泰证券,601899.SH,紫金矿业
202508,华泰证券,688220.SH,翱捷科技-U
202508,华源证券,002940.SZ,昂利康
202508,华源证券,600233.SH,圆通速递
202508,华源证券,601628.SH,中国人寿
202508,华源证券,603299.SH,苏盐井神
202508,华源证券,603993.SH,洛阳钼业
202508,华源证券,688012.SH,中微公司
202508,华源证券,833914.BJ,远航精密
202508,华鑫证券,000426.SZ,兴业银锡
202508,华鑫证券,002156.SZ,通富微电
202508,华鑫证券,002317.SZ,众生药业
202508,华鑫证券,002527.SZ,新时达
202508,华鑫证券,300059.SZ,东方财富
202508,华鑫证券,300308.SZ,中际旭创
202508,华鑫证券,301128.SZ,强瑞技术
202508,华鑫证券,600389.SH,江山股份
202508,华鑫证券,603567.SH,珍宝岛
202508,华鑫证券,603920.SH,世运电路
202508,华龙证券,300680.SZ,隆盛科技
202508,华龙证券,600176.SH,中国巨石
202508,华龙证券,600584.SH,长电科技
202508,华龙证券,601456.SH,国联民生
202508,华龙证券,603737.SH,三棵树
202508,华龙证券,603983.SH,丸美生物
202508,华龙证券,605376.SH,博迁新材
202508,华龙证券,688059.SH,华锐精密
202508,华龙证券,688102.SH,斯瑞新材
202508,华龙证券,688258.SH,卓易信息
202508,国信证券,000063.SZ,中兴通讯
202508,国信证券,000425.SZ,徐工机械
202508,国信证券,002959.SZ,小熊电器
202508,国信证券,003816.SZ,中国广核
202508,国信证券,300059.SZ,东方财富
202508,国信证券,600458.SH,时代新材
202508,国信证券,605499.SH,东鹏饮料
202508,国元证券,002353.SZ,杰瑞股份
202508,国元证券,002997.SZ,瑞鹄模具
202508,国元证券,301162.SZ,国能日新
202508,国元证券,603444.SH,吉比特
202508,国元证券,688410.SH,山外山
202508,国元证券,688498.SH,源杰科技
202508,国投证券,000333.SZ,美的集团
202508,国投证券,002317.SZ,众生药业
202508,国投证券,002436.SZ,兴森科技
202508,国投证券,300048.SZ,合康新能
202508,国投证券,300760.SZ,迈瑞医疗
202508,国投证券,301061.SZ,匠心家居
202508,国投证券,600036.SH,招商银行
202508,国投证券,601628.SH,中国人寿
202508,国投证券,603993.SH,洛阳钼业
202508,国投证券,688322.SH,奥比中光-UW
202508,国海证券,002517.SZ,恺英网络
202508,国海证券,002714.SZ,牧原股份
202508,国海证券,300059.SZ,东方财富
202508,国海证券,300662.SZ,科锐国际
202508,国海证券,600309.SH,万华化学
202508,国海证券,600985.SH,淮北矿业
202508,国海证券,603338.SH,浙江鼎力
202508,国海证券,688041.SH,海光信息
202508,国金证券,000425.SZ,徐工机械
202508,国金证券,000831.SZ,中国稀土
202508,国金证券,002714.SZ,牧原股份
202508,国金证券,600435.SH,北方导航
202508,国金证券,601881.SH,中国银河
202508,国金证券,603308.SH,应流股份
202508,国金证券,688111.SH,金山办公
202508,国金证券,688127.SH,蓝特光学
202508,天风证券,000526.SZ,学大教育
202508,天风证券,001328.SZ,登康口腔
202508,天风证券,002345.SZ,潮宏基
202508,天风证券,002463.SZ,沪电股份
202508,天风证券,002550.SZ,千红制药
202508,天风证券,002714.SZ,牧原股份
202508,天风证券,002739.SZ,万达电影
202508,天风证券,300308.SZ,中际旭创
202508,天风证券,300413.SZ,芒果超媒
202508,天风证券,300416.SZ,苏试试验
202508,天风证券,300454.SZ,深信服
202508,天风证券,300502.SZ,新易盛
202508,天风证券,300740.SZ,水羊股份
202508,天风证券,301061.SZ,匠心家居
202508,天风证券,301308.SZ,江波龙
202508,天风证券,600011.SH,华能国际
202508,天风证券,600060.SH,海信视像
202508,天风证券,600391.SH,航发科技
202508,天风证券,600623.SH,华谊集团
202508,天风证券,600862.SH,中航高科
202508,天风证券,600967.SH,内蒙一机
202508,天风证券,601117.SH,中国化学
202508,天风证券,601138.SH,工业富联
202508,天风证券,601155.SH,新城控股
202508,天风证券,601336.SH,新华保险
202508,天风证券,603565.SH,中谷物流
202508,天风证券,603885.SH,吉祥航空
202508,天风证券,605499.SH,东鹏饮料
202508,天风证券,688235.SH,百济神州-U
202508,天风证券,688382.SH,益方生物-U
202508,天风证券,688522.SH,纳睿雷达
202508,平安证券,002371.SZ,北方华创
202508,平安证券,002532.SZ,天山铝业
202508,平安证券,300059.SZ,东方财富
202508,平安证券,600801.SH,华新水泥
202508,平安证券,601336.SH,新华保险
202508,平安证券,601615.SH,明阳智能
202508,平安证券,688111.SH,金山办公
202508,平安证券,688208.SH,道通科技
202508,平安证券,688235.SH,百济神州-U
202508,平安证券,688581.SH,安杰思
202508,开源证券,002463.SZ,沪电股份
202508,开源证券,002487.SZ,大金重工
202508,开源证券,300502.SZ,新易盛
202508,开源证券,600958.SH,东方证券
202508,开源证券,603225.SH,新凤鸣
202508,开源证券,603979.SH,金诚信
202508,开源证券,688258.SH,卓易信息
202508,开源证券,688531.SH,日联科技
202508,民生证券,600030.SH,中信证券
202508,民生证券,600435.SH,北方导航
202508,民生证券,601699.SH,潞安环能
202508,民生证券,603799.SH,华友钴业
202508,民生证券,603871.SH,嘉友国际
202508,民生证券,605589.SH,圣泉集团
202508,民生证券,688256.SH,寒武纪-U
202508,民生证券,688981.SH,中芯国际
202508,申万宏源证券,002078.SZ,太阳纸业
202508,申万宏源证券,002558.SZ,巨人网络
202508,申万宏源证券,002738.SZ,中矿资源
202508,申万宏源证券,002938.SZ,鹏鼎控股
202508,申万宏源证券,300747.SZ,锐科激光
202508,申万宏源证券,600150.SH,中国船舶
202508,申万宏源证券,600276.SH,恒瑞医药
202508,申万宏源证券,600486.SH,扬农化工
202508,西部证券,002594.SZ,比亚迪
202508,西部证券,300207.SZ,欣旺达
202508,西部证券,300378.SZ,鼎捷数智
202508,西部证券,600282.SH,南钢股份
202508,西部证券,601117.SH,中国化学
202508,西部证券,601633.SH,长城汽车
202508,西部证券,601702.SH,华峰铝业
202508,西部证券,688410.SH,山外山
202508,西部证券,688513.SH,苑东生物
202508,财通证券,002126.SZ,银轮股份
202508,财通证券,002463.SZ,沪电股份
202508,财通证券,002714.SZ,牧原股份
202508,财通证券,300204.SZ,舒泰神
202508,财通证券,300421.SZ,力星股份
202508,财通证券,300624.SZ,万兴科技
202508,财通证券,300973.SZ,立高食品
202508,财通证券,601117.SH,中国化学
202508,财通证券,603486.SH,科沃斯
202508,银河证券,002027.SZ,分众传媒
202508,银河证券,002049.SZ,紫光国微
202508,银河证券,002128.SZ,电投能源
202508,银河证券,002170.SZ,芭田股份
202508,银河证券,002487.SZ,大金重工
202508,银河证券,002544.SZ,普天科技
202508,银河证券,300244.SZ,迪安诊断
202508,银河证券,688088.SH,虹软科技
202509,东兴证券,002881.SZ,美格智能
202509,东兴证券,002991.SZ,甘源食品
202509,东兴证券,300619.SZ,金银河
202509,东兴证券,300623.SZ,捷捷微电
202509,东兴证券,600176.SH,中国巨石
202509,东兴证券,600519.SH,贵州茅台
202509,东兴证券,601088.SH,中国神华
202509,东兴证券,603678.SH,火炬电子
202509,东兴证券,603788.SH,宁波高发
202509,东兴证券,605123.SH,派克新材
202509,东兴证券,688111.SH,金山办公
202509,东北证券,002601.SZ,龙佰集团
202509,东北证券,300003.SZ,乐普医疗
202509,东北证券,300638.SZ,广和通
202509,东北证券,301511.SZ,德福科技
202509,东北证券,301603.SZ,乔锋智能
202509,东北证券,600410.SH,华胜天成
202509,东北证券,600547.SH,山东黄金
202509,东北证券,688066.SH,航天宏图
202509,东吴证券,000568.SZ,泸州老窖
202509,东吴证券,002001.SZ,新和成
202509,东吴证券,002353.SZ,杰瑞股份
202509,东吴证券,002979.SZ,雷赛智能
202509,东吴证券,300418.SZ,昆仑万维
202509,东吴证券,300765.SZ,新诺威
202509,东吴证券,300803.SZ,指南针
202509,东吴证券,600585.SH,海螺水泥
202509,东吴证券,688062.SH,迈威生物-U
202509,东吴证券,688099.SH,晶晨股份
202509,中原证券,001696.SZ,宗申动力
202509,中原证券,002074.SZ,国轩高科
202509,中原证券,002555.SZ,三七互娱
202509,中原证券,002714.SZ,牧原股份
202509,中原证券,300502.SZ,新易盛
202509,中原证券,301269.SZ,华大九天
202509,中原证券,600109.SH,国金证券
202509,中原证券,688041.SH,海光信息
202509,中原证券,688303.SH,大全能源
202509,中原证券,688313.SH,仕佳光子
202509,中泰证券,000063.SZ,中兴通讯
202509,中泰证券,000661.SZ,长春高新
202509,中泰证券,000923.SZ,河钢资源
202509,中泰证券,300037.SZ,新宙邦
202509,中泰证券,300059.SZ,东方财富
202509,中泰证券,300229.SZ,拓尔思
202509,中泰证券,600309.SH,万华化学
202509,中泰证券,600684.SH,珠江股份
202509,中泰证券,600801.SH,华新水泥
202509,中泰证券,603166.SH,福达股份
202509,中泰证券,603236.SH,移远通信
202509,中泰证券,603259.SH,药明康德
202509,中泰证券,603267.SH,鸿远电子
202509,中泰证券,603809.SH,豪能股份
202509,中泰证券,603986.SH,兆易创新
202509,中泰证券,688059.SH,华锐精密
202509,中泰证券,688636.SH,智明达
202509,光大证券,001979.SZ,招商蛇口
202509,光大证券,002624.SZ,完美世界
202509,光大证券,300502.SZ,新易盛
202509,光大证券,301092.SZ,争光股份
202509,光大证券,600030.SH,中信证券
202509,光大证券,600690.SH,海尔智家
202509,光大证券,601688.SH,华泰证券
202509,光大证券,603799.SH,华友钴业
202509,光大证券,688012.SH,中微公司
202509,光大证券,688378.SH,奥来德
202509,华安证券,000568.SZ,泸州老窖
202509,华安证券,002332.SZ,仙琚制药
202509,华安证券,300638.SZ,广和通
202509,华安证券,600141.SH,兴发集团
202509,华安证券,600699.SH,均胜电子
202509,华安证券,600760.SH,中航沈飞
202509,华安证券,601100.SH,恒立液压
202509,华安证券,688627.SH,精智达
202509,华泰证券,000063.SZ,中兴通讯
202509,华泰证券,000933.SZ,神火股份
202509,华泰证券,002979.SZ,雷赛智能
202509,华泰证券,600096.SH,云天化
202509,华泰证券,601899.SH,紫金矿业
202509,华泰证券,688099.SH,晶晨股份
202509,华泰证券,688111.SH,金山办公
202509,华鑫证券,000700.SZ,模塑科技
202509,华鑫证券,002940.SZ,昂利康
202509,华鑫证券,300059.SZ,东方财富
202509,华鑫证券,300433.SZ,蓝思科技
202509,华鑫证券,301489.SZ,思泉新材
202509,华鑫证券,600702.SH,舍得酒业
202509,华鑫证券,600988.SH,赤峰黄金
202509,华鑫证券,603119.SH,浙江荣泰
202509,华鑫证券,688183.SH,生益电子
202509,华鑫证券,688702.SH,盛科通信-U
202509,国信证券,000063.SZ,中兴通讯
202509,国信证券,002142.SZ,宁波银行
202509,国信证券,002831.SZ,裕同科技
202509,国信证券,300979.SZ,华利集团
202509,国信证券,600900.SH,长江电力
202509,国信证券,600933.SH,爱柯迪
202509,国信证券,600958.SH,东方证券
202509,国投证券,301061.SZ,匠心家居
202509,国投证券,301236.SZ,软通动力
202509,国投证券,600036.SH,招商银行
202509,国投证券,601628.SH,中国人寿
202509,国投证券,603087.SH,甘李药业
202509,国投证券,603986.SH,兆易创新
202509,国投证券,605333.SH,沪光股份
202509,国投证券,688283.SH,坤恒顺维
202509,国海证券,002202.SZ,金风科技
202509,国海证券,002444.SZ,巨星科技
202509,国海证券,002475.SZ,立讯精密
202509,国海证券,002517.SZ,恺英网络
202509,国海证券,300059.SZ,东方财富
202509,国海证券,600985.SH,淮北矿业
202509,国海证券,603067.SH,振华股份
202509,国海证券,603369.SH,今世缘
202509,国海证券,688256.SH,寒武纪-U
202509,国融证券,000951.SZ,中国重汽
202509,国融证券,002906.SZ,华阳集团
202509,国融证券,002920.SZ,德赛西威
202509,国融证券,601799.SH,星宇股份
202509,国融证券,603179.SH,新泉股份
202509,国融证券,603596.SH,伯特利
202509,国金证券,000425.SZ,徐工机械
202509,国金证券,000831.SZ,中国稀土
202509,国金证券,002415.SZ,海康威视
202509,国金证券,302132.SZ,中航成飞
202509,国金证券,600499.SH,科达制造
202509,国金证券,603713.SH,密尔克卫
202509,国金证券,688127.SH,蓝特光学
202509,太平洋证券,002463.SZ,沪电股份
202509,太平洋证券,300354.SZ,东华测试
202509,太平洋证券,603129.SH,春风动力
202509,太平洋证券,603659.SH,璞泰来
202509,太平洋证券,688327.SH,云从科技-UW
202509,平安证券,002532.SZ,天山铝业
202509,平安证券,300705.SZ,九典制药
202509,平安证券,600160.SH,巨化股份
202509,平安证券,601012.SH,隆基绿能
202509,平安证券,601336.SH,新华保险
202509,平安证券,601633.SH,长城汽车
202509,平安证券,688208.SH,道通科技
202509,平安证券,688608.SH,恒玄科技
202509,平安证券,688617.SH,惠泰医疗
202509,平安证券,688772.SH,珠海冠宇
202509,开源证券,002517.SZ,恺英网络
202509,开源证券,002837.SZ,英维克
202509,开源证券,600595.SH,中孚实业
202509,开源证券,600702.SH,舍得酒业
202509,开源证券,601601.SH,中国太保
202509,开源证券,603225.SH,新凤鸣
202509,开源证券,688169.SH,石头科技
202509,开源证券,688200.SH,华峰测控
202509,开源证券,688612.SH,威迈斯
202509,民生证券,002215.SZ,诺普信
202509,民生证券,300593.SZ,新雷能
202509,民生证券,600030.SH,中信证券
202509,民生证券,600426.SH,华鲁恒升
202509,民生证券,600809.SH,山西汾酒
202509,民生证券,601699.SH,潞安环能
202509,民生证券,603799.SH,华友钴业
202509,民生证券,603871.SH,嘉友国际
202509,民生证券,688981.SH,中芯国际
202509,浙商证券,003043.SZ,华亚智能
202509,浙商证券,300002.SZ,神州泰岳
202509,浙商证券,300010.SZ,豆神教育
202509,浙商证券,600095.SH,湘财股份
202509,浙商证券,600588.SH,用友网络
202509,浙商证券,601933.SH,永辉超市
202509,浙商证券,603296.SH,华勤技术
202509,浙商证券,605128.SH,上海沿浦
202509,浙商证券,688525.SH,佰维存储
202509,浙商证券,689009.SH,九号公司-WD
202509,申万宏源,000685.SZ,中山公用
202509,申万宏源,000830.SZ,鲁西化工
202509,申万宏源,600685.SH,中船防务
202509,申万宏源,603031.SH,安孚科技
202509,申万宏源,603569.SH,长久物流
202509,申万宏源,688003.SH,天准科技
202509,申万宏源,688772.SH,珠海冠宇
202509,西部证券,002020.SZ,京新药业
202509,西部证券,300014.SZ,亿纬锂能
202509,西部证券,600282.SH,南钢股份
202509,西部证券,601633.SH,长城汽车
202509,西部证券,601702.SH,华峰铝业
202509,银河证券,002049.SZ,紫光国微
202509,银河证券,002544.SZ,普天科技
202509,银河证券,002821.SZ,凯莱英
202509,银河证券,002922.SZ,伊戈尔
202509,银河证券,300033.SZ,同花顺
202509,银河证券,300748.SZ,金力永磁
202509,银河证券,301326.SZ,捷邦科技
202509,银河证券,600356.SH,恒丰纸业
202509,银河证券,600900.SH,长江电力
202509,长城证券,300037.SZ,新宙邦
202509,长城证券,300394.SZ,天孚通信
202509,长城证券,301285.SZ,鸿日达
202509,长城证券,600285.SH,羚锐制药
202509,长城证券,600941.SH,中国移动
202509,长城证券,601318.SH,中国平安
202509,长城证券,688008.SH,澜起科技
202509,长城证券,688300.SH,联瑞新材
202509,长城证券,688401.SH,路维光电
202509,长江证券,002241.SZ,歌尔股份
202509,长江证券,002468.SZ,申通快递
202509,长江证券,300308.SZ,中际旭创
202509,长江证券,600309.SH,万华化学
202509,长江证券,600760.SH,中航沈飞
202509,长江证券,601336.SH,新华保险
202509,长江证券,603993.SH,洛阳钼业
202509,长江证券,688180.SH,君实生物-U
202509,长江证券,688200.SH,华峰测控
202510,中原证券,000400.SZ,许继电气
202510,中原证券,000425.SZ,徐工机械
202510,中原证券,002709.SZ,天赐材料
202510,中原证券,300014.SZ,亿纬锂能
202510,中原证券,300763.SZ,锦浪科技
202510,中原证券,301358.SZ,湖南裕能
202510,中原证券,600760.SH,中航沈飞
202510,中原证券,601233.SH,桐昆股份
202510,中原证券,601677.SH,明泰铝业
202510,中原证券,603986.SH,兆易创新
202510,中国银河,002049.SZ,紫光国微
202510,中国银河,002487.SZ,大金重工
202510,中国银河,002544.SZ,普天科技
202510,中国银河,002768.SZ,国恩股份
202510,中国银河,300003.SZ,乐普医疗
202510,中国银河,603486.SH,科沃斯
202510,中国银河,603993.SH,洛阳钼业
202510,中国银河,688208.SH,道通科技
202510,中泰证券,000923.SZ,河钢资源
202510,中泰证券,002468.SZ,申通快递
202510,中泰证券,002517.SZ,恺英网络
202510,中泰证券,002928.SZ,华夏航空
202510,中泰证券,300442.SZ,润泽科技
202510,中泰证券,301231.SZ,荣信文化
202510,中泰证券,600487.SH,亨通光电
202510,中泰证券,601336.SH,新华保险
202510,中泰证券,603166.SH,福达股份
202510,中泰证券,603259.SH,药明康德
202510,中泰证券,603809.SH,豪能股份
202510,中泰证券,603986.SH,兆易创新
202510,中泰证券,605088.SH,冠盛股份
202510,中泰证券,688059.SH,华锐精密
202510,中泰证券,688373.SH,盟科药业-U
202510,中泰证券,688608.SH,恒玄科技
202510,光大证券,001979.SZ,招商蛇口
202510,光大证券,002415.SZ,海康威视
202510,光大证券,600031.SH,三一重工
202510,光大证券,600036.SH,招商银行
202510,光大证券,600690.SH,海尔智家
202510,光大证券,600848.SH,上海临港
202510,光大证券,603799.SH,华友钴业
202510,光大证券,688256.SH,寒武纪-U
202510,光大证券,688378.SH,奥来德
202510,光大证券,688981.SH,中芯国际
202510,国信证券,000063.SZ,中兴通讯
202510,国信证券,002202.SZ,金风科技
202510,国信证券,300274.SZ,阳光电源
202510,国信证券,603163.SH,圣晖集成
202510,国信证券,605338.SH,巴比食品
202510,国信证券,688029.SH,南微医学
202510,国信证券,688220.SH,翱捷科技-U
202510,国金证券,000935.SZ,四川双马
202510,国金证券,002415.SZ,海康威视
202510,国金证券,600298.SH,安琪酵母
202510,国金证券,601100.SH,恒立液压
202510,国金证券,603885.SH,吉祥航空
202510,国金证券,688127.SH,蓝特光学
202510,国金证券,688375.SH,国博电子
202510,太平洋,001330.SZ,博纳影业
202510,太平洋,002100.SZ,天康生物
202510,太平洋,300922.SZ,天秦装备
202510,太平洋,301382.SZ,蜂助手
202510,太平洋,600428.SH,中远海特
202510,太平洋,601166.SH,兴业银行
202510,太平洋,601689.SH,拓普集团
202510,太平洋,603659.SH,璞泰来
202510,太平洋,603799.SH,华友钴业
202510,太平洋,688722.SH,同益中
202510,平安证券,000426.SZ,兴业银锡
202510,平安证券,002821.SZ,凯莱英
202510,平安证券,300438.SZ,鹏辉能源
202510,平安证券,300454.SZ,深信服
202510,平安证券,600801.SH,华新水泥
202510,平安证券,601615.SH,明阳智能
202510,平安证券,603087.SH,甘李药业
202510,平安证券,688041.SH,海光信息
202510,平安证券,688072.SH,拓荆科技
202510,平安证券,688772.SH,珠海冠宇
202510,开源证券,002736.SZ,国信证券
202510,开源证券,002803.SZ,吉宏股份
202510,开源证券,300002.SZ,神州泰岳
202510,开源证券,300596.SZ,利安隆
202510,开源证券,300953.SZ,震裕科技
202510,开源证券,603239.SH,浙江仙通
202510,开源证券,603993.SH,洛阳钼业
202510,开源证券,688169.SH,石头科技
202510,开源证券,688200.SH,华峰测控
202510,开源证券,688531.SH,日联科技
202510,海通国际,002050.SZ,三花智控
202510,海通国际,300433.SZ,蓝思科技
202510,海通国际,600660.SH,福耀玻璃
202510,海通国际,600690.SH,海尔智家
202510,海通国际,603259.SH,药明康德
202510,海通国际,688027.SH,国盾量子
202510,海通国际,688169.SH,石头科技
202510,海通国际,688208.SH,道通科技
202510,申万宏源证券,002409.SZ,雅克科技
202510,申万宏源证券,300073.SZ,当升科技
202510,申万宏源证券,300922.SZ,天秦装备
202510,申万宏源证券,600141.SH,兴发集团
202510,申万宏源证券,600710.SH,苏美达
202510,申万宏源证券,601155.SH,新城控股
202510,申万宏源证券,603799.SH,华友钴业
202510,申万宏源证券,688516.SH,奥特维
202511,东兴证券,002392.SZ,北京利尔
202511,东兴证券,002881.SZ,美格智能
202511,东兴证券,300619.SZ,金银河
202511,东兴证券,600233.SH,圆通速递
202511,东兴证券,600887.SH,伊利股份
202511,东兴证券,601088.SH,中国神华
202511,东兴证券,601658.SH,邮储银行
202511,东兴证券,603239.SH,浙江仙通
202511,东兴证券,605123.SH,派克新材
202511,东兴证券,688111.SH,金山办公
202511,东兴证券,688126.SH,沪硅产业
202511,东兴证券,688627.SH,精智达
202511,东北证券,002050.SZ,三花智控
202511,东北证券,300058.SZ,蓝色光标
202511,东北证券,300677.SZ,英科医疗
202511,东北证券,600183.SH,生益科技
202511,东北证券,600801.SH,华新建材
202511,东北证券,601899.SH,紫金矿业
202511,东北证券,601963.SH,重庆银行
202511,东北证券,688111.SH,金山办公
202511,东吴证券,002558.SZ,巨人网络
202511,东吴证券,300353.SZ,东土科技
202511,东吴证券,301358.SZ,湖南裕能
202511,东吴证券,600057.SH,厦门象屿
202511,东吴证券,600066.SH,宇通客车
202511,东吴证券,600309.SH,万华化学
202511,东吴证券,600388.SH,龙净环保
202511,东吴证券,603090.SH,宏盛股份
202511,东吴证券,688062.SH,迈威生物-U
202511,东吴证券,688256.SH,寒武纪-U
202511,东海证券,002317.SZ,众生药业
202511,东海证券,002371.SZ,北方华创
202511,东海证券,002648.SZ,卫星化学
202511,东海证券,300633.SZ,开立医疗
202511,东海证券,300761.SZ,立华股份
202511,东海证券,600346.SH,恒力石化
202511,东海证券,600761.SH,安徽合力
202511,东海证券,601100.SH,恒立液压
202511,东海证券,601689.SH,拓普集团
202511,东海证券,603986.SH,兆易创新
202511,东莞证券,002714.SZ,牧原股份
202511,东莞证券,300124.SZ,汇川技术
202511,东莞证券,300750.SZ,宁德时代
202511,东莞证券,600031.SH,三一重工
202511,东莞证券,600066.SH,宇通客车
202511,东莞证券,600406.SH,国电南瑞
202511,东莞证券,600549.SH,厦门钨业
202511,东莞证券,600584.SH,长电科技
202511,东莞证券,600801.SH,华新建材
202511,东莞证券,603236.SH,移远通信
202511,中信建投,002487.SZ,大金重工
202511,中信建投,300818.SZ,耐普矿机
202511,中信建投,300835.SZ,龙磁科技
202511,中信建投,600418.SH,江淮汽车
202511,中信建投,601318.SH,中国平安
202511,中信建投,688111.SH,金山办公
202511,中信建投,688498.SH,源杰科技
202511,中原证券,002709.SZ,天赐材料
202511,中原证券,300136.SZ,信维通信
202511,中原证券,300442.SZ,润泽科技
202511,中原证券,301358.SZ,湖南裕能
202511,中原证券,600096.SH,云天化
202511,中原证券,600118.SH,中国卫星
202511,中原证券,600312.SH,平高电气
202511,中原证券,600909.SH,华安证券
202511,中原证券,603993.SH,洛阳钼业
202511,中原证券,688303.SH,大全能源
202511,中国银河,000933.SZ,神火股份
202511,中国银河,002128.SZ,电投能源
202511,中国银河,002709.SZ,天赐材料
202511,中国银河,300003.SZ,乐普医疗
202511,中国银河,300577.SZ,开润股份
202511,中国银河,600900.SH,长江电力
202511,中国银河,600941.SH,中国移动
202511,中国银河,688981.SH,中芯国际
202511,中泰证券,000923.SZ,河钢资源
202511,中泰证券,300347.SZ,泰格医药
202511,中泰证券,600115.SH,中国东航
202511,中泰证券,601689.SH,拓普集团
202511,中泰证券,603319.SH,美湖股份
202511,中泰证券,688059.SH,华锐精密
202511,中航证券,002891.SZ,中宠股份
202511,中航证券,300014.SZ,亿纬锂能
202511,中航证券,300433.SZ,蓝思科技
202511,中航证券,600111.SH,北方稀土
202511,中航证券,600118.SH,中国卫星
202511,中航证券,600418.SH,江淮汽车
202511,中航证券,601688.SH,华泰证券
202511,中航证券,601900.SH,南方传媒
202511,中航证券,603009.SH,北特科技
202511,中航证券,688333.SH,铂力特
202511,中金公司,600315.SH,上海家化
202511,中金公司,601156.SH,东航物流
202511,中金公司,601166.SH,兴业银行
202511,中银证券,000524.SZ,岭南控股
202511,中银证券,002230.SZ,科大讯飞
202511,中银证券,002409.SZ,雅克科技
202511,中银证券,300476.SZ,胜宏科技
202511,中银证券,300750.SZ,宁德时代
202511,中银证券,600115.SH,中国东航
202511,中银证券,600426.SH,华鲁恒升
202511,中银证券,600428.SH,中远海特
202511,中银证券,601138.SH,工业富联
202511,中银证券,603345.SH,安井食品
202511,中银证券,688198.SH,佰仁医疗
202511,光大证券,002138.SZ,顺络电子
202511,光大证券,300308.SZ,中际旭创
202511,光大证券,301092.SZ,争光股份
202511,光大证券,600031.SH,三一重工
202511,光大证券,600690.SH,海尔智家
202511,光大证券,600848.SH,上海临港
202511,光大证券,601857.SH,中国石油
202511,光大证券,601899.SH,紫金矿业
202511,光大证券,603298.SH,杭叉集团
202511,光大证券,688378.SH,奥来德
202511,兴业证券,002532.SZ,天山铝业
202511,兴业证券,300593.SZ,新雷能
202511,兴业证券,600031.SH,三一重工
202511,兴业证券,600060.SH,海信视像
202511,兴业证券,601689.SH,拓普集团
202511,兴业证券,603568.SH,伟明环保
202511,兴业证券,688072.SH,拓荆科技
202511,兴业证券,688111.SH,金山办公
202511,华安证券,000933.SZ,神火股份
202511,华安证券,002044.SZ,美年健康
202511,华安证券,002100.SZ,天康生物
202511,华安证券,002701.SZ,奥瑞金
202511,华安证券,300223.SZ,北京君正
202511,华安证券,300408.SZ,三环集团
202511,华安证券,301606.SZ,绿联科技
202511,华安证券,600141.SH,兴发集团
202511,华泰证券,000933.SZ,神火股份
202511,华泰证券,002028.SZ,思源电气
202511,华泰证券,002847.SZ,盐津铺子
202511,华泰证券,300274.SZ,阳光电源
202511,华泰证券,601058.SH,赛轮轮胎
202511,华泰证券,603298.SH,杭叉集团
202511,华泰证券,603929.SH,亚翔集成
202511,华泰证券,605598.SH,上海港湾
202511,华源证券,000400.SZ,许继电气
202511,华源证券,002497.SZ,雅化集团
202511,华源证券,300115.SZ,长盈精密
202511,华源证券,600039.SH,四川路桥
202511,华源证券,601318.SH,中国平安
202511,华源证券,601872.SH,招商轮船
202511,华源证券,688615.SH,合合信息
202511,华源证券,920599.BJ,同力股份
202511,华金证券,000893.SZ,亚钾国际
202511,华金证券,002517.SZ,恺英网络
202511,华金证券,301291.SZ,明阳电气
202511,华金证券,301528.SZ,多浦乐
202511,华金证券,301607.SZ,富特科技
202511,华金证券,601689.SH,拓普集团
202511,华金证券,603063.SH,禾望电气
202511,华金证券,603259.SH,药明康德
202511,华金证券,688591.SH,泰凌微
202511,华金证券,688981.SH,中芯国际
202511,华鑫证券,000408.SZ,藏格矿业
202511,华鑫证券,000700.SZ,模塑科技
202511,华鑫证券,000933.SZ,神火股份
202511,华鑫证券,002940.SZ,昂利康
202511,华鑫证券,301128.SZ,强瑞技术
202511,华鑫证券,600389.SH,江山股份
202511,华鑫证券,601288.SH,农业银行
202511,华鑫证券,603179.SH,新泉股份
202511,华鑫证券,603978.SH,深圳新星
202511,华鑫证券,688676.SH,金盘科技
202511,华龙证券,002080.SZ,中材科技
202511,华龙证券,300680.SZ,隆盛科技
202511,华龙证券,301358.SZ,湖南裕能
202511,华龙证券,600584.SH,长电科技
202511,华龙证券,600699.SH,均胜电子
202511,华龙证券,601100.SH,恒立液压
202511,华龙证券,601899.SH,紫金矿业
202511,华龙证券,688256.SH,寒武纪-U
202511,华龙证券,688507.SH,索辰科技
202511,华龙证券,688778.SH,厦钨新能
202511,国信证券,002142.SZ,宁波银行
202511,国信证券,003816.SZ,中国广核
202511,国信证券,300073.SZ,当升科技
202511,国信证券,300274.SZ,阳光电源
202511,国信证券,300308.SZ,中际旭创
202511,国信证券,600958.SH,东方证券
202511,国信证券,601138.SH,工业富联
202511,国信证券,601899.SH,紫金矿业
202511,国元证券,002353.SZ,杰瑞股份
202511,国元证券,002472.SZ,双环传动
202511,国元证券,002558.SZ,巨人网络
202511,国元证券,300308.SZ,中际旭创
202511,国元证券,688111.SH,金山办公
202511,国投证券,000333.SZ,美的集团
202511,国投证券,000568.SZ,泸州老窖
202511,国投证券,000962.SZ,东方钽业
202511,国投证券,001339.SZ,智微智能
202511,国投证券,300602.SZ,飞荣达
202511,国投证券,300772.SZ,运达股份
202511,国投证券,301061.SZ,匠心家居
202511,国投证券,600036.SH,招商银行
202511,国投证券,603071.SH,物产环能
202511,国投证券,688410.SH,山外山
202511,国海证券,000962.SZ,东方钽业
202511,国海证券,002558.SZ,巨人网络
202511,国海证券,300014.SZ,亿纬锂能
202511,国海证券,601898.SH,中煤能源
202511,国海证券,603019.SH,中科曙光
202511,国海证券,603067.SH,振华股份
202511,国海证券,603816.SH,顾家家居
202511,国海证券,603986.SH,兆易创新
202511,国海证券,688301.SH,奕瑞科技
202511,国盛证券,000932.SZ,华菱钢铁
202511,国盛证券,002244.SZ,滨江集团
202511,国盛证券,600438.SH,通威股份
202511,国盛证券,600673.SH,东阳光
202511,国盛证券,601898.SH,中煤能源
202511,国联民生,000333.SZ,美的集团
202511,国联民生,000792.SZ,盐湖股份
202511,国联民生,002714.SZ,牧原股份
202511,国联民生,002946.SZ,新乳业
202511,国联民生,300395.SZ,菲利华
202511,国联民生,600901.SH,江苏金租
202511,国联民生,601857.SH,中国石油
202511,国联民生,688313.SH,仕佳光子
202511,国融证券,000951.SZ,中国重汽
202511,国融证券,002906.SZ,华阳集团
202511,国融证券,002920.SZ,德赛西威
202511,国融证券,601799.SH,星宇股份
202511,国融证券,603179.SH,新泉股份
202511,国融证券,603596.SH,伯特利
202511,国金证券,000807.SZ,云铝股份
202511,国金证券,002415.SZ,海康威视
202511,国金证券,002714.SZ,牧原股份
202511,国金证券,301217.SZ,铜冠铜箔
202511,国金证券,688127.SH,蓝特光学
202511,国金证券,688375.SH,国博电子
202511,天风证券,002080.SZ,中材科技
202511,天风证券,002138.SZ,顺络电子
202511,天风证券,002475.SZ,立讯精密
202511,天风证券,002532.SZ,天山铝业
202511,天风证券,002626.SZ,金达威
202511,天风证券,002738.SZ,中矿资源
202511,天风证券,300308.SZ,中际旭创
202511,天风证券,300454.SZ,深信服
202511,天风证券,300498.SZ,温氏股份
202511,天风证券,300502.SZ,新易盛
202511,天风证券,300658.SZ,延江股份
202511,天风证券,301061.SZ,匠心家居
202511,天风证券,301308.SZ,江波龙
202511,天风证券,600011.SH,华能国际
202511,天风证券,600060.SH,海信视像
202511,天风证券,600258.SH,首旅酒店
202511,天风证券,600415.SH,小商品城
202511,天风证券,600633.SH,浙数文化
202511,天风证券,601100.SH,恒立液压
202511,天风证券,601628.SH,中国人寿
202511,天风证券,603259.SH,药明康德
202511,天风证券,603365.SH,水星家纺
202511,天风证券,603565.SH,中谷物流
202511,天风证券,688041.SH,海光信息
202511,天风证券,688235.SH,百济神州-U
202511,天风证券,688313.SH,仕佳光子
202511,天风证券,688322.SH,奥比中光-UW
202511,太平洋,002100.SZ,天康生物
202511,太平洋,002463.SZ,沪电股份
202511,太平洋,300922.SZ,天秦装备
202511,太平洋,600428.SH,中远海特
202511,太平洋,601601.SH,中国太保
202511,太平洋,601689.SH,拓普集团
202511,太平洋,603099.SH,长白山
202511,太平洋,603129.SH,春风动力
202511,太平洋,603659.SH,璞泰来
202511,太平洋,603799.SH,华友钴业
202511,平安证券,002202.SZ,金风科技
202511,平安证券,002675.SZ,东诚药业
202511,平安证券,300438.SZ,鹏辉能源
202511,平安证券,600801.SH,华新建材
202511,平安证券,601138.SH,工业富联
202511,平安证券,601229.SH,上海银行
202511,平安证券,601601.SH,中国太保
202511,平安证券,603993.SH,洛阳钼业
202511,平安证券,688012.SH,中微公司
202511,平安证券,688041.SH,海光信息
202511,开源证券,002270.SZ,华明装备
202511,开源证券,002956.SZ,西麦食品
202511,开源证券,300502.SZ,新易盛
202511,开源证券,300953.SZ,震裕科技
202511,开源证券,600418.SH,江淮汽车
202511,开源证券,688258.SH,卓易信息
202511,开源证券,688772.SH,珠海冠宇
202511,招商证券,000807.SZ,云铝股份
202511,招商证券,002475.SZ,立讯精密
202511,招商证券,002709.SZ,天赐材料
202511,招商证券,300308.SZ,中际旭创
202511,招商证券,600036.SH,招商银行
202511,招商证券,600183.SH,生益科技
202511,招商证券,600760.SH,中航沈飞
202511,招商证券,600795.SH,国电电力
202511,招商证券,601899.SH,紫金矿业
202511,招商证券,688041.SH,海光信息
202511,方正证券,002241.SZ,歌尔股份
202511,方正证券,002956.SZ,西麦食品
202511,方正证券,300750.SZ,宁德时代
202511,方正证券,301110.SZ,青木科技
202511,方正证券,600176.SH,中国巨石
202511,方正证券,600188.SH,兖矿能源
202511,方正证券,600760.SH,中航沈飞
202511,方正证券,601318.SH,中国平安
202511,方正证券,603259.SH,药明康德
202511,方正证券,603888.SH,新华网
202511,民生证券,300207.SZ,欣旺达
202511,民生证券,300593.SZ,新雷能
202511,民生证券,300609.SZ,汇纳科技
202511,民生证券,600546.SH,山煤国际
202511,民生证券,600919.SH,江苏银行
202511,民生证券,601600.SH,中国铝业
202511,民生证券,603596.SH,伯特利
202511,民生证券,603871.SH,嘉友国际
202511,民生证券,688981.SH,中芯国际
202511,浙商证券,000807.SZ,云铝股份
202511,浙商证券,002928.SZ,华夏航空
202511,浙商证券,300207.SZ,欣旺达
202511,浙商证券,300731.SZ,科创新源
202511,浙商证券,301096.SZ,百诚医药
202511,浙商证券,600060.SH,海信视像
202511,浙商证券,600095.SH,湘财股份
202511,浙商证券,601890.SH,亚星锚链
202511,浙商证券,605128.SH,上海沿浦
202511,浙商证券,688525.SH,佰维存储
202511,海通国际,002050.SZ,三花智控
202511,海通国际,600660.SH,福耀玻璃
202511,海通国际,600690.SH,海尔智家
202511,海通国际,603259.SH,药明康德
202511,海通国际,688027.SH,国盾量子
202511,海通国际,688169.SH,石头科技
202511,海通国际,688208.SH,道通科技
202511,申万宏源,001206.SZ,依依股份
202511,申万宏源,002008.SZ,大族激光
202511,申万宏源,002409.SZ,雅克科技
202511,申万宏源,300738.SZ,奥飞数据
202511,申万宏源,600150.SH,中国船舶
202511,申万宏源,600760.SH,中航沈飞
202511,申万宏源,600801.SH,华新建材
202511,申万宏源,601001.SH,晋控煤业
202511,申万宏源,601233.SH,桐昆股份
202511,西部证券,002738.SZ,中矿资源
202511,西部证券,002916.SZ,深南电路
202511,西部证券,600282.SH,南钢股份
202511,西部证券,600690.SH,海尔智家
202511,西部证券,603993.SH,洛阳钼业
202511,西部证券,688256.SH,寒武纪-U
202511,西部证券,688392.SH,骄成超声
202511,西部证券,688772.SH,珠海冠宇
202511,财通证券,002463.SZ,沪电股份
202511,财通证券,002714.SZ,牧原股份
202511,财通证券,002765.SZ,蓝黛科技
202511,财通证券,300421.SZ,力星股份
202511,财通证券,300857.SZ,协创数据
202511,财通证券,300973.SZ,立高食品
202511,财通证券,600176.SH,中国巨石
202511,财通证券,600690.SH,海尔智家
202511,长江证券,000893.SZ,亚钾国际
202511,长江证券,002517.SZ,恺英网络
202511,长江证券,002683.SZ,广东宏大
202511,长江证券,002851.SZ,麦格米特
202511,长江证券,300274.SZ,阳光电源
202511,长江证券,300308.SZ,中际旭创
202511,长江证券,300866.SZ,安克创新
202511,长江证券,601689.SH,拓普集团
202511,长江证券,603986.SH,兆易创新
202511,长江证券,603993.SH,洛阳钼业
202512,东兴证券,002392.SZ,北京利尔
202512,东兴证券,002714.SZ,牧原股份
202512,东兴证券,002991.SZ,甘源食品
202512,东兴证券,300619.SZ,金银河
202512,东兴证券,300810.SZ,中科海讯
202512,东兴证券,600919.SH,江苏银行
202512,东兴证券,603239.SH,浙江仙通
202512,东兴证券,688095.SH,福昕软件
202512,东兴证券,688100.SH,威胜信息
202512,东兴证券,688531.SH,日联科技
202512,东海证券,002648.SZ,卫星化学
202512,东海证券,002946.SZ,新乳业
202512,东海证券,600143.SH,金发科技
202512,东海证券,600761.SH,安徽合力
202512,东海证券,601058.SH,赛轮轮胎
202512,东海证券,601689.SH,拓普集团
202512,东海证券,688012.SH,中微公司
202512,东海证券,688018.SH,乐鑫科技
202512,东海证券,688192.SH,迪哲医药-U
202512,东海证券,688256.SH,寒武纪-U
202512,中泰证券,002517.SZ,恺英网络
202512,中泰证券,301231.SZ,荣信文化
202512,中泰证券,600115.SH,中国东航
202512,中泰证券,600258.SH,首旅酒店
202512,中泰证券,600426.SH,华鲁恒升
202512,中泰证券,600754.SH,锦江酒店
202512,中泰证券,603319.SH,美湖股份
202512,中泰证券,603986.SH,兆易创新
202512,中泰证券,605088.SH,冠盛股份
202512,中泰证券,605128.SH,上海沿浦
202512,中泰证券,688059.SH,华锐精密
202512,中航证券,002626.SZ,金达威
202512,中航证券,300648.SZ,星云股份
202512,中航证券,300857.SZ,协创数据
202512,中航证券,601688.SH,华泰证券
202512,中航证券,601888.SH,中国中免
202512,中航证券,603699.SH,纽威股份
202512,中航证券,688190.SH,云路股份
202512,中航证券,688631.SH,莱斯信息
202512,光大证券,002138.SZ,顺络电子
202512,光大证券,002202.SZ,金风科技
202512,光大证券,300308.SZ,中际旭创
202512,光大证券,301092.SZ,争光股份
202512,光大证券,600028.SH,中国石化
202512,光大证券,600690.SH,海尔智家
202512,光大证券,601100.SH,恒立液压
202512,光大证券,601857.SH,中国石油
202512,光大证券,603298.SH,杭叉集团
202512,光大证券,603799.SH,华友钴业
202512,华安证券,002463.SZ,沪电股份
202512,华安证券,002648.SZ,卫星化学
202512,华安证券,002714.SZ,牧原股份
202512,华安证券,002831.SZ,裕同科技
202512,华安证券,300408.SZ,三环集团
202512,华安证券,300638.SZ,广和通
202512,华安证券,301291.SZ,明阳电气
202512,华安证券,688582.SH,芯动联科
202512,华安证券,688621.SH,阳光诺和
202512,华泰证券,000333.SZ,美的集团
202512,华泰证券,000596.SZ,古井贡酒
202512,华泰证券,000708.SZ,中信特钢
202512,华泰证券,002271.SZ,东方雨虹
202512,华泰证券,300308.SZ,中际旭创
202512,华泰证券,300750.SZ,宁德时代
202512,华泰证券,603929.SH,亚翔集成
202512,华福证券,000792.SZ,盐湖股份
202512,华福证券,000831.SZ,中国稀土
202512,华福证券,002460.SZ,赣锋锂业
202512,华福证券,002701.SZ,奥瑞金
202512,华福证券,300748.SZ,金力永磁
202512,华福证券,300750.SZ,宁德时代
202512,华福证券,601899.SH,紫金矿业
202512,华福证券,688239.SH,航宇科技
202512,国信证券,000333.SZ,美的集团
202512,国信证券,000893.SZ,亚钾国际
202512,国信证券,600036.SH,招商银行
202512,国信证券,601318.SH,中国平安
202512,国信证券,603092.SH,德力佳
202512,国信证券,603163.SH,圣晖集成
202512,国信证券,603939.SH,益丰药房
202512,国信证券,688220.SH,翱捷科技-U
202512,国海证券,000596.SZ,古井贡酒
202512,国海证券,002444.SZ,巨星科技
202512,国海证券,002487.SZ,大金重工
202512,国海证券,002558.SZ,巨人网络
202512,国海证券,002714.SZ,牧原股份
202512,国海证券,601898.SH,中煤能源
202512,国海证券,603067.SH,振华股份
202512,国海证券,603816.SH,顾家家居
202512,国海证券,688041.SH,海光信息
202512,国金证券,002414.SZ,高德红外
202512,国金证券,002415.SZ,海康威视
202512,国金证券,300502.SZ,新易盛
202512,国金证券,601100.SH,恒立液压
202512,国金证券,601111.SH,中国国航
202512,国金证券,601211.SH,国泰海通
202512,国金证券,603087.SH,甘李药业
202512,国金证券,688127.SH,蓝特光学
202512,太平洋,000333.SZ,美的集团
202512,太平洋,002100.SZ,天康生物
202512,太平洋,002463.SZ,沪电股份
202512,太平洋,301382.SZ,蜂助手
202512,太平洋,601083.SH,锦江航运
202512,太平洋,601398.SH,工商银行
202512,太平洋,601888.SH,中国中免
202512,太平洋,688196.SH,卓越新能
202512,太平洋,688271.SH,联影医疗
202512,平安证券,002202.SZ,金风科技
202512,平安证券,002371.SZ,北方华创
202512,平安证券,002675.SZ,东诚药业
202512,平安证券,300438.SZ,鹏辉能源
202512,平安证券,600036.SH,招商银行
202512,平安证券,601601.SH,中国太保
202512,平安证券,603993.SH,洛阳钼业
202512,平安证券,688041.SH,海光信息
202512,平安证券,688235.SH,百济神州-U
202512,平安证券,688615.SH,合合信息
202512,开源证券,000333.SZ,美的集团
202512,开源证券,002371.SZ,北方华创
202512,开源证券,002558.SZ,巨人网络
202512,开源证券,002956.SZ,西麦食品
202512,开源证券,300308.SZ,中际旭创
202512,开源证券,601628.SH,中国人寿
202512,开源证券,688258.SH,卓易信息
202512,开源证券,688658.SH,悦康药业
202512,申万宏源,000568.SZ,泸州老窖
202512,申万宏源,002409.SZ,雅克科技
202512,申万宏源,002558.SZ,巨人网络
202512,申万宏源,600760.SH,中航沈飞
202512,申万宏源,600886.SH,国投电力
202512,申万宏源,601166.SH,兴业银行
202512,申万宏源,603166.SH,福达股份
202512,申万宏源,603171.SH,税友股份
202512,申万宏源,688223.SH,晶科能源
202601,东海证券,002353.SZ,杰瑞股份
202601,东海证券,002648.SZ,卫星化学
202601,东海证券,002946.SZ,新乳业
202601,东海证券,600143.SH,金发科技
202601,东海证券,600346.SH,恒力石化
202601,东海证券,600933.SH,爱柯迪
202601,东海证券,603192.SH,汇得科技
202601,东海证券,688278.SH,特宝生物
202601,东海证券,688332.SH,中科蓝讯
202601,东海证券,688608.SH,恒玄科技
202601,中原证券,002709.SZ,天赐材料
202601,中原证券,002714.SZ,牧原股份
202601,中原证券,003021.SZ,兆威机电
202601,中原证券,600989.SH,宝丰能源
202601,中原证券,601689.SH,拓普集团
202601,中原证券,688041.SH,海光信息
202601,中原证券,688160.SH,步科股份
202601,中原证券,688303.SH,大全能源
202601,中原证券,688498.SH,源杰科技
202601,中原证券,688568.SH,中科星图
202601,中国银河,000528.SZ,柳工
202601,中国银河,000893.SZ,亚钾国际
202601,中国银河,002050.SZ,三花智控
202601,中国银河,002128.SZ,电投能源
202601,中国银河,300308.SZ,中际旭创
202601,中国银河,600879.SH,航天电子
202601,中国银河,601888.SH,中国中免
202601,中国银河,601899.SH,紫金矿业
202601,中国银河,603986.SH,兆易创新
202601,中泰证券,000498.SZ,山东路桥
202601,中泰证券,000923.SZ,河钢资源
202601,中泰证券,002080.SZ,中材科技
202601,中泰证券,300900.SZ,广联航空
202601,中泰证券,301231.SZ,荣信文化
202601,中泰证券,600115.SH,中国东航
202601,中泰证券,600309.SH,万华化学
202601,中泰证券,601019.SH,山东出版
202601,中泰证券,601077.SH,渝农商行
202601,中泰证券,601088.SH,中国神华
202601,中泰证券,601601.SH,中国太保
202601,中泰证券,601665.SH,齐鲁银行
202601,中泰证券,601888.SH,中国中免
202601,中泰证券,603119.SH,浙江荣泰
202601,中泰证券,603730.SH,岱美股份
202601,中泰证券,605499.SH,东鹏饮料
202601,中泰证券,688059.SH,华锐精密
202601,中泰证券,688385.SH,复旦微电
202601,光大证券,002138.SZ,顺络电子
202601,光大证券,300308.SZ,中际旭创
202601,光大证券,300502.SZ,新易盛
202601,光大证券,600028.SH,中国石化
202601,光大证券,600690.SH,海尔智家
202601,光大证券,600848.SH,上海临港
202601,光大证券,601398.SH,工商银行
202601,光大证券,601857.SH,中国石油
202601,光大证券,601899.SH,紫金矿业
202601,华泰证券,000708.SZ,中信特钢
202601,华泰证券,000933.SZ,神火股份
202601,华泰证券,300308.SZ,中际旭创
202601,华泰证券,600031.SH,三一重工
202601,华泰证券,600970.SH,中材国际
202601,国信证券,002078.SZ,太阳纸业
202601,国信证券,003816.SZ,中国广核
202601,国信证券,601888.SH,中国中免
202601,国信证券,601899.SH,紫金矿业
202601,国信证券,603163.SH,圣晖集成
202601,国信证券,603259.SH,药明康德
202601,国信证券,688127.SH,蓝特光学
202601,国联民生,000333.SZ,美的集团
202601,国联民生,002984.SZ,森麒麟
202601,国联民生,300274.SZ,阳光电源
202601,国联民生,300308.SZ,中际旭创
202601,国联民生,300699.SZ,光威复材
202601,国联民生,301396.SZ,宏景科技
202601,国联民生,600258.SH,首旅酒店
202601,国联民生,600711.SH,盛屯矿业
202601,国联民生,601138.SH,工业富联
202601,国联民生,601318.SH,中国平安
202601,国金证券,000807.SZ,云铝股份
202601,国金证券,600183.SH,生益科技
202601,国金证券,601100.SH,恒立液压
202601,国金证券,601211.SH,国泰海通
202601,国金证券,603308.SH,应流股份
202601,国金证券,688127.SH,蓝特光学
202601,国金证券,688278.SH,特宝生物
202601,平安证券,002202.SZ,金风科技
202601,平安证券,300223.SZ,北京君正
202601,平安证券,300438.SZ,鹏辉能源
202601,平安证券,600801.SH,华新建材
202601,平安证券,600988.SH,赤峰黄金
202601,平安证券,601601.SH,中国太保
202601,平安证券,603993.SH,洛阳钼业
202601,平安证券,688041.SH,海光信息
202601,平安证券,688208.SH,道通科技
202601,平安证券,688235.SH,百济神州-U
202601,海通国际,002050.SZ,三花智控
202601,海通国际,600690.SH,海尔智家
202601,海通国际,600875.SH,东方电气
202601,海通国际,600887.SH,伊利股份
202601,海通国际,688012.SH,中微公司
202601,海通国际,688169.SH,石头科技
202601,海通国际,688208.SH,道通科技
202602,东兴证券,002392.SZ,北京利尔
202602,东兴证券,002991.SZ,甘源食品
202602,东兴证券,300619.SZ,金银河
202602,东兴证券,300627.SZ,华测导航
202602,东兴证券,300666.SZ,江丰电子
202602,东兴证券,300810.SZ,中科海讯
202602,东兴证券,603209.SH,兴通股份
202602,东兴证券,603239.SH,浙江仙通
202602,东兴证券,688095.SH,福昕软件
202602,东兴证券,688627.SH,精智达
202602,东北证券,300548.SZ,长芯博创
202602,东北证券,600389.SH,江山股份
202602,东北证券,600519.SH,贵州茅台
202602,东北证券,600869.SH,远东股份
202602,东北证券,688301.SH,奕瑞科技
202602,东北证券,688630.SH,芯碁微装
202602,东吴证券,002043.SZ,兔宝宝
202602,东吴证券,300316.SZ,晶盛机电
202602,东吴证券,300394.SZ,天孚通信
202602,东吴证券,600309.SH,万华化学
202602,东吴证券,600388.SH,龙净环保
202602,东吴证券,600862.SH,中航高科
202602,东吴证券,601318.SH,中国平安
202602,东吴证券,603402.SH,陕西旅游
202602,东吴证券,603699.SH,纽威股份
202602,东吴证券,688630.SH,芯碁微装
202602,东海证券,002142.SZ,宁波银行
202602,东海证券,002317.SZ,众生药业
202602,东海证券,002353.SZ,杰瑞股份
202602,东海证券,600143.SH,金发科技
202602,东海证券,600346.SH,恒力石化
202602,东海证券,601100.SH,恒立液压
202602,东海证券,601689.SH,拓普集团
202602,东海证券,603345.SH,安井食品
202602,东海证券,688041.SH,海光信息
202602,东海证券,688072.SH,拓荆科技
202602,中原证券,000733.SZ,振华科技
202602,中原证券,002555.SZ,三七互娱
202602,中原证券,002648.SZ,卫星化学
202602,中原证券,300442.SZ,润泽科技
202602,中原证券,301358.SZ,湖南裕能
202602,中原证券,603308.SH,应流股份
202602,中原证券,603566.SH,普莱柯
202602,中原证券,603806.SH,福斯特
202602,中原证券,603986.SH,兆易创新
202602,中原证券,688498.SH,源杰科技
202602,中国银河,000893.SZ,亚钾国际
202602,中国银河,002851.SZ,麦格米特
202602,中国银河,301525.SZ,儒竞科技
202602,中国银河,600036.SH,招商银行
202602,中国银河,601728.SH,中国电信
202602,中国银河,601899.SH,紫金矿业
202602,中国银河,603859.SH,能科科技
202602,中国银河,603986.SH,兆易创新
202602,中国银河,688281.SH,华秦科技
202602,中泰证券,000786.SZ,北新建材
202602,中泰证券,300702.SZ,天宇股份
202602,中泰证券,301231.SZ,荣信文化
202602,中泰证券,600019.SH,宝钢股份
202602,中泰证券,600115.SH,中国东航
202602,中泰证券,600189.SH,泉阳泉
202602,中泰证券,600309.SH,万华化学
202602,中泰证券,600985.SH,淮北矿业
202602,中泰证券,601601.SH,中国太保
202602,中泰证券,603730.SH,岱美股份
202602,中泰证券,605499.SH,东鹏饮料
202602,中泰证券,688059.SH,华锐精密
202602,中航证券,002714.SZ,牧原股份
202602,中航证券,300785.SZ,值得买
202602,中航证券,600111.SH,北方稀土
202602,中航证券,600276.SH,恒瑞医药
202602,中航证券,600732.SH,爱旭股份
202602,中航证券,601126.SH,四方股份
202602,中航证券,603009.SH,北特科技
202602,中航证券,603859.SH,能科科技
202602,中航证券,603986.SH,兆易创新
202602,中航证券,688070.SH,纵横股份
202602,中航证券,688603.SH,天承科技
202602,光大证券,002353.SZ,杰瑞股份
202602,光大证券,002415.SZ,海康威视
202602,光大证券,300308.SZ,中际旭创
202602,光大证券,301413.SZ,安培龙
202602,光大证券,600309.SH,万华化学
202602,光大证券,601628.SH,中国人寿
202602,光大证券,601857.SH,中国石油
202602,光大证券,601899.SH,紫金矿业
202602,光大证券,688626.SH,翔宇医疗
202602,兴业证券,002463.SZ,沪电股份
202602,兴业证券,002465.SZ,海格通信
202602,兴业证券,600060.SH,海信视像
202602,兴业证券,601233.SH,桐昆股份
202602,兴业证券,601888.SH,中国中免
202602,兴业证券,603298.SH,杭叉集团
202602,兴业证券,688041.SH,海光信息
202602,兴业证券,688668.SH,鼎通科技
202602,华创证券,002318.SZ,久立特材
202602,华创证券,300124.SZ,汇川技术
202602,华创证券,300308.SZ,中际旭创
202602,华创证券,300857.SZ,协创数据
202602,华创证券,600519.SH,贵州茅台
202602,华创证券,601168.SH,西部矿业
202602,华创证券,601318.SH,中国平安
202602,华创证券,601615.SH,明阳智能
202602,华泰证券,002028.SZ,思源电气
202602,华泰证券,300308.SZ,中际旭创
202602,华泰证券,600176.SH,中国巨石
202602,华泰证券,601318.SH,中国平安
202602,华泰证券,601899.SH,紫金矿业
202602,华泰证券,688361.SH,中科飞测
202602,华源证券,001979.SZ,招商蛇口
202602,华源证券,301413.SZ,安培龙
202602,华源证券,600029.SH,南方航空
202602,华源证券,600176.SH,中国巨石
202602,华源证券,600522.SH,中天科技
202602,华源证券,601628.SH,中国人寿
202602,华源证券,601702.SH,华峰铝业
202602,华源证券,688661.SH,和林微纳
202602,华源证券,920405.BJ,海希通讯
202602,华金证券,000893.SZ,亚钾国际
202602,华金证券,002138.SZ,顺络电子
202602,华金证券,002170.SZ,芭田股份
202602,华金证券,002517.SZ,恺英网络
202602,华金证券,300263.SZ,隆华科技
202602,华金证券,301528.SZ,多浦乐
202602,华金证券,301607.SZ,富特科技
202602,华金证券,601231.SH,环旭电子
202602,华金证券,601689.SH,拓普集团
202602,华金证券,603556.SH,海兴电力
202602,华鑫证券,000700.SZ,模塑科技
202602,华鑫证券,001330.SZ,博纳影业
202602,华鑫证券,002258.SZ,利尔化学
202602,华鑫证券,002475.SZ,立讯精密
202602,华鑫证券,002714.SZ,牧原股份
202602,华鑫证券,002738.SZ,中矿资源
202602,华鑫证券,300394.SZ,天孚通信
202602,华鑫证券,300751.SZ,迈为股份
202602,华鑫证券,301301.SZ,川宁生物
202602,华鑫证券,603013.SH,亚普股份
202602,华龙证券,002517.SZ,恺英网络
202602,华龙证券,300308.SZ,中际旭创
202602,华龙证券,300680.SZ,隆盛科技
202602,华龙证券,300846.SZ,首都在线
202602,华龙证券,600415.SH,小商品城
202602,华龙证券,601100.SH,恒立液压
202602,华龙证券,601233.SH,桐昆股份
202602,华龙证券,601899.SH,紫金矿业
202602,华龙证券,603009.SH,北特科技
202602,华龙证券,688258.SH,卓易信息
202602,国信证券,002782.SZ,可立克
202602,国信证券,301468.SZ,博盈特焊
202602,国信证券,600036.SH,招商银行
202602,国信证券,600690.SH,海尔智家
202602,国信证券,601318.SH,中国平安
202602,国信证券,601600.SH,中国铝业
202602,国信证券,601857.SH,中国石油
202602,国信证券,688127.SH,蓝特光学
202602,国元证券,002126.SZ,银轮股份
202602,国元证券,002517.SZ,恺英网络
202602,国元证券,600933.SH,爱柯迪
202602,国元证券,603267.SH,鸿远电子
202602,国元证券,688208.SH,道通科技
202602,国元证券,688219.SH,会通股份
202602,国投证券,000333.SZ,美的集团
202602,国投证券,000962.SZ,东方钽业
202602,国投证券,002837.SZ,英维克
202602,国投证券,300442.SZ,润泽科技
202602,国投证券,301061.SZ,匠心家居
202602,国投证券,600036.SH,招商银行
202602,国投证券,600176.SH,中国巨石
202602,国投证券,601318.SH,中国平安
202602,国投证券,688410.SH,山外山
202602,国泰海通,001979.SZ,招商蛇口
202602,国泰海通,002142.SZ,宁波银行
202602,国泰海通,002271.SZ,东方雨虹
202602,国泰海通,300308.SZ,中际旭创
202602,国泰海通,301413.SZ,安培龙
202602,国泰海通,601318.SH,中国平安
202602,国泰海通,603059.SH,倍加洁
202602,国泰海通,688041.SH,海光信息
202602,国泰海通,688615.SH,合合信息
202602,国海证券,002371.SZ,北方华创
202602,国海证券,002602.SZ,世纪华通
202602,国海证券,600547.SH,山东黄金
202602,国海证券,603019.SH,中科曙光
202602,国海证券,603067.SH,振华股份
202602,国海证券,688516.SH,奥特维
202602,国海证券,688717.SH,艾罗能源
202602,国盛证券,300033.SZ,同花顺
202602,国盛证券,301606.SZ,绿联科技
202602,国盛证券,600415.SH,小商品城
202602,国盛证券,600983.SH,惠而浦
202602,国盛证券,601600.SH,中国铝业
202602,国盛证券,601888.SH,中国中免
202602,国盛证券,688041.SH,海光信息
202602,国盛证券,688390.SH,固德威
202602,国联民生,000425.SZ,徐工机械
202602,国联民生,300750.SZ,宁德时代
202602,国联民生,301378.SZ,通达海
202602,国联民生,600519.SH,贵州茅台
202602,国联民生,600754.SH,锦江酒店
202602,国联民生,601138.SH,工业富联
202602,国联民生,601318.SH,中国平安
202602,国联民生,605376.SH,博迁新材
202602,国联民生,688313.SH,仕佳光子
202602,国金证券,000672.SZ,上峰水泥
202602,国金证券,000807.SZ,云铝股份
202602,国金证券,600301.SH,华锡有色
202602,国金证券,601888.SH,中国中免
202602,国金证券,603308.SH,应流股份
202602,国金证券,688127.SH,蓝特光学
202602,天风证券,000498.SZ,山东路桥
202602,天风证券,000582.SZ,北部湾港
202602,天风证券,002080.SZ,中材科技
202602,天风证券,002311.SZ,海大集团
202602,天风证券,300308.SZ,中际旭创
202602,天风证券,300454.SZ,深信服
202602,天风证券,300502.SZ,新易盛
202602,天风证券,301193.SZ,家联科技
202602,天风证券,600060.SH,海信视像
202602,天风证券,600258.SH,首旅酒店
202602,天风证券,600309.SH,万华化学
202602,天风证券,600415.SH,小商品城
202602,天风证券,600428.SH,中远海特
202602,天风证券,600519.SH,贵州茅台
202602,天风证券,600633.SH,浙数文化
202602,天风证券,601336.SH,新华保险
202602,天风证券,601899.SH,紫金矿业
202602,天风证券,603259.SH,药明康德
202602,天风证券,603279.SH,景津装备
202602,天风证券,603306.SH,华懋科技
202602,天风证券,603816.SH,顾家家居
202602,天风证券,605507.SH,国邦医药
202602,天风证券,605599.SH,菜百股份
202602,天风证券,688041.SH,海光信息
202602,天风证券,688169.SH,石头科技
202602,天风证券,688235.SH,百济神州-U
202602,天风证券,688322.SH,奥比中光-UW
202602,天风证券,688630.SH,芯碁微装
202602,太平洋,002463.SZ,沪电股份
202602,太平洋,002517.SZ,恺英网络
202602,太平洋,002837.SZ,英维克
202602,太平洋,600309.SH,万华化学
202602,太平洋,600415.SH,小商品城
202602,太平洋,601083.SH,锦江航运
202602,太平洋,601601.SH,中国太保
202602,太平洋,601952.SH,苏垦农发
202602,太平洋,688543.SH,国科军工
202602,平安证券,000786.SZ,北新建材
202602,平安证券,002202.SZ,金风科技
202602,平安证券,300223.SZ,北京君正
202602,平安证券,601601.SH,中国太保
202602,平安证券,601888.SH,中国中免
202602,平安证券,603005.SH,晶方科技
202602,平安证券,603619.SH,中曼石油
202602,平安证券,603993.SH,洛阳钼业
202602,平安证券,688041.SH,海光信息
202602,平安证券,688615.SH,合合信息
202602,开源证券,002345.SZ,潮宏基
202602,开源证券,002991.SZ,甘源食品
202602,开源证券,300383.SZ,光环新网
202602,开源证券,600160.SH,巨化股份
202602,开源证券,603259.SH,药明康德
202602,开源证券,603993.SH,洛阳钼业
202602,开源证券,688012.SH,中微公司
202602,开源证券,688281.SH,华秦科技
202602,开源证券,688378.SH,奥来德
202602,招商证券,000973.SZ,佛塑科技
202602,招商证券,002475.SZ,立讯精密
202602,招商证券,002602.SZ,世纪华通
202602,招商证券,002709.SZ,天赐材料
202602,招商证券,300308.SZ,中际旭创
202602,招商证券,300502.SZ,新易盛
202602,招商证券,600183.SH,生益科技
202602,招商证券,600418.SH,江淮汽车
202602,浙商证券,000157.SZ,中联重科
202602,浙商证券,300731.SZ,科创新源
202602,浙商证券,600602.SH,云赛智联
202602,浙商证券,600711.SH,盛屯矿业
202602,浙商证券,600958.SH,东方证券
202602,浙商证券,600985.SH,淮北矿业
202602,浙商证券,603920.SH,世运电路
202602,浙商证券,603993.SH,洛阳钼业
202602,浙商证券,688233.SH,神工股份
202602,浙商证券,688525.SH,佰维存储
202602,海通国际,002050.SZ,三花智控
202602,海通国际,002594.SZ,比亚迪
202602,海通国际,600660.SH,福耀玻璃
202602,海通国际,600690.SH,海尔智家
202602,海通国际,600887.SH,伊利股份
202602,海通国际,603259.SH,药明康德
202602,海通国际,688012.SH,中微公司
202602,海通国际,688169.SH,石头科技
202602,海通国际,688208.SH,道通科技
202602,海通国际,688234.SH,天岳先进
202602,申万宏源,300378.SZ,鼎捷数智
202602,申万宏源,300680.SZ,隆盛科技
202602,申万宏源,300776.SZ,帝尔激光
202602,申万宏源,600426.SH,华鲁恒升
202602,申万宏源,600519.SH,贵州茅台
202602,申万宏源,601155.SH,新城控股
202602,申万宏源,603799.SH,华友钴业
202602,申万宏源,603806.SH,福斯特
202602,西部证券,002738.SZ,中矿资源
202602,西部证券,002916.SZ,深南电路
202602,西部证券,600160.SH,巨化股份
202602,西部证券,601336.SH,新华保险
202602,西部证券,601633.SH,长城汽车
202602,西部证券,603806.SH,福斯特
202602,西部证券,605507.SH,国邦医药
202602,西部证券,688392.SH,骄成超声
202602,西部证券,688531.SH,日联科技
202602,西部证券,920015.BJ,锦华新材
202602,财信证券,000683.SZ,博源化工
202602,财信证券,002142.SZ,宁波银行
202602,财信证券,002606.SZ,大连电瓷
202602,财信证券,002739.SZ,万达电影
202602,财信证券,300677.SZ,英科医疗
202602,财信证券,600875.SH,东方电气
202602,财信证券,601233.SH,桐昆股份
202602,财信证券,603269.SH,海鸥股份
202602,财信证券,603920.SH,世运电路
202602,财信证券,605338.SH,巴比食品
202602,财通证券,301201.SZ,诚达药业
202602,财通证券,600418.SH,江淮汽车
202602,财通证券,601872.SH,招商轮船
202602,财通证券,603179.SH,新泉股份
202602,财通证券,603345.SH,安井食品
202602,财通证券,688521.SH,芯原股份
202602,长城证券,002624.SZ,完美世界
202602,长城证券,300033.SZ,同花顺
202602,长城证券,300394.SZ,天孚通信
202602,长城证券,300750.SZ,宁德时代
202602,长城证券,300782.SZ,卓胜微
202602,长城证券,600285.SH,羚锐制药
202602,长城证券,600309.SH,万华化学
202602,长城证券,600346.SH,恒力石化
202602,长城证券,688111.SH,金山办公
202602,长城证券,688777.SH,中控技术
202602,长江证券,002558.SZ,巨人网络
202602,长江证券,002865.SZ,钧达股份
202602,长江证券,300308.SZ,中际旭创
202602,长江证券,300567.SZ,精测电子
202602,长江证券,300776.SZ,帝尔激光
202602,长江证券,600160.SH,巨化股份
202602,长江证券,600547.SH,山东黄金
202602,长江证券,600893.SH,航发动力
202602,长江证券,601336.SH,新华保险
202602,长江证券,601689.SH,拓普集团
202603,东北证券,000636.SZ,风华高科
202603,东北证券,001221.SZ,悍高集团
202603,东北证券,002440.SZ,闰土股份
202603,东北证券,300806.SZ,斯迪克
202603,东北证券,300943.SZ,春晖智控
202603,东北证券,300970.SZ,华绿生物
202603,东北证券,600251.SH,冠农股份
202603,东北证券,600352.SH,浙江龙盛
202603,东北证券,600869.SH,远东股份
202603,东北证券,603078.SH,江化微
202603,东北证券,603737.SH,三棵树
202603,东北证券,688702.SH,盛科通信-U
202603,东方财富证券,002271.SZ,东方雨虹
202603,东方财富证券,300003.SZ,乐普医疗
202603,东方财富证券,300308.SZ,中际旭创
202603,东方财富证券,600188.SH,兖矿能源
202603,东方财富证券,603225.SH,新凤鸣
202603,东方财富证券,603993.SH,洛阳钼业
202603,东方财富证券,688041.SH,海光信息
202603,东方财富证券,920018.BJ,宏远股份
202603,中航证券,000801.SZ,四川九洲
202603,中航证券,002594.SZ,比亚迪
202603,中航证券,300014.SZ,亿纬锂能
202603,中航证券,300945.SZ,曼卡龙
202603,中航证券,600111.SH,北方稀土
202603,中航证券,600201.SH,生物股份
202603,中航证券,600418.SH,江淮汽车
202603,中航证券,600893.SH,航发动力
202603,中航证券,603610.SH,麒盛科技
202603,中航证券,688102.SH,斯瑞新材
202603,光大证券,000932.SZ,华菱钢铁
202603,光大证券,002078.SZ,太阳纸业
202603,光大证券,002230.SZ,科大讯飞
202603,光大证券,002353.SZ,杰瑞股份
202603,光大证券,002895.SZ,川恒股份
202603,光大证券,300308.SZ,中际旭创
202603,光大证券,300693.SZ,盛弘股份
202603,光大证券,600176.SH,中国巨石
202603,光大证券,600690.SH,海尔智家
202603,光大证券,601009.SH,南京银行
202603,华创证券,002318.SZ,久立特材
202603,华创证券,002624.SZ,完美世界
202603,华创证券,300308.SZ,中际旭创
202603,华创证券,300750.SZ,宁德时代
202603,华创证券,300857.SZ,协创数据
202603,华创证券,301338.SZ,凯格精机
202603,华创证券,600309.SH,万华化学
202603,华创证券,601233.SH,桐昆股份
202603,华创证券,603979.SH,金诚信
202603,华泰证券,000039.SZ,中集集团
202603,华泰证券,000708.SZ,中信特钢
202603,华泰证券,002001.SZ,新和成
202603,华泰证券,002414.SZ,高德红外
202603,华泰证券,300308.SZ,中际旭创
202603,华泰证券,600970.SH,中材国际
202603,华泰证券,601899.SH,紫金矿业
202603,华泰证券,603766.SH,隆鑫通用
202603,华泰证券,688409.SH,富创精密
202603,华福证券,000408.SZ,藏格矿业
202603,华福证券,000792.SZ,盐湖股份
202603,华福证券,002460.SZ,赣锋锂业
202603,华福证券,300750.SZ,宁德时代
202603,华福证券,600985.SH,淮北矿业
202603,华福证券,601899.SH,紫金矿业
202603,华福证券,688239.SH,航宇科技
202603,华福证券,688676.SH,金盘科技
202603,华西证券,002946.SZ,新乳业
202603,华西证券,300761.SZ,立华股份
202603,华西证券,688709.SH,成都华微
202603,国信证券,002895.SZ,川恒股份
202603,国信证券,600030.SH,中信证券
202603,国信证券,600363.SH,联创光电
202603,国信证券,600690.SH,海尔智家
202603,国信证券,601126.SH,四方股份
202603,国信证券,601799.SH,星宇股份
202603,国信证券,603092.SH,德力佳
202603,国信证券,603929.SH,亚翔集成
202603,国金证券,000807.SZ,云铝股份
202603,国金证券,002493.SZ,荣盛石化
202603,国金证券,600029.SH,南方航空
202603,国金证券,600398.SH,海澜之家
202603,国金证券,600642.SH,申能股份
202603,国金证券,600765.SH,中航重机
202603,国金证券,601211.SH,国泰海通
202603,国金证券,603308.SH,应流股份
202603,国金证券,688127.SH,蓝特光学
202603,太平洋证券,001979.SZ,招商蛇口
202603,太平洋证券,301382.SZ,蜂助手
202603,太平洋证券,600031.SH,三一重工
202603,太平洋证券,600160.SH,巨化股份
202603,太平洋证券,600258.SH,首旅酒店
202603,太平洋证券,601952.SH,苏垦农发
202603,太平洋证券,603565.SH,中谷物流
202603,太平洋证券,603596.SH,伯特利
202603,太平洋证券,688498.SH,源杰科技
202603,太平洋证券,688543.SH,国科军工
202603,平安证券,002493.SZ,荣盛石化
202603,平安证券,002533.SZ,金杯电工
202603,平安证券,300223.SZ,北京君正
202603,平安证券,300394.SZ,天孚通信
202603,平安证券,600176.SH,中国巨石
202603,平安证券,600938.SH,中国海油
202603,平安证券,603005.SH,晶方科技
202603,平安证券,603993.SH,洛阳钼业
202603,平安证券,688041.SH,海光信息
202603,平安证券,688428.SH,诺诚健华-U
202603,开源证券,000933.SZ,神火股份
202603,开源证券,002624.SZ,完美世界
202603,开源证券,300666.SZ,江丰电子
202603,开源证券,601628.SH,中国人寿
202603,开源证券,603225.SH,新凤鸣
202603,开源证券,603993.SH,洛阳钼业
202603,开源证券,688258.SH,卓易信息
202603,开源证券,688281.SH,华秦科技
202603,开源证券,688378.SH,奥来德
202603,西南证券,000338.SZ,潍柴动力
202603,西南证券,002019.SZ,亿帆医药
202603,西南证券,002772.SZ,众兴菌业
202603,西南证券,600301.SH,华锡有色
202603,西南证券,600603.SH,广汇物流
202603,西南证券,600966.SH,博汇纸业
202603,西南证券,603179.SH,新泉股份
202604,东兴证券,002392.SZ,北京利尔
202604,东兴证券,002738.SZ,中矿资源
202604,东兴证券,002991.SZ,甘源食品
202604,东兴证券,300666.SZ,江丰电子
202604,东兴证券,600426.SH,华鲁恒升
202604,东兴证券,600487.SH,亨通光电
202604,东兴证券,601111.SH,中国国航
202604,东兴证券,603239.SH,浙江仙通
202604,东兴证券,688531.SH,日联科技
202604,东北证券,002558.SZ,巨人网络
202604,东北证券,002602.SZ,世纪华通
202604,东北证券,002832.SZ,比音勒芬
202604,东北证券,300548.SZ,长芯博创
202604,东北证券,300990.SZ,同飞股份
202604,东北证券,301511.SZ,德福科技
202604,东北证券,600251.SH,冠农股份
202604,东北证券,600352.SH,浙江龙盛
202604,东北证券,600389.SH,江山股份
202604,东北证券,600869.SH,远东股份
202604,东北证券,603259.SH,药明康德
202604,东北证券,603737.SH,三棵树
202604,东北证券,688630.SH,芯碁微装
202604,东吴证券,002271.SZ,东方雨虹
202604,东吴证券,002648.SZ,卫星化学
202604,东吴证券,002850.SZ,科达利
202604,东吴证券,300750.SZ,宁德时代
202604,东吴证券,301338.SZ,凯格精机
202604,东吴证券,600066.SH,宇通客车
202604,东吴证券,600388.SH,龙净环保
202604,东吴证券,600989.SH,宝丰能源
202604,东吴证券,688266.SH,泽璟制药-U
202604,东吴证券,688516.SH,奥特维
202604,东海证券,000729.SZ,燕京啤酒
202604,东海证券,002142.SZ,宁波银行
202604,东海证券,002353.SZ,杰瑞股份
202604,东海证券,002648.SZ,卫星化学
202604,东海证券,300373.SZ,扬杰科技
202604,东海证券,603599.SH,广信股份
202604,东海证券,688047.SH,龙芯中科
202604,东海证券,688072.SH,拓荆科技
202604,东海证券,688192.SH,迪哲医药-U
202604,中信建投,002709.SZ,天赐材料
202604,中信建投,300835.SZ,龙磁科技
202604,中信建投,600406.SH,国电南瑞
202604,中信建投,600483.SH,福能股份
202604,中信建投,600938.SH,中国海油
202604,中信建投,601868.SH,中国能建
202604,中信建投,601888.SH,中国中免
202604,中信建投,688700.SH,东威科技
202604,中原证券,002594.SZ,比亚迪
202604,中原证券,002648.SZ,卫星化学
202604,中原证券,300394.SZ,天孚通信
202604,中原证券,300750.SZ,宁德时代
202604,中原证券,301358.SZ,湖南裕能
202604,中原证券,600595.SH,中孚实业
202604,中原证券,600989.SH,宝丰能源
202604,中原证券,601952.SH,苏垦农发
202604,中原证券,603806.SH,福斯特
202604,中原证券,688630.SH,芯碁微装
202604,中国银河,000893.SZ,亚钾国际
202604,中国银河,002025.SZ,航天电器
202604,中国银河,002128.SZ,电投能源
202604,中国银河,002311.SZ,海大集团
202604,中国银河,002645.SZ,华宏科技
202604,中国银河,002714.SZ,牧原股份
202604,中国银河,300308.SZ,中际旭创
202604,中国银河,300750.SZ,宁德时代
202604,中国银河,300751.SZ,迈为股份
202604,中国银河,300846.SZ,首都在线
202604,中国银河,600030.SH,中信证券
202604,中国银河,600036.SH,招商银行
202604,中国银河,600063.SH,皖维高新
202604,中国银河,600258.SH,首旅酒店
202604,中国银河,600941.SH,中国移动
202604,中国银河,601100.SH,恒立液压
202604,中国银河,601288.SH,农业银行
202604,中国银河,601398.SH,工商银行
202604,中国银河,601899.SH,紫金矿业
202604,中国银河,603115.SH,海星股份
202604,中国银河,603259.SH,药明康德
202604,中国银河,603499.SH,翔港科技
202604,中国银河,603816.SH,顾家家居
202604,中国银河,603986.SH,兆易创新
202604,中国银河,688281.SH,华秦科技
202604,中泰证券,000680.SZ,山推股份
202604,中泰证券,000719.SZ,中原传媒
202604,中泰证券,002027.SZ,分众传媒
202604,中泰证券,002594.SZ,比亚迪
202604,中泰证券,300900.SZ,广联航空
202604,中泰证券,600105.SH,永鼎股份
202604,中泰证券,600176.SH,中国巨石
202604,中泰证券,600309.SH,万华化学
202604,中泰证券,600684.SH,珠江股份
202604,中泰证券,600801.SH,华新建材
202604,中泰证券,600989.SH,宝丰能源
202604,中泰证券,601601.SH,中国太保
202604,中泰证券,603061.SH,金海通
202604,中泰证券,603199.SH,九华旅游
202604,中泰证券,603259.SH,药明康德
202604,中泰证券,605088.SH,冠盛股份
202604,中泰证券,688059.SH,华锐精密
202604,中航证券,002594.SZ,比亚迪
202604,中航证券,003035.SZ,南网能源
202604,中航证券,300014.SZ,亿纬锂能
202604,中航证券,300059.SZ,东方财富
202604,中航证券,600111.SH,北方稀土
202604,中航证券,603699.SH,纽威股份
202604,中航证券,605296.SH,神农集团
202604,中航证券,688270.SH,臻镭科技
202604,中航证券,688375.SH,国博电子
202604,中金公司,002714.SZ,牧原股份
202604,中金公司,002851.SZ,麦格米特
202604,中金公司,300750.SZ,宁德时代
202604,中金公司,600309.SH,万华化学
202604,中金公司,600406.SH,国电南瑞
202604,中金公司,601077.SH,渝农商行
202604,中金公司,601138.SH,工业富联
202604,中金公司,603993.SH,洛阳钼业
202604,中金公司,688012.SH,中微公司
202604,中银证券,002409.SZ,雅克科技
202604,中银证券,002648.SZ,卫星化学
202604,中银证券,300662.SZ,科锐国际
202604,中银证券,300750.SZ,宁德时代
202604,中银证券,600428.SH,中远海特
202604,中银证券,600519.SH,贵州茅台
202604,中银证券,600535.SH,天士力
202604,中银证券,603115.SH,海星股份
202604,交银国际,300274.SZ,阳光电源
202604,光大证券,002353.SZ,杰瑞股份
202604,光大证券,300001.SZ,特锐德
202604,光大证券,300308.SZ,中际旭创
202604,光大证券,600011.SH,华能国际
202604,光大证券,600690.SH,海尔智家
202604,光大证券,600754.SH,锦江酒店
202604,光大证券,600938.SH,中国海油
202604,光大证券,601009.SH,南京银行
202604,光大证券,601857.SH,中国石油
202604,光大证券,601899.SH,紫金矿业
202604,兴业证券,002460.SZ,赣锋锂业
202604,兴业证券,002465.SZ,海格通信
202604,兴业证券,002594.SZ,比亚迪
202604,兴业证券,300502.SZ,新易盛
202604,兴业证券,301338.SZ,凯格精机
202604,兴业证券,600323.SH,瀚蓝环境
202604,兴业证券,601872.SH,招商轮船
202604,兴业证券,603019.SH,中科曙光
202604,兴业证券,603345.SH,安井食品
202604,兴业证券,605117.SH,德业股份
202604,兴业证券,688072.SH,拓荆科技
202604,华安证券,002460.SZ,赣锋锂业
202604,华安证券,002648.SZ,卫星化学
202604,华安证券,002850.SZ,科达利
202604,华安证券,300638.SZ,广和通
202604,华安证券,301033.SZ,迈普医学
202604,华安证券,600760.SH,中航沈飞
202604,华安证券,600938.SH,中国海油
202604,华安证券,603288.SH,海天味业
202604,华源证券,002142.SZ,宁波银行
202604,华源证券,002480.SZ,新筑股份
202604,华源证券,002497.SZ,雅化集团
202604,华源证券,002541.SZ,鸿路钢构
202604,华源证券,300037.SZ,新宙邦
202604,华源证券,300866.SZ,安克创新
202604,华源证券,601872.SH,招商轮船
202604,华源证券,688180.SH,君实生物-U
202604,华福证券,000408.SZ,藏格矿业
202604,华福证券,000762.SZ,西藏矿业
202604,华福证券,000792.SZ,盐湖股份
202604,华福证券,002460.SZ,赣锋锂业
202604,华福证券,300750.SZ,宁德时代
202604,华福证券,600985.SH,淮北矿业
202604,华福证券,603071.SH,物产环能
202604,华福证券,688676.SH,金盘科技
202604,华西证券,002458.SZ,益生股份
202604,华西证券,600316.SH,洪都航空
202604,华西证券,600429.SH,三元股份
202604,华西证券,601318.SH,中国平安
202604,华鑫证券,000688.SZ,国城矿业
202604,华鑫证券,000700.SZ,模塑科技
202604,华鑫证券,002281.SZ,光迅科技
202604,华鑫证券,002940.SZ,昂利康
202604,华鑫证券,002970.SZ,锐明技术
202604,华鑫证券,300502.SZ,新易盛
202604,华鑫证券,301232.SZ,飞沃科技
202604,华鑫证券,301489.SZ,思泉新材
202604,华鑫证券,601233.SH,桐昆股份
202604,华鑫证券,688503.SH,聚和材料
202604,华龙证券,002063.SZ,远光软件
202604,华龙证券,002517.SZ,恺英网络
202604,华龙证券,002594.SZ,比亚迪
202604,华龙证券,300308.SZ,中际旭创
202604,华龙证券,600176.SH,中国巨石
202604,华龙证券,601899.SH,紫金矿业
202604,华龙证券,603345.SH,安井食品
202604,华龙证券,605376.SH,博迁新材
202604,国信证券,002001.SZ,新和成
202604,国信证券,002142.SZ,宁波银行
202604,国信证券,002293.SZ,罗莱生活
202604,国信证券,600233.SH,圆通速递
202604,国信证券,600988.SH,赤峰黄金
202604,国信证券,603929.SH,亚翔集成
202604,国信证券,688981.SH,中芯国际
202604,国元证券,000625.SZ,长安汽车
202604,国元证券,000960.SZ,锡业股份
202604,国元证券,002353.SZ,杰瑞股份
202604,国元证券,002594.SZ,比亚迪
202604,国元证券,002624.SZ,完美世界
202604,国元证券,688208.SH,道通科技
202604,国泰海通,001979.SZ,招商蛇口
202604,国泰海通,002271.SZ,东方雨虹
202604,国泰海通,002957.SZ,科瑞技术
202604,国泰海通,300115.SZ,长盈精密
202604,国泰海通,300138.SZ,晨光生物
202604,国泰海通,300308.SZ,中际旭创
202604,国泰海通,300750.SZ,宁德时代
202604,国泰海通,600487.SH,亨通光电
202604,国泰海通,600754.SH,锦江酒店
202604,国泰海通,601288.SH,农业银行
202604,国泰海通,601339.SH,百隆东方
202604,国泰海通,601601.SH,中国太保
202604,国泰海通,603288.SH,海天味业
202604,国泰海通,603979.SH,金诚信
202604,国泰海通,688239.SH,航宇科技
202604,国泰海通,688256.SH,寒武纪-U
202604,国盛证券,000729.SZ,燕京啤酒
202604,国盛证券,002531.SZ,天顺风能
202604,国盛证券,600452.SH,涪陵电力
202604,国盛证券,600673.SH,东阳光
202604,国盛证券,603288.SH,海天味业
202604,国联民生,000333.SZ,美的集团
202604,国联民生,002850.SZ,科达利
202604,国联民生,600346.SH,恒力石化
202604,国联民生,600563.SH,法拉电子
202604,国联民生,600988.SH,赤峰黄金
202604,国联民生,601688.SH,华泰证券
202604,国联民生,601699.SH,潞安环能
202604,国联民生,603345.SH,安井食品
202604,国联民生,688205.SH,德科立
202604,国联民生,688208.SH,道通科技
202604,国金证券,000688.SZ,国城矿业
202604,国金证券,002028.SZ,思源电气
202604,国金证券,002831.SZ,裕同科技
202604,国金证券,600027.SH,华电国际
202604,国金证券,600316.SH,洪都航空
202604,国金证券,600754.SH,锦江酒店
202604,国金证券,600938.SH,中国海油
202604,国金证券,603308.SH,应流股份
202604,太平洋,600096.SH,云天化
202604,太平洋,600926.SH,杭州银行
202604,太平洋,601083.SH,锦江航运
202604,太平洋,601952.SH,苏垦农发
202604,太平洋,603520.SH,司太立
202604,太平洋,603659.SH,璞泰来
202604,太平洋,688200.SH,华峰测控
202604,太平洋,688636.SH,智明达
202604,平安证券,002043.SZ,兔宝宝
202604,平安证券,002821.SZ,凯莱英
202604,平安证券,300014.SZ,亿纬锂能
202604,平安证券,300037.SZ,新宙邦
202604,平安证券,300308.SZ,中际旭创
202604,平安证券,600000.SH,浦发银行
202604,平安证券,600938.SH,中国海油
202604,平安证券,601088.SH,中国神华
202604,平安证券,688200.SH,华峰测控
202604,开源证券,000949.SZ,新乡化纤
202604,开源证券,002624.SZ,完美世界
202604,开源证券,300383.SZ,光环新网
202604,开源证券,300666.SZ,江丰电子
202604,开源证券,300750.SZ,宁德时代
202604,开源证券,601601.SH,中国太保
202604,开源证券,601666.SH,平煤股份
202604,开源证券,603259.SH,药明康德
202604,招商证券,000858.SZ,五粮液
202604,招商证券,001221.SZ,悍高集团
202604,招商证券,002008.SZ,大族激光
202604,招商证券,002475.SZ,立讯精密
202604,招商证券,002602.SZ,世纪华通
202604,招商证券,002709.SZ,天赐材料
202604,招商证券,300308.SZ,中际旭创
202604,招商证券,600183.SH,生益科技
202604,招商证券,600418.SH,江淮汽车
202604,招商证券,600482.SH,中国动力
202604,招商证券,600519.SH,贵州茅台
202604,招商证券,600989.SH,宝丰能源
202604,招商证券,601899.SH,紫金矿业
202604,招商证券,603816.SH,顾家家居
202604,浙商证券,002203.SZ,海亮股份
202604,浙商证券,002488.SZ,金固股份
202604,浙商证券,002831.SZ,裕同科技
202604,浙商证券,300443.SZ,金雷股份
202604,浙商证券,301285.SZ,鸿日达
202604,浙商证券,600176.SH,中国巨石
202604,浙商证券,601009.SH,南京银行
202604,海通国际,000338.SZ,潍柴动力
202604,海通国际,002594.SZ,比亚迪
202604,海通国际,600600.SH,青岛啤酒
202604,海通国际,603259.SH,药明康德
202604,海通国际,688012.SH,中微公司
202604,申万宏源,002126.SZ,银轮股份
202604,申万宏源,002246.SZ,北化股份
202604,申万宏源,300443.SZ,金雷股份
202604,申万宏源,600098.SH,广州发展
202604,申万宏源,600309.SH,万华化学
202604,申万宏源,600519.SH,贵州茅台
202604,申万宏源,601872.SH,招商轮船
202604,申万宏源,605377.SH,华旺科技
202604,申万宏源,688313.SH,仕佳光子
202604,西部证券,002318.SZ,久立特材
202604,西部证券,002415.SZ,海康威视
202604,西部证券,002531.SZ,天顺风能
202604,西部证券,600188.SH,兖矿能源
202604,西部证券,601088.SH,中国神华
202604,西部证券,601899.SH,紫金矿业
202604,西部证券,603993.SH,洛阳钼业
202604,财信证券,001309.SZ,德明利
202604,财信证券,002475.SZ,立讯精密
202604,财信证券,002487.SZ,大金重工
202604,财信证券,002946.SZ,新乳业
202604,财信证券,003010.SZ,若羽臣
202604,财信证券,600519.SH,贵州茅台
202604,财信证券,600563.SH,法拉电子
202604,财信证券,601233.SH,桐昆股份
202604,财信证券,603269.SH,海鸥股份
202604,财通证券,000333.SZ,美的集团
202604,财通证券,002714.SZ,牧原股份
202604,财通证券,301201.SZ,诚达药业
202604,财通证券,600233.SH,圆通速递
202604,财通证券,601668.SH,中国建筑
202604,财通证券,603345.SH,安井食品
202604,财通证券,605098.SH,行动教育
202604,财通证券,688003.SH,天准科技
202604,长城证券,002001.SZ,新和成
202604,长城证券,002555.SZ,三七互娱
202604,长城证券,300364.SZ,中文在线
202604,长城证券,300782.SZ,卓胜微
202604,长城证券,600750.SH,江中药业
202604,长城证券,601799.SH,星宇股份
202604,长城证券,688401.SH,路维光电
202604,长城证券,688668.SH,鼎通科技
202604,长城证券,920225.BJ,利通科技
202604,长江证券,000893.SZ,亚钾国际
202604,长江证券,001203.SZ,大中矿业
202604,长江证券,001289.SZ,龙源电力
202604,长江证券,002025.SZ,航天电器
202604,长江证券,002043.SZ,兔宝宝
202604,长江证券,002128.SZ,电投能源
202604,长江证券,002379.SZ,宏创控股
202604,长江证券,002384.SZ,东山精密
202604,长江证券,002517.SZ,恺英网络
202604,长江证券,002541.SZ,鸿路钢构
202604,长江证券,002624.SZ,完美世界
202604,长江证券,002627.SZ,三峡旅游
202604,长江证券,002648.SZ,卫星化学
202604,长江证券,002831.SZ,裕同科技
202604,长江证券,300308.SZ,中际旭创
202604,长江证券,300483.SZ,首华燃气
202604,长江证券,300502.SZ,新易盛
202604,长江证券,600176.SH,中国巨石
202604,长江证券,600188.SH,兖矿能源
202604,长江证券,600309.SH,万华化学
202604,长江证券,600323.SH,瀚蓝环境
202604,长江证券,600388.SH,龙净环保
202604,长江证券,600398.SH,海澜之家
202604,长江证券,600429.SH,三元股份
202604,长江证券,600498.SH,烽火通信
202604,长江证券,600926.SH,杭州银行
202604,长江证券,601117.SH,中国化学
202604,长江证券,601233.SH,桐昆股份
202604,长江证券,601336.SH,新华保险
202604,长江证券,601766.SH,中国中车
202604,长江证券,601799.SH,星宇股份
202604,长江证券,601872.SH,招商轮船
202604,长江证券,601899.SH,紫金矿业
202604,长江证券,603986.SH,兆易创新
202604,长江证券,688041.SH,海光信息
202604,长江证券,688256.SH,寒武纪-U
202604,长江证券,688388.SH,嘉元科技
202605,东海证券,002142.SZ,宁波银行
202605,东海证券,002353.SZ,杰瑞股份
202605,东海证券,002648.SZ,卫星化学
202605,东海证券,300558.SZ,贝达药业
202605,东海证券,603345.SH,安井食品
202605,东海证券,603599.SH,广信股份
202605,东海证券,688041.SH,海光信息
202605,东海证券,688220.SH,翱捷科技-U
202605,中原证券,000338.SZ,潍柴动力
202605,中原证券,002460.SZ,赣锋锂业
202605,中原证券,300054.SZ,鼎龙股份
202605,中原证券,301358.SZ,湖南裕能
202605,中原证券,603019.SH,中科曙光
202605,中原证券,603806.SH,福斯特
202605,中原证券,688012.SH,中微公司
202605,中原证券,688017.SH,绿的谐波
202605,中原证券,688112.SH,鼎阳科技
202605,中原证券,688498.SH,源杰科技
202605,中国银河,002128.SZ,电投能源
202605,中国银河,002738.SZ,中矿资源
202605,中国银河,300308.SZ,中际旭创
202605,中国银河,300496.SZ,中科创达
202605,中国银河,301606.SZ,绿联科技
202605,中国银河,600879.SH,航天电子
202605,中国银河,603876.SH,鼎胜新材
202605,中国银河,603986.SH,兆易创新
202605,中国银河,605020.SH,永和股份
202605,中泰证券,000951.SZ,中国重汽
202605,中泰证券,002273.SZ,水晶光电
202605,中泰证券,002602.SZ,世纪华通
202605,中泰证券,300364.SZ,中文在线
202605,中泰证券,300662.SZ,科锐国际
202605,中泰证券,600189.SH,泉阳泉
202605,中泰证券,600309.SH,万华化学
202605,中泰证券,600801.SH,华新建材
202605,中泰证券,601336.SH,新华保险
202605,中泰证券,603259.SH,药明康德
202605,中泰证券,688059.SH,华锐精密
202605,中泰证券,688312.SH,燕麦科技
202605,中泰证券,688521.SH,芯原股份
202605,光大证券,000651.SZ,格力电器
202605,光大证券,002353.SZ,杰瑞股份
202605,光大证券,002415.SZ,海康威视
202605,光大证券,300001.SZ,特锐德
202605,光大证券,300308.SZ,中际旭创
202605,光大证券,301413.SZ,安培龙
202605,光大证券,600011.SH,华能国际
202605,光大证券,600754.SH,锦江酒店
202605,光大证券,601857.SH,中国石油
202605,光大证券,601899.SH,紫金矿业
202605,华龙证券,000807.SZ,云铝股份
202605,华龙证券,002185.SZ,华天科技
202605,华龙证券,002594.SZ,比亚迪
202605,华龙证券,300308.SZ,中际旭创
202605,华龙证券,600176.SH,中国巨石
202605,华龙证券,603345.SH,安井食品
202605,华龙证券,688041.SH,海光信息
202605,华龙证券,688158.SH,优刻得-W
202605,华龙证券,688778.SH,厦钨新能
202605,国信证券,002240.SZ,盛新锂能
202605,国信证券,002840.SZ,华统股份
202605,国信证券,002961.SZ,瑞达期货
202605,国信证券,300073.SZ,当升科技
202605,国信证券,600690.SH,海尔智家
202605,国信证券,603345.SH,安井食品
202605,国信证券,688536.SH,思瑞浦
202605,国联民生,002001.SZ,新和成
202605,国联民生,002594.SZ,比亚迪
202605,国联民生,300308.SZ,中际旭创
202605,国联民生,600060.SH,海信视像
202605,国联民生,600988.SH,赤峰黄金
202605,国联民生,601138.SH,工业富联
202605,国联民生,601601.SH,中国太保
202605,国联民生,601699.SH,潞安环能
202605,国联民生,603345.SH,安井食品
202605,国联民生,688256.SH,寒武纪-U
202605,国金证券,000688.SZ,国城矿业
202605,国金证券,301193.SZ,家联科技
202605,国金证券,600415.SH,小商品城
202605,国金证券,600562.SH,国睿科技
202605,国金证券,601100.SH,恒立液压
202605,国金证券,601138.SH,工业富联
202605,国金证券,601318.SH,中国平安
202605,国金证券,603308.SH,应流股份
202605,国金证券,688127.SH,蓝特光学
202605,太平洋,000811.SZ,冰轮环境
202605,太平洋,002100.SZ,天康生物
202605,太平洋,600346.SH,恒力石化
202605,太平洋,601083.SH,锦江航运
202605,太平洋,601658.SH,邮储银行
202605,太平洋,603345.SH,安井食品
202605,太平洋,603659.SH,璞泰来
202605,太平洋,688376.SH,美埃科技
202605,平安证券,002043.SZ,兔宝宝
202605,平安证券,002142.SZ,宁波银行
202605,平安证券,002493.SZ,荣盛石化
202605,平安证券,300037.SZ,新宙邦
202605,平安证券,300223.SZ,北京君正
202605,平安证券,300502.SZ,新易盛
202605,平安证券,601088.SH,中国神华
202605,平安证券,601601.SH,中国太保
202605,平安证券,688390.SH,固德威
202605,平安证券,688766.SH,普冉股份
202605,开源证券,002532.SZ,天山铝业
202605,开源证券,002624.SZ,完美世界
202605,开源证券,002821.SZ,凯莱英
202605,开源证券,002966.SZ,苏州银行
202605,开源证券,300666.SZ,江丰电子
202605,开源证券,300750.SZ,宁德时代
202605,开源证券,601233.SH,桐昆股份
202605,开源证券,688531.SH,日联科技
202605,开源证券,688702.SH,盛科通信-U
202605,申万宏源,000977.SZ,浪潮信息
202605,申万宏源,002064.SZ,华峰化学
202605,申万宏源,002384.SZ,东山精密
202605,申万宏源,002541.SZ,鸿路钢构
202605,申万宏源,300285.SZ,国瓷材料
202605,申万宏源,300547.SZ,川环科技
202605,申万宏源,600026.SH,中远海能
202605,申万宏源,600988.SH,赤峰黄金
202605,申万宏源,601918.SH,新集能源
202605,申万宏源,688411.SH,海博思创
202605,西部证券,002318.SZ,久立特材
202605,西部证券,002475.SZ,立讯精密
202605,西部证券,300677.SZ,英科医疗
202605,西部证券,301162.SZ,国能日新
202605,西部证券,301580.SZ,爱迪特
202605,西部证券,600188.SH,兖矿能源
202605,西部证券,601088.SH,中国神华
202605,西部证券,601899.SH,紫金矿业
202605,西部证券,603993.SH,洛阳钼业
202605,西部证券,688392.SH,骄成超声
202605,西部证券,688702.SH,盛科通信-U
202605,长城证券,002250.SZ,联化科技
202605,长城证券,300782.SZ,卓胜微
202605,长城证券,600166.SH,福田汽车
202605,长城证券,600285.SH,羚锐制药
202605,长城证券,600872.SH,中炬高新
202605,长城证券,688401.SH,路维光电
202605,长城证券,688668.SH,鼎通科技
202605,长城证券,688777.SH,中控技术
202605,长城证券,920522.BJ,纳科诺尔
202605,长江证券,000893.SZ,亚钾国际
202605,长江证券,000933.SZ,神火股份
202605,长江证券,002128.SZ,电投能源
202605,长江证券,002541.SZ,鸿路钢构
202605,长江证券,002648.SZ,卫星化学
202605,长江证券,300483.SZ,首华燃气
202605,长江证券,600176.SH,中国巨石
202605,长江证券,600188.SH,兖矿能源
202605,长江证券,600233.SH,圆通速递
202605,长江证券,600309.SH,万华化学
202605,长江证券,600499.SH,科达制造
202605,长江证券,600674.SH,川投能源
202605,长江证券,601233.SH,桐昆股份
202606,东兴证券,002182.SZ,宝武镁业
202606,东兴证券,002392.SZ,北京利尔
202606,东兴证券,002436.SZ,兴森科技
202606,东兴证券,600487.SH,亨通光电
202606,东兴证券,603345.SH,安井食品
202606,东兴证券,603678.SH,火炬电子
202606,东兴证券,603979.SH,金诚信
202606,东兴证券,688531.SH,日联科技
202606,东吴证券,002290.SZ,禾盛新材
202606,东吴证券,002847.SZ,盐津铺子
202606,东吴证券,300604.SZ,长川科技
202606,东吴证券,300750.SZ,宁德时代
202606,东吴证券,301338.SZ,凯格精机
202606,东吴证券,600176.SH,中国巨石
202606,东吴证券,600415.SH,小商品城
202606,东吴证券,600642.SH,申能股份
202606,东吴证券,688337.SH,普源精电
202606,东吴证券,688630.SH,芯碁微装
202606,东海证券,002142.SZ,宁波银行
202606,东海证券,002317.SZ,众生药业
202606,东海证券,002353.SZ,杰瑞股份
202606,东海证券,002648.SZ,卫星化学
202606,东海证券,600143.SH,金发科技
202606,东海证券,600160.SH,巨化股份
202606,东海证券,603345.SH,安井食品
202606,东海证券,688041.SH,海光信息
202606,东海证券,688220.SH,翱捷科技-U
202606,东海证券,688256.SH,寒武纪-U
202606,中原证券,002080.SZ,中材科技
202606,中原证券,002463.SZ,沪电股份
202606,中原证券,002920.SZ,德赛西威
202606,中原证券,300750.SZ,宁德时代
202606,中原证券,600673.SH,东阳光
202606,中原证券,688112.SH,鼎阳科技
202606,中原证券,688411.SH,海博思创
202606,中原证券,688498.SH,源杰科技
202606,中原证券,688630.SH,芯碁微装
202606,中原证券,688981.SH,中芯国际
202606,中国银河,002532.SZ,天山铝业
202606,中国银河,002768.SZ,国恩股份
202606,中国银河,300201.SZ,海伦哲
202606,中国银河,300308.SZ,中际旭创
202606,中国银河,300316.SZ,晶盛机电
202606,中国银河,301606.SZ,绿联科技
202606,中国银河,600176.SH,中国巨石
202606,中国银河,601225.SH,陕西煤业
202606,中国银河,603986.SH,兆易创新
202606,中泰证券,000338.SZ,潍柴动力
202606,中泰证券,300285.SZ,国瓷材料
202606,中泰证券,301231.SZ,荣信文化
202606,中泰证券,600188.SH,兖矿能源
202606,中泰证券,603259.SH,药明康德
202606,中泰证券,688059.SH,华锐精密
202606,中泰证券,688312.SH,燕麦科技
202606,中泰证券,688981.SH,中芯国际
202606,中金公司,002245.SZ,蔚蓝锂芯
202606,中金公司,002706.SZ,良信股份
202606,中金公司,002851.SZ,麦格米特
202606,中金公司,300750.SZ,宁德时代
202606,中金公司,600309.SH,万华化学
202606,中金公司,600312.SH,平高电气
202606,中金公司,600406.SH,国电南瑞
202606,中金公司,600487.SH,亨通光电
202606,中金公司,600863.SH,内蒙华电
202606,中金公司,601138.SH,工业富联
202606,中金公司,688012.SH,中微公司
202606,中银证券,000729.SZ,燕京啤酒
202606,中银证券,002409.SZ,雅克科技
202606,中银证券,002463.SZ,沪电股份
202606,中银证券,002648.SZ,卫星化学
202606,中银证券,002916.SZ,深南电路
202606,中银证券,300750.SZ,宁德时代
202606,中银证券,600258.SH,首旅酒店
202606,中银证券,601111.SH,中国国航
202606,中银证券,601872.SH,招商轮船
202606,交银国际,300274.SZ,阳光电源
202606,光大证券,000651.SZ,格力电器
202606,光大证券,002353.SZ,杰瑞股份
202606,光大证券,300593.SZ,新雷能
202606,光大证券,300750.SZ,宁德时代
202606,光大证券,301413.SZ,安培龙
202606,光大证券,600011.SH,华能国际
202606,光大证券,600176.SH,中国巨石
202606,光大证券,601899.SH,紫金矿业
202606,光大证券,688012.SH,中微公司
202606,光大证券,688378.SH,奥来德
202606,兴业证券,000333.SZ,美的集团
202606,兴业证券,001979.SZ,招商蛇口
202606,兴业证券,002179.SZ,中航光电
202606,兴业证券,002463.SZ,沪电股份
202606,兴业证券,002821.SZ,凯莱英
202606,兴业证券,300274.SZ,阳光电源
202606,兴业证券,300308.SZ,中际旭创
202606,兴业证券,300502.SZ,新易盛
202606,兴业证券,301338.SZ,凯格精机
202606,兴业证券,600926.SH,杭州银行
202606,兴业证券,601816.SH,京沪高铁
202606,兴业证券,688072.SH,拓荆科技
202606,兴业证券,688777.SH,中控技术
202606,华安证券,000887.SZ,中鼎股份
202606,华安证券,002078.SZ,太阳纸业
202606,华安证券,300274.SZ,阳光电源
202606,华安证券,300322.SZ,硕贝德
202606,华安证券,300661.SZ,圣邦股份
202606,华安证券,300761.SZ,立华股份
202606,华安证券,300866.SZ,安克创新
202606,华安证券,601899.SH,紫金矿业
202606,华安证券,603345.SH,安井食品
202606,华泰证券,002311.SZ,海大集团
202606,华泰证券,002832.SZ,比音勒芬
202606,华泰证券,300274.SZ,阳光电源
202606,华泰证券,600183.SH,生益科技
202606,华泰证券,600323.SH,瀚蓝环境
202606,华泰证券,600487.SH,亨通光电
202606,华泰证券,601133.SH,柏诚股份
202606,华泰证券,603929.SH,亚翔集成
202606,华泰证券,688301.SH,奕瑞科技
202606,华源证券,000962.SZ,东方钽业
202606,华源证券,301349.SZ,信德新材
202606,华源证券,600919.SH,江苏银行
202606,华源证券,601872.SH,招商轮船
202606,华源证券,601898.SH,中煤能源
202606,华源证券,603005.SH,晶方科技
202606,华源证券,603011.SH,合锻智能
202606,华源证券,603269.SH,海鸥股份
202606,华鑫证券,000688.SZ,国城矿业
202606,华鑫证券,000700.SZ,模塑科技
202606,华鑫证券,002436.SZ,兴森科技
202606,华鑫证券,300502.SZ,新易盛
202606,华鑫证券,300750.SZ,宁德时代
202606,华鑫证券,300757.SZ,罗博特科
202606,华鑫证券,601600.SH,中国铝业
202606,华鑫证券,603697.SH,有友食品
202606,华鑫证券,688072.SH,拓荆科技
202606,华鑫证券,688382.SH,益方生物-U
202606,华龙证券,000807.SZ,云铝股份
202606,华龙证券,002126.SZ,银轮股份
202606,华龙证券,300274.SZ,阳光电源
202606,华龙证券,300502.SZ,新易盛
202606,华龙证券,600176.SH,中国巨石
202606,华龙证券,603009.SH,北特科技
202606,华龙证券,603345.SH,安井食品
202606,华龙证券,688041.SH,海光信息
202606,国信证券,000338.SZ,潍柴动力
202606,国信证券,002202.SZ,金风科技
202606,国信证券,002668.SZ,TCL智家
202606,国信证券,300408.SZ,三环集团
202606,国信证券,600027.SH,华电国际
202606,国信证券,600036.SH,招商银行
202606,国信证券,600549.SH,厦门钨业
202606,国信证券,601100.SH,恒立液压
202606,国信证券,603345.SH,安井食品
202606,国元证券,001288.SZ,运机集团
202606,国元证券,002126.SZ,银轮股份
202606,国元证券,600699.SH,均胜电子
202606,国元证券,601958.SH,金钼股份
202606,国元证券,603605.SH,珀莱雅
202606,国元证券,688208.SH,道通科技
202606,国泰海通,000733.SZ,振华科技
202606,国泰海通,000962.SZ,东方钽业
202606,国泰海通,000977.SZ,浪潮信息
202606,国泰海通,001979.SZ,招商蛇口
202606,国泰海通,002475.SZ,立讯精密
202606,国泰海通,300274.SZ,阳光电源
202606,国泰海通,300308.SZ,中际旭创
202606,国泰海通,300750.SZ,宁德时代
202606,国泰海通,301275.SZ,汉朔科技
202606,国泰海通,600176.SH,中国巨石
202606,国泰海通,600276.SH,恒瑞医药
202606,国泰海通,600487.SH,亨通光电
202606,国泰海通,600919.SH,江苏银行
202606,国泰海通,601100.SH,恒立液压
202606,国泰海通,601111.SH,中国国航
202606,国泰海通,601225.SH,陕西煤业
202606,国泰海通,603979.SH,金诚信
202606,国泰海通,688256.SH,寒武纪-U
202606,国盛证券,000534.SZ,万泽股份
202606,国盛证券,002531.SZ,天顺风能
202606,国盛证券,300438.SZ,鹏辉能源
202606,国盛证券,603507.SH,振江股份
202606,国联民生,000776.SZ,广发证券
202606,国联民生,000977.SZ,浪潮信息
202606,国联民生,002001.SZ,新和成
202606,国联民生,002353.SZ,杰瑞股份
202606,国联民生,300395.SZ,菲利华
202606,国联民生,300502.SZ,新易盛
202606,国联民生,300568.SZ,星源材质
202606,国联民生,600754.SH,锦江酒店
202606,国联民生,601699.SH,潞安环能
202606,国联民生,688981.SH,中芯国际
202606,国金证券,000543.SZ,皖能电力
202606,国金证券,000776.SZ,广发证券
202606,国金证券,002831.SZ,裕同科技
202606,国金证券,600415.SH,小商品城
202606,国金证券,601100.SH,恒立液压
202606,国金证券,601138.SH,工业富联
202606,国金证券,603087.SH,甘李药业
202606,国金证券,603308.SH,应流股份
202606,国金证券,603871.SH,嘉友国际
202606,国金证券,688127.SH,蓝特光学
202606,天风证券,000034.SZ,神州数码
202606,天风证券,002311.SZ,海大集团
202606,天风证券,002345.SZ,潮宏基
202606,天风证券,002465.SZ,海格通信
202606,天风证券,002475.SZ,立讯精密
202606,天风证券,300308.SZ,中际旭创
202606,天风证券,300454.SZ,深信服
202606,天风证券,301376.SZ,致欧科技
202606,天风证券,600011.SH,华能国际
202606,天风证券,600060.SH,海信视像
202606,天风证券,600105.SH,永鼎股份
202606,天风证券,600115.SH,中国东航
202606,天风证券,600176.SH,中国巨石
202606,天风证券,600258.SH,首旅酒店
202606,天风证券,601211.SH,国泰海通
202606,天风证券,601899.SH,紫金矿业
202606,天风证券,601919.SH,中远海控
202606,天风证券,603605.SH,珀莱雅
202606,天风证券,603661.SH,恒林股份
202606,天风证券,688169.SH,石头科技
202606,天风证券,688361.SH,中科飞测
202606,太平洋,001330.SZ,博纳影业
202606,太平洋,002010.SZ,传化智联
202606,太平洋,002126.SZ,银轮股份
202606,太平洋,002290.SZ,禾盛新材
202606,太平洋,002463.SZ,沪电股份
202606,太平洋,002838.SZ,道恩股份
202606,太平洋,601398.SH,工商银行
202606,太平洋,603659.SH,璞泰来
202606,太平洋,688239.SH,航宇科技
202606,平安证券,002142.SZ,宁波银行
202606,平安证券,300223.SZ,北京君正
202606,平安证券,300274.SZ,阳光电源
202606,平安证券,300331.SZ,苏大维格
202606,平安证券,300502.SZ,新易盛
202606,平安证券,600176.SH,中国巨石
202606,平安证券,601088.SH,中国神华
202606,平安证券,601838.SH,成都银行
202606,平安证券,688041.SH,海光信息
202606,平安证券,688521.SH,芯原股份
202606,开源证券,000333.SZ,美的集团
202606,开源证券,000776.SZ,广发证券
202606,开源证券,002156.SZ,通富微电
202606,开源证券,002956.SZ,西麦食品
202606,开源证券,300750.SZ,宁德时代
202606,开源证券,600256.SH,广汇能源
202606,开源证券,603195.SH,公牛集团
202606,开源证券,603259.SH,药明康德
202606,开源证券,688025.SH,杰普特
202606,开源证券,688531.SH,日联科技
202606,招商证券,002008.SZ,大族激光
202606,招商证券,002475.SZ,立讯精密
202606,招商证券,300308.SZ,中际旭创
202606,招商证券,300502.SZ,新易盛
202606,招商证券,300750.SZ,宁德时代
202606,招商证券,600176.SH,中国巨石
202606,招商证券,600183.SH,生益科技
202606,招商证券,600482.SH,中国动力
202606,招商证券,601899.SH,紫金矿业
202606,招商证券,920045.BJ,蘅东光
202606,浙商证券,002371.SZ,北方华创
202606,浙商证券,002429.SZ,兆驰股份
202606,浙商证券,300137.SZ,先河环保
202606,浙商证券,600176.SH,中国巨石
202606,浙商证券,600977.SH,中国电影
202606,浙商证券,601009.SH,南京银行
202606,浙商证券,603112.SH,华翔股份
202606,浙商证券,603663.SH,三祥新材
202606,浙商证券,688041.SH,海光信息
202606,浙商证券,688279.SH,峰岹科技
202606,申万宏源,002541.SZ,鸿路钢构
202606,申万宏源,002966.SZ,苏州银行
202606,申万宏源,300547.SZ,川环科技
202606,申万宏源,301200.SZ,大族数控
202606,申万宏源,601021.SH,春秋航空
202606,申万宏源,601233.SH,桐昆股份
202606,申万宏源,603979.SH,金诚信
202606,申万宏源,688469.SH,芯联集成-U
202606,申万宏源,688702.SH,盛科通信-U
202606,西部证券,300001.SZ,特锐德
202606,西部证券,600188.SH,兖矿能源
202606,西部证券,600486.SH,扬农化工
202606,西部证券,600989.SH,宝丰能源
202606,西部证券,601088.SH,中国神华
202606,西部证券,601899.SH,紫金矿业
202606,西部证券,603799.SH,华友钴业
202606,西部证券,603993.SH,洛阳钼业
202606,西部证券,688256.SH,寒武纪-U
202606,西部证券,688347.SH,华虹公司
202606,财信证券,002050.SZ,三花智控
202606,财信证券,002241.SZ,歌尔股份
202606,财信证券,002606.SZ,大连电瓷
202606,财信证券,002653.SZ,海思科
202606,财信证券,300740.SZ,水羊股份
202606,财信证券,300814.SZ,中富电路
202606,财信证券,300975.SZ,商络电子
202606,财信证券,600060.SH,海信视像
202606,财信证券,600176.SH,中国巨石
202606,财信证券,600875.SH,东方电气
202606,财通证券,002568.SZ,百润股份
202606,财通证券,002938.SZ,鹏鼎控股
202606,财通证券,600673.SH,东阳光
202606,财通证券,601636.SH,旗滨集团
202606,财通证券,603486.SH,科沃斯
202606,财通证券,605016.SH,百龙创园
202606,财通证券,605098.SH,行动教育
202606,长城证券,000423.SZ,东阿阿胶
202606,长城证券,001285.SZ,瑞立科密
202606,长城证券,002250.SZ,联化科技
202606,长城证券,002881.SZ,美格智能
202606,长城证券,300750.SZ,宁德时代
202606,长城证券,300755.SZ,华致酒行
202606,长城证券,300953.SZ,震裕科技
202606,长城证券,600027.SH,华电国际
202606,长城证券,688401.SH,路维光电
202606,长城证券,688668.SH,鼎通科技
202606,长江证券,000338.SZ,潍柴动力
202606,长江证券,000893.SZ,亚钾国际
202606,长江证券,002028.SZ,思源电气
202606,长江证券,002128.SZ,电投能源
202606,长江证券,002384.SZ,东山精密
202606,长江证券,002541.SZ,鸿路钢构
202606,长江证券,002627.SZ,三峡旅游
202606,长江证券,002832.SZ,比音勒芬
202606,长江证券,300308.SZ,中际旭创
202606,长江证券,300483.SZ,首华燃气
202606,长江证券,300776.SZ,帝尔激光
202606,长江证券,300866.SZ,安克创新
202606,长江证券,301526.SZ,国际复材
202606,长江证券,600141.SH,兴发集团
202606,长江证券,600188.SH,兖矿能源
202606,长江证券,600189.SH,泉阳泉
202606,长江证券,600233.SH,圆通速递
202606,长江证券,600256.SH,广汇能源
202606,长江证券,600309.SH,万华化学
202606,长江证券,600415.SH,小商品城
202606,长江证券,600674.SH,川投能源
202606,长江证券,601677.SH,明泰铝业
202606,长江证券,601872.SH,招商轮船
202606,长江证券,603031.SH,安孚科技
202606,长江证券,605090.SH,九丰能源
202607,东兴证券,002182.SZ,宝武镁业
202607,东兴证券,002991.SZ,甘源食品
202607,东兴证券,300666.SZ,江丰电子
202607,东兴证券,600233.SH,圆通速递
202607,东兴证券,600487.SH,亨通光电
202607,东兴证券,603678.SH,火炬电子
202607,东兴证券,688627.SH,精智达
202607,东吴证券,002371.SZ,北方华创
202607,东吴证券,002428.SZ,云南锗业
202607,东吴证券,300604.SZ,长川科技
202607,东吴证券,300751.SZ,迈为股份
202607,东吴证券,600176.SH,中国巨石
202607,东吴证券,688141.SH,杰华特
202607,东吴证券,688235.SH,百济神州
202607,东吴证券,688630.SH,芯碁微装
202607,中原证券,000776.SZ,广发证券
202607,中原证券,002407.SZ,多氟多
202607,中原证券,002624.SZ,完美世界
202607,中原证券,300054.SZ,鼎龙股份
202607,中原证券,300750.SZ,宁德时代
202607,中原证券,300820.SZ,英杰电气
202607,中原证券,603019.SH,中科曙光
202607,中原证券,603986.SH,兆易创新
202607,中原证券,688256.SH,寒武纪
202607,中原证券,688411.SH,海博思创
202607,中国银河,000338.SZ,潍柴动力
202607,中国银河,002028.SZ,思源电气
202607,中国银河,300308.SZ,中际旭创
202607,中国银河,600030.SH,中信证券
202607,中国银河,600176.SH,中国巨石
202607,中国银河,600879.SH,航天电子
202607,中国银河,601899.SH,紫金矿业
202607,中国银河,603588.SH,高能环境
202607,中国银河,603986.SH,兆易创新
202607,中国银河,605020.SH,永和股份
202607,中泰证券,000338.SZ,潍柴动力
202607,中泰证券,000951.SZ,中国重汽
202607,中泰证券,002126.SZ,银轮股份
202607,中泰证券,600188.SH,兖矿能源
202607,中泰证券,603259.SH,药明康德
202607,中泰证券,603969.SH,银龙股份
202607,中泰证券,688059.SH,华锐精密
202607,中泰证券,688312.SH,燕麦科技
202607,中金公司,002028.SZ,思源电气
202607,中金公司,002601.SZ,龙佰集团
202607,中金公司,300750.SZ,宁德时代
202607,中金公司,300990.SZ,同飞股份
202607,中金公司,600176.SH,中国巨石
202607,中金公司,600487.SH,亨通光电
202607,中金公司,601138.SH,工业富联
202607,中金公司,601225.SH,陕西煤业
202607,中金公司,603260.SH,合盛硅业
202607,中金公司,688012.SH,中微公司
202607,中金公司,688411.SH,海博思创
202607,中银证券,000524.SZ,岭南控股
202607,中银证券,002463.SZ,沪电股份
202607,中银证券,002709.SZ,天赐材料
202607,中银证券,002916.SZ,深南电路
202607,中银证券,002928.SZ,华夏航空
202607,中银证券,600160.SH,巨化股份
202607,中银证券,601111.SH,中国国航
202607,中银证券,688019.SH,安集科技
202607,交银国际,000333.SZ,美的集团
202607,交银国际,300274.SZ,阳光电源
202607,光大证券,000651.SZ,格力电器
202607,光大证券,002353.SZ,杰瑞股份
202607,光大证券,300593.SZ,新雷能
202607,光大证券,300750.SZ,宁德时代
202607,光大证券,600011.SH,华能国际
202607,光大证券,600176.SH,中国巨石
202607,光大证券,601899.SH,紫金矿业
202607,光大证券,605016.SH,百龙创园
202607,光大证券,688012.SH,中微公司
202607,光大证券,688378.SH,奥来德
202607,兴业证券,002126.SZ,银轮股份
202607,兴业证券,002179.SZ,中航光电
202607,兴业证券,002245.SZ,蔚蓝锂芯
202607,兴业证券,002821.SZ,凯莱英
202607,兴业证券,300308.SZ,中际旭创
202607,兴业证券,301392.SZ,汇成真空
202607,兴业证券,601021.SH,春秋航空
202607,兴业证券,601233.SH,桐昆股份
202607,兴业证券,603288.SH,海天味业
202607,兴业证券,603568.SH,伟明环保
202607,兴业证券,688041.SH,海光信息
202607,兴业证券,688072.SH,拓荆科技
202607,华安证券,000831.SZ,中国稀土
202607,华安证券,001282.SZ,三联锻造
202607,华安证券,002078.SZ,太阳纸业
202607,华安证券,002466.SZ,天齐锂业
202607,华安证券,300972.SZ,万辰集团
202607,华安证券,688012.SH,中微公司
202607,华安证券,688046.SH,药康生物
202607,华安证券,688072.SH,拓荆科技
202607,华安证券,688266.SH,泽璟制药
202607,华泰证券,000333.SZ,美的集团
202607,华泰证券,002311.SZ,海大集团
202607,华泰证券,002832.SZ,比音勒芬
202607,华泰证券,300274.SZ,阳光电源
202607,华泰证券,301165.SZ,锐捷网络
202607,华泰证券,600999.SH,招商证券
202607,华泰证券,601133.SH,柏诚股份
202607,华泰证券,601636.SH,旗滨集团
202607,华源证券,000776.SZ,广发证券
202607,华源证券,300037.SZ,新宙邦
202607,华源证券,300049.SZ,福瑞医科
202607,华源证券,301310.SZ,鑫宏业
202607,华源证券,603005.SH,晶方科技
202607,华源证券,603269.SH,海鸥股份
202607,华源证券,688347.SH,华虹宏力
202607,华源证券,920020.BJ,泰凯英
202607,华西证券,002049.SZ,紫光国微
202607,华西证券,600882.SH,妙可蓝多
202607,华鑫证券,002436.SZ,兴森科技
202607,华鑫证券,300136.SZ,信维通信
202607,华鑫证券,300502.SZ,新易盛
202607,华鑫证券,300666.SZ,江丰电子
202607,华鑫证券,301232.SZ,飞沃科技
202607,华鑫证券,603986.SH,兆易创新
202607,华鑫证券,688041.SH,海光信息
202607,华鑫证券,688256.SH,寒武纪
202607,华鑫证券,688396.SH,华润微
202607,华鑫证券,688551.SH,科威尔
202607,华龙证券,002126.SZ,银轮股份
202607,华龙证券,002203.SZ,海亮股份
202607,华龙证券,002254.SZ,泰和新材
202607,华龙证券,300308.SZ,中际旭创
202607,华龙证券,605376.SH,博迁新材
202607,华龙证券,688041.SH,海光信息
202607,华龙证券,688110.SH,东芯股份
202607,国信证券,000338.SZ,潍柴动力
202607,国信证券,002025.SZ,航天电器
202607,国信证券,002353.SZ,杰瑞股份
202607,国信证券,301291.SZ,明阳电气
202607,国信证券,600961.SH,株冶集团
202607,国信证券,603259.SH,药明康德
202607,国信证券,603324.SH,盛剑科技
202607,国元证券,002126.SZ,银轮股份
202607,国元证券,002472.SZ,双环传动
202607,国元证券,301162.SZ,国能日新
202607,国元证券,600392.SH,盛和资源
202607,国元证券,603203.SH,快克智能
202607,国元证券,603605.SH,珀莱雅
202607,国元证券,688219.SH,会通股份
202607,国泰海通,000100.SZ,TCL科技
202607,国泰海通,000657.SZ,中钨高新
202607,国泰海通,000962.SZ,东方钽业
202607,国泰海通,000977.SZ,浪潮信息
202607,国泰海通,002281.SZ,光迅科技
202607,国泰海通,002484.SZ,江海股份
202607,国泰海通,002653.SZ,海思科
202607,国泰海通,300398.SZ,飞凯材料
202607,国泰海通,300687.SZ,赛意信息
202607,国泰海通,301127.SZ,武汉天源
202607,国泰海通,301165.SZ,锐捷网络
202607,国泰海通,600030.SH,中信证券
202607,国泰海通,600176.SH,中国巨石
202607,国泰海通,600276.SH,恒瑞医药
202607,国泰海通,600919.SH,江苏银行
202607,国泰海通,601111.SH,中国国航
202607,国泰海通,605016.SH,百龙创园
202607,国泰海通,688072.SH,拓荆科技
202607,国泰海通,688548.SH,广钢气体
202607,国泰海通,688818.SH,电科蓝天
202607,国联民生,000776.SZ,广发证券
202607,国联民生,000977.SZ,浪潮信息
202607,国联民生,002384.SZ,东山精密
202607,国联民生,002938.SZ,鹏鼎控股
202607,国联民生,300308.SZ,中际旭创
202607,国联民生,300502.SZ,新易盛
202607,国联民生,300567.SZ,精测电子
202607,国联民生,300568.SZ,星源材质
202607,国联民生,600160.SH,巨化股份
202607,国联民生,601699.SH,潞安环能
202607,国金证券,301376.SZ,致欧科技
202607,国金证券,600176.SH,中国巨石
202607,国金证券,600674.SH,川投能源
202607,国金证券,601138.SH,工业富联
202607,国金证券,601211.SH,国泰海通
202607,国金证券,603259.SH,药明康德
202607,国金证券,603308.SH,应流股份
202607,国金证券,688127.SH,蓝特光学
202607,太平洋,000811.SZ,冰轮环境
202607,太平洋,002100.SZ,天康生物
202607,太平洋,002290.SZ,禾盛新材
202607,太平洋,002463.SZ,沪电股份
202607,太平洋,002653.SZ,海思科
202607,太平洋,300059.SZ,东方财富
202607,太平洋,300308.SZ,中际旭创
202607,太平洋,603659.SH,璞泰来
202607,太平洋,605020.SH,永和股份
202607,平安证券,002080.SZ,中材科技
202607,平安证券,002865.SZ,钧达股份
202607,平安证券,300223.SZ,北京君正
202607,平安证券,300308.SZ,中际旭创
202607,平安证券,600276.SH,恒瑞医药
202607,平安证券,601211.SH,国泰海通
202607,平安证券,603259.SH,药明康德
202607,平安证券,605117.SH,德业股份
202607,平安证券,688041.SH,海光信息
202607,平安证券,688521.SH,芯原股份
202607,开源证券,600246.SH,万通发展
202607,开源证券,600985.SH,淮北矿业
202607,开源证券,601168.SH,西部矿业
202607,开源证券,601233.SH,桐昆股份
202607,开源证券,603259.SH,药明康德
202607,开源证券,605117.SH,德业股份
202607,开源证券,688025.SH,杰普特
202607,开源证券,688531.SH,日联科技
202607,开源证券,688692.SH,达梦数据
202607,招商证券,002008.SZ,大族激光
202607,招商证券,002475.SZ,立讯精密
202607,招商证券,300308.SZ,中际旭创
202607,招商证券,300502.SZ,新易盛
202607,招商证券,300750.SZ,宁德时代
202607,招商证券,600176.SH,中国巨石
202607,招商证券,600183.SH,生益科技
202607,招商证券,688072.SH,拓荆科技
202607,招商证券,688531.SH,日联科技
202607,招商证券,920045.BJ,蘅东光
202607,浙商证券,000776.SZ,广发证券
202607,浙商证券,002371.SZ,北方华创
202607,浙商证券,002812.SZ,恩捷股份
202607,浙商证券,002821.SZ,凯莱英
202607,浙商证券,002831.SZ,裕同科技
202607,浙商证券,300137.SZ,先河环保
202607,浙商证券,300382.SZ,斯莱克
202607,浙商证券,301285.SZ,鸿日达
202607,浙商证券,600176.SH,中国巨石
202607,浙商证券,688008.SH,澜起科技
202607,申万宏源,002179.SZ,中航光电
202607,申万宏源,002409.SZ,雅克科技
202607,申万宏源,600999.SH,招商证券
202607,申万宏源,601021.SH,春秋航空
202607,申万宏源,603166.SH,福达股份
202607,申万宏源,603259.SH,药明康德
202607,申万宏源,688025.SH,杰普特
202607,申万宏源,688220.SH,翱捷科技
202607,申万宏源,688807.SH,优迅股份
202607,西部证券,300308.SZ,中际旭创
202607,西部证券,600150.SH,中国船舶
202607,西部证券,600885.SH,宏发股份
202607,西部证券,600999.SH,招商证券
202607,西部证券,601899.SH,紫金矿业
202607,西部证券,603268.SH,松发股份
202607,西部证券,688041.SH,海光信息
202607,西部证券,688256.SH,寒武纪
202607,西部证券,688702.SH,盛科通信
202607,财信证券,002028.SZ,思源电气
202607,财信证券,002202.SZ,金风科技
202607,财信证券,002653.SZ,海思科
202607,财信证券,300975.SZ,商络电子
202607,财信证券,600060.SH,海信视像
202607,财信证券,600160.SH,巨化股份
202607,财信证券,600549.SH,厦门钨业
202607,财信证券,601233.SH,桐昆股份
202607,财信证券,603259.SH,药明康德
202607,财信证券,688008.SH,澜起科技
202607,财通证券,002436.SZ,兴森科技
202607,财通证券,301201.SZ,诚达药业
202607,财通证券,600060.SH,海信视像
202607,财通证券,601636.SH,旗滨集团
202607,财通证券,605016.SH,百龙创园
202607,财通证券,605098.SH,行动教育
202607,财通证券,688041.SH,海光信息
202607,长城证券,000423.SZ,东阿阿胶
202607,长城证券,002555.SZ,三七互娱
202607,长城证券,300750.SZ,宁德时代
202607,长城证券,300755.SZ,华致酒行
202607,长城证券,300782.SZ,卓胜微
202607,长城证券,600674.SH,川投能源
202607,长城证券,601888.SH,中国中免
202607,长城证券,688401.SH,路维光电
202607,长城证券,688668.SH,鼎通科技
202607,长江证券,000338.SZ,潍柴动力
202607,长江证券,000893.SZ,亚钾国际
202607,长江证券,002080.SZ,中材科技
202607,长江证券,002179.SZ,中航光电
202607,长江证券,002384.SZ,东山精密
202607,长江证券,002475.SZ,立讯精密
202607,长江证券,002541.SZ,鸿路钢构
202607,长江证券,002555.SZ,三七互娱
202607,长江证券,002624.SZ,完美世界
202607,长江证券,002627.SZ,三峡旅游
202607,长江证券,002714.SZ,牧原股份
202607,长江证券,002832.SZ,比音勒芬
202607,长江证券,300274.SZ,阳光电源
202607,长江证券,300308.SZ,中际旭创
202607,长江证券,300483.SZ,首华燃气
202607,长江证券,300776.SZ,帝尔激光
202607,长江证券,300866.SZ,安克创新
202607,长江证券,600141.SH,兴发集团
202607,长江证券,600188.SH,兖矿能源
202607,长江证券,600256.SH,广汇能源
202607,长江证券,600298.SH,安琪酵母
202607,长江证券,600309.SH,万华化学
202607,长江证券,600415.SH,小商品城
202607,长江证券,600549.SH,厦门钨业
202607,长江证券,600900.SH,长江电力
202607,长江证券,601156.SH,东航物流
202607,长江证券,601918.SH,新集能源
202607,长江证券,603031.SH,安孚科技
202607,长江证券,603713.SH,密尔克卫
202607,长江证券,603929.SH,亚翔集成
202607,长江证券,605167.SH,利柏特
202607,长江证券,688041.SH,海光信息
202607,长江证券,688629.SH,华丰科技
202607,长江证券,688710.SH,益诺思
202608,东兴证券,300627.SZ,华测导航
202608,东兴证券,600519.SH,贵州茅台
202608,东兴证券,601665.SH,齐鲁银行
202608,东兴证券,603345.SH,安井食品
202608,东兴证券,688103.SH,国力电子
202608,东海证券,002142.SZ,宁波银行
202608,东海证券,002353.SZ,杰瑞股份
202608,东海证券,002371.SZ,北方华创
202608,东海证券,300558.SZ,贝达药业
202608,东海证券,600160.SH,巨化股份
202608,东海证券,601233.SH,桐昆股份
202608,东海证券,603345.SH,安井食品
202608,东海证券,603893.SH,瑞芯微
202608,东海证券,688220.SH,翱捷科技
202608,中原证券,002371.SZ,北方华创
202608,中原证券,002594.SZ,比亚迪
202608,中原证券,002648.SZ,卫星化学
202608,中原证券,300750.SZ,宁德时代
202608,中原证券,600285.SH,羚锐制药
202608,中原证券,600312.SH,平高电气
202608,中原证券,601728.SH,中国电信
202608,中原证券,603444.SH,吉比特
202608,中原证券,688256.SH,寒武纪
202608,中国银河,000425.SZ,徐工机械
202608,中国银河,002886.SZ,沃特股份
202608,中国银河,300750.SZ,宁德时代
202608,中国银河,600030.SH,中信证券
202608,中国银河,600795.SH,国电电力
202608,中国银河,600926.SH,杭州银行
202608,中国银河,600941.SH,中国移动
202608,中国银河,601899.SH,紫金矿业
202608,中国银河,603259.SH,药明康德
202608,中国银河,688981.SH,中芯国际
202608,中泰证券,000333.SZ,美的集团
202608,中泰证券,000893.SZ,亚钾国际
202608,中泰证券,000951.SZ,中国重汽
202608,中泰证券,002541.SZ,鸿路钢构
202608,中泰证券,300217.SZ,东方电热
202608,中泰证券,300662.SZ,科锐国际
202608,中泰证券,600166.SH,福田汽车
202608,中泰证券,600801.SH,华新建材
202608,中泰证券,603259.SH,药明康德
202608,中泰证券,605499.SH,东鹏饮料
202608,中泰证券,688059.SH,华锐精密
202608,交银国际,000333.SZ,美的集团
202608,光大证券,000651.SZ,格力电器
202608,光大证券,000729.SZ,燕京啤酒
202608,光大证券,002353.SZ,杰瑞股份
202608,光大证券,002371.SZ,北方华创
202608,光大证券,002895.SZ,川恒股份
202608,光大证券,300593.SZ,新雷能
202608,光大证券,300750.SZ,宁德时代
202608,光大证券,301413.SZ,安培龙
202608,光大证券,601899.SH,紫金矿业
202608,光大证券,688981.SH,中芯国际
202608,兴业证券,001979.SZ,招商蛇口
202608,兴业证券,002517.SZ,恺英网络
202608,兴业证券,002532.SZ,天山铝业
202608,兴业证券,300408.SZ,三环集团
202608,兴业证券,600060.SH,海信视像
202608,兴业证券,600562.SH,国睿科技
202608,兴业证券,600660.SH,福耀玻璃
202608,兴业证券,603288.SH,海天味业
202608,兴业证券,603298.SH,杭叉集团
202608,兴业证券,603568.SH,伟明环保
202608,兴业证券,688111.SH,金山办公
202608,华泰证券,002714.SZ,牧原股份
202608,华泰证券,002832.SZ,比音勒芬
202608,华泰证券,300750.SZ,宁德时代
202608,华泰证券,300866.SZ,安克创新
202608,华泰证券,600388.SH,龙净环保
202608,华泰证券,600487.SH,亨通光电
202608,华泰证券,601166.SH,兴业银行
202608,华泰证券,688361.SH,中科飞测
202608,华源证券,000400.SZ,许继电气
202608,华源证券,300049.SZ,福瑞医科
202608,华源证券,300408.SZ,三环集团
202608,华源证券,600919.SH,江苏银行
202608,华源证券,601619.SH,嘉泽新能
202608,华源证券,601872.SH,招商轮船
202608,华源证券,603269.SH,海鸥股份
202608,华源证券,689009.SH,九号公司
202608,华源证券,920476.BJ,海能技术
202608,华盘证券,600331.SH,宏达股份
202608,华鑫证券,000700.SZ,模塑科技
202608,华鑫证券,002025.SZ,航天电器
202608,华鑫证券,002624.SZ,完美世界
202608,华鑫证券,002891.SZ,中宠股份
202608,华鑫证券,300285.SZ,国瓷材料
202608,华鑫证券,300308.SZ,中际旭创
202608,华鑫证券,300432.SZ,富临精工
202608,华鑫证券,600426.SH,华鲁恒升
202608,华鑫证券,688825.SH,长鑫科技
202608,华龙证券,000977.SZ,浪潮信息
202608,华龙证券,002126.SZ,银轮股份
202608,华龙证券,002254.SZ,泰和新材
202608,华龙证券,300308.SZ,中际旭创
202608,华龙证券,600176.SH,中国巨石
202608,华龙证券,600882.SH,妙可蓝多
202608,华龙证券,601899.SH,紫金矿业
202608,华龙证券,688110.SH,东芯股份
202608,国信证券,000333.SZ,美的集团
202608,国信证券,002352.SZ,顺丰控股
202608,国信证券,002415.SZ,海康威视
202608,国信证券,002532.SZ,天山铝业
202608,国信证券,600900.SH,长江电力
202608,国信证券,600926.SH,杭州银行
202608,国信证券,603259.SH,药明康德
202608,国信证券,688188.SH,柏楚电子
202608,国泰海通,000977.SZ,浪潮信息
202608,国泰海通,002142.SZ,宁波银行
202608,国泰海通,002281.SZ,光迅科技
202608,国泰海通,002517.SZ,恺英网络
202608,国泰海通,300115.SZ,长盈精密
202608,国泰海通,300750.SZ,宁德时代
202608,国泰海通,300866.SZ,安克创新
202608,国泰海通,301275.SZ,汉朔科技
202608,国泰海通,600026.SH,中远海能
202608,国泰海通,600030.SH,中信证券
202608,国泰海通,600276.SH,恒瑞医药
202608,国泰海通,601225.SH,陕西煤业
202608,国泰海通,601899.SH,紫金矿业
202608,国泰海通,603288.SH,海天味业
202608,国泰海通,603605.SH,珀莱雅
202608,国泰海通,688012.SH,中微公司
202608,国泰海通,688231.SH,隆达股份
202608,国泰海通,688630.SH,芯碁微装
202608,国联民生,002594.SZ,比亚迪
202608,国联民生,300308.SZ,中际旭创
202608,国联民生,300750.SZ,宁德时代
202608,国联民生,601101.SH,昊华能源
202608,国联民生,601211.SH,国泰海通
202608,国联民生,601233.SH,桐昆股份
202608,国联民生,688981.SH,中芯国际
202608,国金证券,000776.SZ,广发证券
202608,国金证券,300866.SZ,安克创新
202608,国金证券,600795.SH,国电电力
202608,国金证券,601138.SH,工业富联
202608,国金证券,601958.SH,金钼股份
202608,国金证券,603308.SH,应流股份
202608,国金证券,688127.SH,蓝特光学
202608,山西证券,300308.SZ,中际旭创
202608,山西证券,300418.SZ,昆仑万维
202608,山西证券,300761.SZ,立华股份
202608,山西证券,300857.SZ,协创数据
202608,山西证券,300972.SZ,万辰集团
202608,山西证券,601898.SH,中煤能源
202608,山西证券,688506.SH,百利天恒
202608,山西证券,688629.SH,华丰科技
202608,山西证券,688702.SH,盛科通信
202608,平安证券,002812.SZ,恩捷股份
202608,平安证券,300260.SZ,新莱应材
202608,平安证券,600176.SH,中国巨石
202608,平安证券,600276.SH,恒瑞医药
202608,平安证券,600938.SH,中国海油
202608,平安证券,603259.SH,药明康德
202608,平安证券,603766.SH,隆鑫通用
202608,平安证券,688041.SH,海光信息
202608,平安证券,688103.SH,国力电子
202608,开源证券,002602.SZ,世纪华通
202608,开源证券,300596.SZ,利安隆
202608,开源证券,301321.SZ,翰博高新
202608,开源证券,600985.SH,淮北矿业
202608,开源证券,601168.SH,西部矿业
202608,开源证券,601688.SH,华泰证券
202608,开源证券,603259.SH,药明康德
202608,开源证券,605117.SH,德业股份
202608,开源证券,688025.SH,杰普特
202608,浙商证券,000977.SZ,浪潮信息
202608,浙商证券,002078.SZ,太阳纸业
202608,浙商证券,002371.SZ,北方华创
202608,浙商证券,002488.SZ,金固股份
202608,浙商证券,300418.SZ,昆仑万维
202608,浙商证券,300750.SZ,宁德时代
202608,浙商证券,601601.SH,中国太保
202608,浙商证券,603259.SH,药明康德
202608,浙商证券,605376.SH,博迁新材
202608,爱建证券,001287.SZ,中电港
202608,爱建证券,002245.SZ,蔚蓝锂芯
202608,爱建证券,002371.SZ,北方华创
202608,爱建证券,300870.SZ,欧陆通
202608,爱建证券,601965.SH,中国汽研
202608,爱建证券,688630.SH,芯碁微装
202608,爱建证券,688981.SH,中芯国际
202608,申万宏源,000333.SZ,美的集团
202608,申万宏源,002832.SZ,比音勒芬
202608,申万宏源,300628.SZ,亿联网络
202608,申万宏源,600760.SH,中航沈飞
202608,申万宏源,601872.SH,招商轮船
202608,申万宏源,603259.SH,药明康德
202608,申万宏源,603806.SH,福斯特
202608,西部证券,001233.SZ,海安集团
202608,西部证券,002353.SZ,杰瑞股份
202608,西部证券,300308.SZ,中际旭创
202608,西部证券,300750.SZ,宁德时代
202608,西部证券,600309.SH,万华化学
202608,西部证券,601899.SH,紫金矿业
202608,西部证券,603014.SH,威高血净
202608,西部证券,603259.SH,药明康德
202608,西部证券,603993.SH,洛阳钼业
202608,西部证券,688702.SH,盛科通信
202608,西部证券,920015.BJ,锦华新材
202608,财信证券,000333.SZ,美的集团
202608,财信证券,002847.SZ,盐津铺子
202608,财信证券,300285.SZ,国瓷材料
202608,财信证券,301033.SZ,迈普医学
202608,财信证券,600312.SH,平高电气
202608,财信证券,600563.SH,法拉电子
202608,财信证券,600988.SH,赤峰黄金
202608,财信证券,688012.SH,中微公司
202608,财信证券,688111.SH,金山办公
202608,财信证券,688192.SH,迪哲医药
202608,财通证券,000338.SZ,潍柴动力
202608,财通证券,002541.SZ,鸿路钢构
202608,财通证券,600031.SH,三一重工
202608,财通证券,603317.SH,天味食品
202608,财通证券,605098.SH,行动教育
202608,财通证券,688041.SH,海光信息
202608,财通证券,688102.SH,斯瑞新材
202608,长江证券,000975.SZ,山金国际
202608,长江证券,002384.SZ,东山精密
202608,长江证券,002463.SZ,沪电股份
202608,长江证券,300308.SZ,中际旭创
202608,长江证券,300418.SZ,昆仑万维
202608,长江证券,300483.SZ,首华燃气
202608,长江证券,300502.SZ,新易盛
202608,长江证券,301526.SZ,国际复材
202608,长江证券,600256.SH,广汇能源
202608,长江证券,600309.SH,万华化学
202608,长江证券,600483.SH,福能股份
202608,长江证券,600499.SH,科达制造
202608,长江证券,601101.SH,昊华能源
202608,长江证券,601872.SH,招商轮船
202608,长江证券,601918.SH,新集能源
202608,长江证券,688041.SH,海光信息
202608,长江证券,688256.SH,寒武纪
202609,东兴证券,300666.SZ,江丰电子
202609,东兴证券,600487.SH,亨通光电
202609,东兴证券,600519.SH,贵州茅台
202609,东兴证券,603345.SH,安井食品
202609,东兴证券,688531.SH,日联科技
202609,东北证券,000949.SZ,新乡化纤
202609,东北证券,002536.SZ,飞龙股份
202609,东北证券,300677.SZ,英科医疗
202609,东北证券,301373.SZ,凌玮科技
202609,东北证券,301511.SZ,德福科技
202609,东北证券,601208.SH,东材科技
202609,东北证券,603083.SH,剑桥科技
202609,东北证券,688167.SH,炬光科技
202609,东北证券,920699.BJ,海达尔
202609,东吴证券,000703.SZ,恒逸石化
202609,东吴证券,300483.SZ,首华燃气
202609,东吴证券,600388.SH,紫金龙净
202609,东吴证券,600962.SH,国投中鲁
202609,东吴证券,601233.SH,桐昆股份
202609,东海证券,002142.SZ,宁波银行
202609,东海证券,002353.SZ,杰瑞股份
202609,东海证券,300761.SZ,立华股份
202609,东海证券,600160.SH,巨化股份
202609,东海证券,601233.SH,桐昆股份
202609,东海证券,688012.SH,中微公司
202609,东海证券,688331.SH,荣昌生物
202609,东海证券,688409.SH,富创精密
202609,中原证券,002920.SZ,德赛西威
202609,中原证券,300285.SZ,国瓷材料
202609,中原证券,300394.SZ,天孚通信
202609,中原证券,300820.SZ,英杰电气
202609,中原证券,600060.SH,海信视像
202609,中原证券,600989.SH,宝丰能源
202609,中原证券,603019.SH,中科曙光
202609,中原证券,688012.SH,中微公司
202609,中原证券,688059.SH,华锐精密
202609,中原证券,688313.SH,仕佳光子
202609,中国银河,000893.SZ,亚钾国际
202609,中国银河,002128.SZ,电投能源
202609,中国银河,600176.SH,中国巨石
202609,中国银河,600941.SH,中国移动
202609,中国银河,601766.SH,中国中车
202609,中国银河,601899.SH,紫金矿业
202609,中国银河,603259.SH,药明康德
202609,中国银河,603659.SH,璞泰来
202609,中国银河,603986.SH,兆易创新
202609,中泰证券,000338.SZ,潍柴动力
202609,中泰证券,600105.SH,永鼎股份
202609,中泰证券,601601.SH,中国太保
202609,中泰证券,688059.SH,华锐精密
202609,中泰证券,688169.SH,石头科技
202609,中泰证券,688300.SH,联瑞新材
202609,中泰证券,688521.SH,芯原股份
202609,中泰证券,688808.SH,联讯仪器
202609,中银证券,001301.SZ,尚太科技
202609,中银证券,002463.SZ,沪电股份
202609,中银证券,002648.SZ,卫星化学
202609,中银证券,300395.SZ,菲利华
202609,中银证券,300760.SZ,迈瑞医疗
202609,中银证券,600221.SH,海航控股
202609,中银证券,600662.SH,外服控股
202609,中银证券,688019.SH,安集科技
202609,光大证券,000651.SZ,格力电器
202609,光大证券,002353.SZ,杰瑞股份
202609,光大证券,002895.SZ,川恒股份
202609,光大证券,300593.SZ,新雷能
202609,光大证券,300750.SZ,宁德时代
202609,光大证券,301413.SZ,安培龙
202609,光大证券,601899.SH,紫金矿业
202609,光大证券,603259.SH,药明康德
202609,光大证券,603871.SH,嘉友国际
202609,光大证券,688012.SH,中微公司
202609,兴业证券,000333.SZ,美的集团
202609,兴业证券,000807.SZ,云铝股份
202609,兴业证券,001979.SZ,招商蛇口
202609,兴业证券,002078.SZ,太阳纸业
202609,兴业证券,300750.SZ,宁德时代
202609,兴业证券,600060.SH,海信视像
202609,兴业证券,600562.SH,国睿科技
202609,兴业证券,600660.SH,福耀玻璃
202609,兴业证券,601168.SH,西部矿业
202609,兴业证券,688072.SH,拓荆科技
202609,兴业证券,688777.SH,中控技术
202609,华安证券,002850.SZ,科达利
202609,华安证券,300818.SZ,耐普矿机
202609,华安证券,300827.SZ,上能电气
202609,华安证券,301033.SZ,迈普医学
202609,华安证券,600096.SH,云天化
202609,华安证券,600760.SH,中航沈飞
202609,华安证券,601899.SH,紫金矿业
202609,华安证券,688012.SH,中微公司
202609,华源证券,000776.SZ,广发证券
202609,华源证券,000962.SZ,东方钽业
202609,华源证券,002626.SZ,金达威
202609,华源证券,300037.SZ,新宙邦
202609,华源证券,300049.SZ,福瑞医科
202609,华源证券,300867.SZ,圣元环保
202609,华源证券,603269.SH,海鸥股份
202609,华源证券,688361.SH,中科飞测
202609,华源证券,688696.SH,极米科技
202609,华源证券,920119.BJ,美德乐
202609,华盘证券,301128.SZ,强瑞技术
202609,华鑫证券,000700.SZ,模塑科技
202609,华鑫证券,002025.SZ,航天电器
202609,华鑫证券,002241.SZ,歌尔股份
202609,华鑫证券,002365.SZ,永安药业
202609,华鑫证券,300033.SZ,同花顺
202609,华鑫证券,300394.SZ,天孚通信
202609,华鑫证券,300433.SZ,蓝思科技
202609,华鑫证券,688091.SH,上海谊众
202609,华鑫证券,688256.SH,寒武纪
202609,华龙证券,000977.SZ,浪潮信息
202609,华龙证券,002126.SZ,银轮股份
202609,华龙证券,002254.SZ,泰和新材
202609,华龙证券,002517.SZ,恺英网络
202609,华龙证券,300394.SZ,天孚通信
202609,华龙证券,600176.SH,中国巨石
202609,华龙证券,600547.SH,山东黄金
202609,国信证券,000333.SZ,美的集团
202609,国信证券,000893.SZ,亚钾国际
202609,国信证券,002627.SZ,三峡旅游
202609,国信证券,003816.SZ,中国广核
202609,国信证券,300438.SZ,鹏辉能源
202609,国信证券,300661.SZ,圣邦股份
202609,国信证券,300866.SZ,安克创新
202609,国信证券,600362.SH,江西铜业
202609,国元证券,000630.SZ,铜陵有色
202609,国元证券,002438.SZ,江苏神通
202609,国元证券,002558.SZ,巨人网络
202609,国元证券,600887.SH,伊利股份
202609,国元证券,603596.SH,伯特利
202609,国元证券,603605.SH,珀莱雅
202609,国元证券,688111.SH,金山办公
202609,国泰海通,000977.SZ,浪潮信息
202609,国泰海通,002281.SZ,光迅科技
202609,国泰海通,002371.SZ,北方华创
202609,国泰海通,002415.SZ,海康威视
202609,国泰海通,002517.SZ,恺英网络
202609,国泰海通,002653.SZ,海思科
202609,国泰海通,002957.SZ,科瑞技术
202609,国泰海通,002966.SZ,苏州银行
202609,国泰海通,003018.SZ,金富科技
202609,国泰海通,300138.SZ,晨光生物
202609,国泰海通,600026.SH,中远海能
202609,国泰海通,600030.SH,中信证券
202609,国泰海通,600276.SH,恒瑞医药
202609,国泰海通,600562.SH,国睿科技
202609,国泰海通,601899.SH,紫金矿业
202609,国泰海通,603083.SH,剑桥科技
202609,国泰海通,603198.SH,迎驾贡酒
202609,国泰海通,603979.SH,金诚信
202609,国泰海通,605016.SH,百龙创园
202609,国联民生,002493.SZ,荣盛石化
202609,国联民生,300037.SZ,新宙邦
202609,国联民生,600036.SH,招商银行
202609,国联民生,601699.SH,潞安环能
202609,国联民生,688052.SH,纳芯微
202609,国联民生,688256.SH,寒武纪
202609,国联民生,688313.SH,仕佳光子
202609,国金证券,000408.SZ,藏格矿业
202609,国金证券,600795.SH,国电电力
202609,国金证券,601138.SH,工业富联
202609,国金证券,601872.SH,招商轮船
202609,国金证券,603308.SH,应流股份
202609,国金证券,688428.SH,诺诚健华
202609,太平洋,002311.SZ,海大集团
202609,太平洋,300308.SZ,中际旭创
202609,太平洋,301603.SZ,乔锋智能
202609,太平洋,600096.SH,云天化
202609,太平洋,600179.SH,安通控股
202609,太平洋,603596.SH,伯特利
202609,太平洋,688200.SH,华峰测控
202609,山西证券,002025.SZ,航天电器
202609,山西证券,002293.SZ,罗莱生活
202609,山西证券,002956.SZ,西麦食品
202609,山西证券,300308.SZ,中际旭创
202609,山西证券,300394.SZ,天孚通信
202609,山西证券,300418.SZ,昆仑万维
202609,山西证券,300750.SZ,宁德时代
202609,山西证券,300761.SZ,立华股份
202609,山西证券,300857.SZ,协创数据
202609,山西证券,301275.SZ,汉朔科技
202609,山西证券,600060.SH,海信视像
202609,山西证券,600176.SH,中国巨石
202609,山西证券,600458.SH,时代新材
202609,山西证券,600985.SH,淮北矿业
202609,山西证券,603893.SH,瑞芯微
202609,山西证券,688319.SH,欧林生物
202609,山西证券,688789.SH,宏华数科
202609,平安证券,002142.SZ,宁波银行
202609,平安证券,002895.SZ,川恒股份
202609,平安证券,300260.SZ,新莱应材
202609,平安证券,300394.SZ,天孚通信
202609,平安证券,300750.SZ,宁德时代
202609,平安证券,600176.SH,中国巨石
202609,平安证券,601088.SH,中国神华
202609,平安证券,603259.SH,药明康德
202609,平安证券,603993.SH,洛阳钼业
202609,平安证券,688103.SH,国力电子
202609,开源证券,002966.SZ,苏州银行
202609,开源证券,300750.SZ,宁德时代
202609,开源证券,600246.SH,万通发展
202609,开源证券,601168.SH,西部矿业
202609,开源证券,601233.SH,桐昆股份
202609,开源证券,601688.SH,华泰证券
202609,开源证券,603259.SH,药明康德
202609,开源证券,688025.SH,杰普特
202609,开源证券,688169.SH,石头科技
202609,招商证券,002008.SZ,大族激光
202609,招商证券,002281.SZ,光迅科技
202609,招商证券,002475.SZ,立讯精密
202609,招商证券,300308.SZ,中际旭创
202609,招商证券,600176.SH,中国巨石
202609,招商证券,600183.SH,生益科技
202609,招商证券,600547.SH,山东黄金
202609,招商证券,601398.SH,工商银行
202609,招商证券,688072.SH,拓荆科技
202609,浙商证券,002541.SZ,鸿路钢构
202609,浙商证券,300382.SZ,斯莱克
202609,浙商证券,300684.SZ,中石科技
202609,浙商证券,600188.SH,兖矿能源
202609,浙商证券,601009.SH,南京银行
202609,浙商证券,601601.SH,中国太保
202609,浙商证券,603713.SH,密尔克卫
202609,浙商证券,688279.SH,峰岹科技
202609,爱建证券,002371.SZ,北方华创
202609,爱建证券,002745.SZ,木林森
202609,爱建证券,300816.SZ,艾可蓝
202609,爱建证券,301151.SZ,冠龙节能
202609,爱建证券,688003.SH,天准科技
202609,申万宏源,000977.SZ,浪潮信息
202609,申万宏源,002821.SZ,凯莱英
202609,申万宏源,600801.SH,华新建材
202609,申万宏源,601117.SH,中国化学
202609,申万宏源,601233.SH,桐昆股份
202609,申万宏源,601318.SH,中国平安
202609,申万宏源,603268.SH,松发股份
202609,西部证券,002975.SZ,博杰股份
202609,西部证券,300308.SZ,中际旭创
202609,西部证券,301580.SZ,爱迪特
202609,西部证券,600426.SH,华鲁恒升
202609,西部证券,600519.SH,贵州茅台
202609,西部证券,600885.SH,宏发股份
202609,西部证券,601899.SH,紫金矿业
202609,西部证券,603259.SH,药明康德
202609,西部证券,688702.SH,盛科通信
202609,财信证券,002906.SZ,华阳集团
202609,财信证券,300433.SZ,蓝思科技
202609,财信证券,301171.SZ,易点天下
202609,财信证券,600160.SH,巨化股份
202609,财信证券,600918.SH,中泰证券
202609,财信证券,600989.SH,宝丰能源
202609,财信证券,603338.SH,浙江鼎力
202609,财信证券,688192.SH,迪哲医药
202609,财信证券,688981.SH,中芯国际
202609,财信证券,920403.BJ,康农种业
202609,财通证券,000100.SZ,TCL科技
202609,财通证券,000338.SZ,潍柴动力
202609,财通证券,002250.SZ,联化科技
202609,财通证券,002468.SZ,申通快递
202609,财通证券,002714.SZ,牧原股份
202609,财通证券,600176.SH,中国巨石
202609,财通证券,600584.SH,长电科技
202609,财通证券,603317.SH,天味食品
202609,长江证券,000059.SZ,华锦股份
202609,长江证券,000333.SZ,美的集团
202609,长江证券,002384.SZ,东山精密
202609,长江证券,002832.SZ,比音勒芬
202609,长江证券,300308.SZ,中际旭创
202609,长江证券,300677.SZ,英科医疗
202609,长江证券,600309.SH,万华化学
202609,长江证券,600415.SH,小商品城
202609,长江证券,600483.SH,福能股份
202609,长江证券,601101.SH,昊华能源
202609,长江证券,601665.SH,齐鲁银行
202609,长江证券,603027.SH,千禾味业
202609,长江证券,603162.SH,海通发展
202609,长江证券,688710.SH,益诺思
